timestamp,poi,x,y,z,qw,qx,qy,qz,vx,vy,vz,roll,pitch,yaw,gimbal_pitch,radio_min,radio_max
928632100,0,-0.429862,-0.891178,0.433919,0.582863,0.0058737,-0.00915659,0.812498,-0.000334883,0.00120511,7.91784e-05,-0.00803402,-0.0202202,1.89709,0.020227,0,0
928670468,0,-0.429832,-0.891182,0.433903,0.583096,0.00586069,-0.00915928,0.812331,5.35056e-05,-0.00146,-0.000468128,-0.00804777,-0.0202045,1.89652,0.0202034,0,0
928700703,0,-0.429771,-0.891131,0.433915,0.582824,0.00584527,-0.00919063,0.812526,5.00755e-05,-0.00197696,-0.000272189,-0.00812348,-0.0202133,1.89719,0.0202034,0,0
928734716,0,-0.429768,-0.891135,0.433899,0.582893,0.00584844,-0.00917342,0.812476,0.000145302,-0.00086204,-4.71216e-05,-0.00809008,-0.020199,1.89702,0.0202257,0,0
928766241,0,-0.429726,-0.891123,0.433894,0.583074,0.00586314,-0.00915954,0.812346,2.28611e-05,-0.00132862,-0.000726513,-0.00804588,-0.0202085,1.89657,0.0202208,0,0
928797583,0,-0.429687,-0.891098,0.433891,0.582833,0.00585619,-0.00917468,0.812519,-0.000251251,-0.00180528,-3.33067e-05,-0.00808456,-0.0202125,1.89717,0.0202208,0,0
928832190,0,-0.429701,-0.891111,0.433887,0.582986,0.00582615,-0.00918775,0.81241,0.000291035,-0.000676072,0.000278244,-0.00813706,-0.0201805,1.89679,0.0201869,0,0
928867597,0,-0.429726,-0.891096,0.43382,0.583022,0.00585636,-0.00918269,0.812383,0.000523259,0.000451518,-0.00268848,-0.00809269,-0.020224,1.8967,0.0202373,0,0
928894408,0,-0.429748,-0.8911,0.433826,0.582798,0.00585722,-0.00917905,0.812544,0.000135175,-0.000243012,0.000887202,-0.00809134,-0.0202189,1.89725,0.0202373,0,0
928931823,0,-0.429706,-0.891072,0.433841,0.583047,0.00585495,-0.00917884,0.812366,0.000469428,-0.00145975,0.000471587,-0.00808747,-0.0202175,1.89664,0.0202204,0,0
928967150,0,-0.429698,-0.89105,0.433878,0.582915,0.00584727,-0.00921101,0.81246,0.000512083,-0.000375464,0.000954222,-0.00815199,-0.0202412,1.89697,0.0202343,0,0
928994656,0,-0.429714,-0.891047,0.43391,0.582883,0.00586059,-0.00918494,0.812483,0.000466696,-4.17848e-06,0.00127778,-0.00809487,-0.0202321,1.89704,0.0202343,0,0
929033159,0,-0.429698,-0.890996,0.43394,0.583013,0.00585389,-0.00919039,0.81239,0.000867404,-0.00101426,0.000797876,-0.00810833,-0.0202289,1.89673,0.0202289,0,0
929066414,0,-0.429711,-0.890968,0.433969,0.582907,0.00583833,-0.00919955,0.812466,0.000964966,-0.000828379,0.000928817,-0.00814399,-0.0202132,1.89699,0.0202054,0,0
929093933,0,-0.429702,-0.890933,0.434005,0.582949,0.00582665,-0.00919652,0.812436,0.00100126,-0.000638877,0.00138841,-0.00815162,-0.0201911,1.89688,0.0202054,0,0
929132823,0,-0.429705,-0.890896,0.433926,0.583004,0.00583072,-0.00920747,0.812396,0.000534329,-0.00057217,-0.0016477,-0.00816332,-0.0202111,1.89675,0.0202024,0,0
929165489,0,-0.429562,-0.890818,0.433868,0.582909,0.00582199,-0.009183,0.812465,0.00147891,-0.00376215,-0.00136954,-0.00813608,-0.0201674,1.89698,0.0201801,0,0
929195085,0,-0.429509,-0.890748,0.433966,0.582945,0.00584215,-0.00920917,0.812438,0.00172606,-0.00222807,0.00170847,-0.00815422,-0.020231,1.89689,0.0201801,0,0
929229700,0,-0.429448,-0.890778,0.434057,0.582943,0.00582597,-0.00921249,0.81244,-0.000935703,-0.00258874,0.00268408,-0.00817853,-0.0202086,1.8969,0.0202169,0,0
929262979,0,-0.429469,-0.890719,0.433961,0.582978,0.00582335,-0.00920221,0.812415,0.00198886,9.49102e-05,-0.0013394,-0.008164,-0.0201927,1.89681,0.0202202,0,0
929295623,0,-0.429454,-0.890667,0.433909,0.582915,0.00585347,-0.00921513,0.81246,0.00101635,-0.00145908,-0.00158053,-0.00815146,-0.0202561,1.89697,0.0202202,0,0
929331889,0,-0.42944,-0.890639,0.433861,0.582958,0.00582785,-0.00920902,0.812429,0.000701722,-0.00140251,-0.0012626,-0.00817034,-0.0202077,1.89686,0.0202077,0,0
929362502,0,-0.429434,-0.890679,0.433815,0.582976,0.00582423,-0.00923029,0.812416,-0.00110516,-0.000324036,-0.0015095,-0.00820867,-0.0202269,1.89682,0.020257,0,0
929393687,0,-0.429419,-0.890717,0.43376,0.58288,0.00584544,-0.0092225,0.812485,-0.00175821,-0.000212301,-0.00135532,-0.00817365,-0.0202513,1.89705,0.020257,0,0
929434456,0,-0.429433,-0.890728,0.433742,0.58297,0.00582888,-0.00920505,0.812421,-0.000351457,-0.000311887,-0.00048295,-0.00816237,-0.0202049,1.89683,0.0202034,0,0
929465195,0,-0.429438,-0.890713,0.433883,0.582956,0.00583948,-0.00922928,0.81243,0.000200261,-5.40435e-05,0.00260605,-0.00818974,-0.0202502,1.89687,0.0202502,0,0
929494211,0,-0.429266,-0.890708,0.433899,0.582862,0.00582513,-0.00922752,0.812498,-0.0011461,-0.00353564,0.00102361,-0.00820597,-0.0202239,1.8971,0.0202502,0,0
929531945,0,-0.429173,-0.890707,0.433843,0.582976,0.00583364,-0.00920712,0.812416,-0.0011738,-0.00378588,-0.00076952,-0.00816005,-0.0202151,1.89682,0.0202151,0,0
929565231,0,-0.429073,-0.890734,0.433748,0.582901,0.00583519,-0.00919858,0.81247,-0.00222347,-0.00249232,-0.00330941,-0.00814621,-0.0202069,1.897,0.0202098,0,0
929594268,0,-0.428991,-0.89077,0.433654,0.58286,0.0058161,-0.00919957,0.8125,-0.0020199,-0.00303083,-0.00324172,-0.0081711,-0.0201767,1.8971,0.0202098,0,0
929631968,0,-0.428866,-0.890765,0.433592,0.582949,0.00581098,-0.00922889,0.812436,-0.00105089,-0.00382181,-0.00123637,-0.00822253,-0.0202034,1.89688,0.0201904,0,0
929666863,0,-0.428708,-0.890758,0.433536,0.582867,0.00581275,-0.00920671,0.812495,-0.00123049,-0.00528065,-0.00181857,-0.00818644,-0.0201796,1.89708,0.0201909,0,0
929694046,0,-0.428558,-0.890737,0.433488,0.58288,0.00583165,-0.00919626,0.812486,-0.00102611,-0.00596046,-0.00178878,-0.00814711,-0.0201983,1.89705,0.0201909,0,0
929735660,0,-0.428441,-0.890732,0.433433,0.582929,0.00583427,-0.00919946,0.81245,-0.00128526,-0.00443205,-0.00143256,-0.00814803,-0.0202068,1.89693,0.02021,0,0
929767163,0,-0.428273,-0.890747,0.433374,0.582882,0.00582308,-0.00921543,0.812483,-0.00164782,-0.00467225,-0.00155624,-0.00818819,-0.0202067,1.89705,0.02023,0,0
929794402,0,-0.428141,-0.890754,0.433377,0.582882,0.00584535,-0.00921496,0.812484,-0.00192868,-0.00437309,-0.000331012,-0.00816147,-0.0202423,1.89705,0.02023,0,0
929828767,0,-0.428056,-0.890732,0.433375,0.582917,0.0058356,-0.0092071,0.812459,-0.000306714,-0.00397302,0.00015042,-0.0081592,-0.0202177,1.89696,0.0202308,0,0
929863014,0,-0.427987,-0.890709,0.43338,0.582894,0.00583478,-0.00923065,0.812475,0.000302486,-0.00175291,0.000183276,-0.008199,-0.0202436,1.89702,0.0202434,0,0
929893752,0,-0.427949,-0.890692,0.433377,0.582882,0.00584632,-0.00922301,0.812484,-0.000171556,-0.00126561,-0.000120214,-0.00817343,-0.0202533,1.89705,0.0202434,0,0
929933548,0,-0.42793,-0.890698,0.433367,0.582916,0.00585028,-0.00919473,0.812459,-0.000133005,-0.00134147,-0.000149276,-0.00812199,-0.0202271,1.89696,0.020223,0,0
929965262,0,-0.427923,-0.890729,0.43355,0.582893,0.00585805,-0.00921461,0.812476,-0.00133529,-0.000144147,0.00309354,-0.00814582,-0.0202627,1.89702,0.0202653,0,0
929995634,0,-0.427949,-0.890761,0.433548,0.582857,0.00583717,-0.00924405,0.812501,-0.00154067,-0.000579047,-0.000449257,-0.0082189,-0.0202627,1.89711,0.0202653,0,0
930032121,0,-0.42793,-0.890771,0.433518,0.582926,0.00582295,-0.00924415,0.812452,-0.000261147,-0.000266584,-0.000539248,-0.00823395,-0.0202404,1.89694,0.0202426,0,0
930065869,0,-0.427928,-0.890744,0.433492,0.58288,0.00585303,-0.0092225,0.812484,0.000979484,-0.00114859,-0.000669763,-0.00816481,-0.0202636,1.89705,0.0202699,0,0
930094652,0,-0.427885,-0.890696,0.433474,0.582868,0.00585897,-0.00921042,0.812493,0.000849502,-0.00274646,-0.000707436,-0.00813854,-0.0202591,1.89708,0.0202699,0,0
930133307,0,-0.427999,-0.890812,0.433541,0.582941,0.00583243,-0.00924096,0.812441,-0.00161838,0.00254313,0.00189573,-0.00821732,-0.0202523,1.8969,0.0202608,0,0
930164811,0,-0.428018,-0.890894,0.433547,0.582876,0.00582231,-0.00925131,0.812488,-0.00179672,0.000938727,0.000498681,-0.00824758,-0.0202472,1.89706,0.0202608,0,0
930195252,0,-0.428134,-0.890948,0.43356,0.58287,0.00583175,-0.00921672,0.812492,-0.00024908,0.00395573,0.000315979,-0.00818049,-0.0202222,1.89708,0.02025,0,0
930229580,0,-0.428343,-0.890967,0.43363,0.582939,0.00585536,-0.00919558,0.812443,0.000706572,0.00434264,0.00221194,-0.00811688,-0.0202366,1.89691,0.0202399,0,0
930264724,0,-0.428415,-0.891014,0.433851,0.582864,0.00584952,-0.00920149,0.812497,-0.000317695,0.00152938,0.00489821,-0.00813517,-0.0202332,1.89709,0.0202399,0,0
930293417,0,-0.428476,-0.891067,0.433972,0.582887,0.00582605,-0.0092297,0.81248,-0.000764237,0.00215743,0.00431346,-0.00820781,-0.0202282,1.89704,0.0202297,0,0
930332710,0,-0.428575,-0.891127,0.434125,0.58293,0.00582187,-0.00923404,0.812449,-0.000621812,0.00323754,0.00442613,-0.00821867,-0.0202269,1.89693,0.0202302,0,0
930364943,0,-0.42875,-0.891202,0.434247,0.58288,0.00585988,-0.00919018,0.812485,-0.000394969,0.00505531,0.0041723,-0.0081043,-0.0202371,1.89705,0.0202457,0,0
930395129,0,-0.428837,-0.891206,0.434165,0.582895,0.00587152,-0.00917764,0.812475,8.08179e-05,0.00150694,-0.0007692,-0.00806998,-0.0202415,1.89702,0.0202457,0,0
930426786,0,-0.428771,-0.89126,0.434033,0.582927,0.00581861,-0.00922654,0.812452,-0.00196025,-0.00156326,-0.00197564,-0.00821035,-0.0202128,1.89694,0.0202203,0,0
930460248,0,-0.428645,-0.891274,0.433968,0.582888,0.0058032,-0.00924891,0.812479,-0.00175452,-0.00138349,-0.00223474,-0.00826566,-0.0202135,1.89703,0.0202203,0,0
930498353,0,-0.428613,-0.891272,0.433898,0.582893,0.00587018,-0.00918151,0.812476,-0.000749176,-0.000361926,-0.00195152,-0.0080779,-0.0202438,1.89702,0.0202207,0,0
930531896,0,-0.428479,-0.891263,0.433833,0.582912,0.00587009,-0.00915563,0.812463,-0.00114441,-0.00484164,-0.00175002,-0.00803545,-0.0202137,1.89697,0.0202238,0,0
930562790,0,-0.428337,-0.891247,0.433822,0.582874,0.00577979,-0.00924798,0.812489,-0.000570464,-0.00346086,0.000177303,-0.00829177,-0.0201742,1.89707,0.0202238,0,0
930600110,0,-0.428397,-0.89128,0.433823,0.582883,0.00578348,-0.00927163,0.812483,-0.000396908,0.00235609,-0.000124572,-0.00832568,-0.0202079,1.89705,0.020179,0,0
930629699,0,-0.428584,-0.891357,0.433763,0.582901,0.00587317,-0.00914168,0.812471,-0.000571141,0.00475258,-0.00151301,-0.00800947,-0.0202023,1.897,0.0202066,0,0
930660743,0,-0.428549,-0.891359,0.43372,0.58286,0.00584722,-0.00912563,0.812501,-0.000321188,-0.00365195,-0.00129031,-0.00801465,-0.020141,1.8971,0.0202066,0,0
930698751,0,-0.428326,-0.891305,0.433691,0.582868,0.00575559,-0.00928772,0.812493,-0.000200037,-0.00506455,-0.000812711,-0.00838473,-0.0201812,1.89708,0.0201495,0,0
930730312,0,-0.428386,-0.891304,0.433658,0.582885,0.00579574,-0.00925038,0.812482,0.000405909,0.00308193,-0.00105691,-0.0082768,-0.020203,1.89704,0.0202101,0,0
930759372,0,-0.428453,-0.891305,0.43371,0.582827,0.00587662,-0.00910795,0.812524,0.000381174,0.000511082,0.000531494,-0.00795244,-0.0201679,1.89718,0.0202101,0,0
930806694,0,-0.428384,-0.891268,0.433727,0.582856,0.00583443,-0.00917313,0.812503,0.000464853,-0.00441617,0.000642621,-0.00810685,-0.0201756,1.89711,0.020159,0,0
930830669,0,-0.428268,-0.891196,0.433756,0.582869,0.00574831,-0.00931633,0.812493,0.00082735,-0.0017982,0.000718666,-0.0084397,-0.0202027,1.89708,0.020194,0,0
930859538,0,-0.428308,-0.891183,0.433767,0.58283,0.00580968,-0.00921489,0.812521,0.000771143,0.00145027,0.000250551,-0.00820424,-0.0201838,1.89718,0.020194,0,0
930897962,0,-0.428351,-0.891168,0.433782,0.582853,0.00586603,-0.0091098,0.812505,0.000876821,-0.0018338,0.000296687,-0.00796715,-0.0201531,1.89712,0.0201546,0,0
930931299,0,-0.428258,-0.8911,0.433947,0.582863,0.00579657,-0.00923389,0.812497,0.00102586,-0.0033323,0.00437576,-0.00824957,-0.020185,1.89709,0.0201726,0,0
930960510,0,-0.428384,-0.891125,0.434065,0.582835,0.00576602,-0.0092717,0.812517,0.000489306,0.00304236,0.00414374,-0.00834734,-0.0201791,1.89716,0.0201726,0,0
930999327,0,-0.428355,-0.891089,0.4342,0.582865,0.00580739,-0.00917044,0.812496,0.000978283,-0.000773846,0.00379086,-0.00813379,-0.0201286,1.89709,0.0201482,0,0
931030345,0,-0.428388,-0.891144,0.434192,0.582871,0.00586111,-0.00917032,0.812492,-0.00147934,0.000335705,0.000615054,-0.00807082,-0.0202158,1.89707,0.0201961,0,0
931059372,0,-0.428247,-0.891099,0.43413,0.582845,0.00581673,-0.00919265,0.812511,-0.000222899,-0.00472973,-0.00110343,-0.0081595,-0.0201694,1.89714,0.0201961,0,0
931097944,0,-0.428081,-0.891041,0.43409,0.58287,0.00575487,-0.00926012,0.812492,0.000635241,-0.00485893,-0.00137855,-0.00834065,-0.0201478,1.89708,0.0201268,0,0
931130729,0,-0.428142,-0.891029,0.434048,0.582879,0.00582665,-0.00924221,0.812485,0.000614138,0.000297911,-0.00132851,-0.00822763,-0.0202437,1.89705,0.0202437,0,0
931160143,0,-0.428099,-0.891086,0.433998,0.582835,0.0058355,-0.00913654,0.812518,-0.0016233,-0.00207002,-0.0011877,-0.00804667,-0.0201344,1.89716,0.0202437,0,0
931198388,0,-0.428105,-0.891092,0.434012,0.582868,0.00577645,-0.00923091,0.812494,0.000331765,0.000235771,0.0011728,-0.00826807,-0.0201488,1.89708,0.0201,0,0
931230414,0,-0.428105,-0.891092,0.434012,0.582868,0.00577645,-0.00923091,0.812494,0.000331765,0.000235771,0.0011728,-0.00826807,-0.0201488,1.89708,0.0201,0,0
931260391,0,-0.428105,-0.891092,0.434012,0.582868,0.00577645,-0.00923091,0.812494,0.000331765,0.000235771,0.0011728,-0.00826807,-0.0201488,1.89708,0.0202627,0,0
931299071,0,-0.428324,-0.89108,0.43399,0.582848,0.00581423,-0.00912964,0.812509,0.00238543,0.00107178,-0.000579365,-0.00805993,-0.020092,1.89713,0.020092,0,0
931331155,0,-0.428356,-0.890942,0.43398,0.582867,0.0058599,-0.0092289,0.812494,0.00266558,-0.000472927,-0.000303585,-0.00816755,-0.0202821,1.89709,0.0202608,0,0
931360671,0,-0.428122,-0.890799,0.43392,0.582848,0.00574547,-0.0092113,0.812509,0.00190181,-0.00613017,-0.00202788,-0.00827282,-0.0200754,1.89713,0.0202608,0,0
931399341,0,-0.428058,-0.890603,0.433874,0.582857,0.00577174,-0.00923174,0.812502,0.00640756,-0.00331319,-0.00141882,-0.00827518,-0.020142,1.89711,0.0200986,0,0
931430767,0,-0.428091,-0.890439,0.433804,0.582864,0.00588272,-0.00917513,0.812496,0.00241324,-0.00224661,-0.00184156,-0.0080536,-0.0202565,1.89709,0.0201504,0,0
931460592,0,-0.427765,-0.890252,0.433748,0.58285,0.00573679,-0.00915038,0.812508,0.00394518,-0.0120574,-0.00186819,-0.00818385,-0.0199903,1.89713,0.0201504,0,0
931500130,0,-0.427521,-0.889942,0.43372,0.58284,0.00582192,-0.00930237,0.812513,0.00696896,-0.00915764,-0.00125764,-0.00833191,-0.0203058,1.89715,0.020258,0,0
931530791,0,-0.427337,-0.889787,0.433749,0.582857,0.00577315,-0.0091628,0.812502,0.00133268,-0.00765172,0.000191556,-0.00816147,-0.020064,1.89711,0.0199507,0,0
931560090,0,-0.427129,-0.889598,0.433872,0.582821,0.00581335,-0.00915583,0.812528,0.00621533,-0.00793397,0.00314887,-0.00810418,-0.0201208,1.8972,0.0199507,0,0
931598826,0,-0.427066,-0.889382,0.433944,0.582817,0.00586172,-0.00922074,0.81253,0.0017091,-0.00639269,0.00202518,-0.0081534,-0.020275,1.89721,0.0203578,0,0
931630757,0,-0.426839,-0.889336,0.434011,0.582846,0.00565575,-0.00919284,0.812511,0.0020362,-0.00669775,0.00222511,-0.00834746,-0.019908,1.89714,0.0199748,0,0
931660208,0,-0.426754,-0.889114,0.434072,0.582814,0.00586133,-0.00925598,0.812532,0.00631279,-0.00454597,0.00165943,-0.00821122,-0.0203155,1.89722,0.0199748,0,0
931698382,0,-0.426403,-0.888744,0.434155,0.582839,0.00578715,-0.00916554,0.812515,0.00727155,-0.00764369,0.00150961,-0.00815006,-0.0200897,1.89715,0.0201387,0,0
931730685,0,-0.426403,-0.888744,0.434155,0.582839,0.00578715,-0.00916554,0.812515,0.00727155,-0.00764369,0.00150961,-0.00815006,-0.0200897,1.89715,0.0202714,0,0
931760541,0,-0.426284,-0.88854,0.434223,0.582814,0.00584397,-0.00926813,0.812532,0.00169974,-0.00682698,0.00165007,-0.00825119,-0.0203014,1.89722,0.0202714,0,0
931798878,0,-0.42611,-0.888484,0.434283,0.582832,0.0056863,-0.00909124,0.812522,0.00299873,-0.00410985,0.00200005,-0.00814705,-0.0198391,1.89717,0.0198259,0,0
931831501,0,-0.42605,-0.888283,0.434349,0.582819,0.00593084,-0.00914357,0.812529,0.0050655,-0.00578467,0.00233676,-0.00794734,-0.0202974,1.8972,0.0202964,0,0
931862749,0,-0.425833,-0.88814,0.434407,0.582832,0.00570422,-0.00916003,0.812521,0.000438181,-0.0079087,0.00141828,-0.00823798,-0.0199484,1.89717,0.0202964,0,0
931898071,0,-0.425648,-0.887792,0.434328,0.582825,0.00583227,-0.00921843,0.812525,0.00136394,-0.00417899,-0.00248695,-0.00818378,-0.0202246,1.89719,0.0200495,0,0
931931727,0,-0.425648,-0.887792,0.434328,0.582825,0.00583227,-0.00921843,0.812525,0.00136394,-0.00417899,-0.00248695,-0.00818378,-0.0202246,1.89719,0.0200298,0,0
931960707,0,-0.425525,-0.887716,0.434244,0.582833,0.00574697,-0.0090911,0.812521,0.00400526,-0.005154,-0.00250459,-0.00807606,-0.0199376,1.89717,0.0200298,0,0
931998112,0,-0.425365,-0.887365,0.434222,0.582834,0.0058046,-0.00924021,0.812518,0.00633012,-0.0082892,-0.000765462,-0.00825123,-0.0202051,1.89717,0.0201824,0,0
932031774,0,-0.425106,-0.88715,0.434194,0.582877,0.00572932,-0.00921013,0.812488,0.00249808,-0.00711802,-0.000518185,-0.00828901,-0.0200481,1.89706,0.0199658,0,0
932062524,0,-0.424951,-0.886966,0.434125,0.582792,0.00570695,-0.00917832,0.81255,0.00574189,-0.00725276,-0.00176748,-0.00826551,-0.0199738,1.89727,0.0199658,0,0
932098734,0,-0.424865,-0.88668,0.434066,0.58291,0.00586051,-0.00919552,0.812464,0.00524067,-0.00661095,-0.00204021,-0.0081115,-0.0202446,1.89698,0.0202449,0,0
932130798,0,-0.424707,-0.8865,0.434018,0.582805,0.00567274,-0.00914871,0.812541,0.00384395,-0.00799596,-0.00139711,-0.00825692,-0.0198838,1.89724,0.0198772,0,0
932160326,0,-0.424573,-0.886191,0.433883,0.582852,0.00575946,-0.00926541,0.812505,0.00885555,-0.00547928,-0.00270594,-0.00834437,-0.0201613,1.89712,0.0198772,0,0
932198701,0,-0.424379,-0.885906,0.433759,0.582895,0.00573245,-0.00917018,0.812475,0.00328403,-0.00711175,-0.00367372,-0.00822,-0.0200068,1.89702,0.0200787,0,0
932231167,0,-0.424274,-0.885731,0.433699,0.582809,0.00574042,-0.00911589,0.812538,0.00731233,-0.00682957,-0.00234751,-0.00812457,-0.0199556,1.89723,0.0201223,0,0
932259310,0,-0.424273,-0.88548,0.43364,0.582891,0.00576861,-0.0092654,0.812477,0.0047644,-0.00497077,-0.00236995,-0.00833269,-0.0201765,1.89703,0.0201223,0,0
932298628,0,-0.424212,-0.885307,0.433578,0.582838,0.00574037,-0.00914425,0.812517,0.00475406,-0.003389,-0.00154533,-0.00817001,-0.0199889,1.89716,0.0200033,0,0
932331083,0,-0.424088,-0.885093,0.433534,0.582842,0.00576282,-0.0091696,0.812513,0.00650384,-0.00626807,-0.00142856,-0.00818495,-0.0200549,1.89715,0.0201519,0,0
932360990,0,-0.423994,-0.88493,0.433424,0.582873,0.00583379,-0.00912298,0.812491,0.0024748,-0.00606466,-0.00253531,-0.00802568,-0.0201162,1.89707,0.0201519,0,0
932398136,0,-0.423786,-0.884766,0.433315,0.582824,0.00569495,-0.00916711,0.812527,0.00404448,-0.0067378,-0.00343417,-0.00826047,-0.0199415,1.89719,0.0199107,0,0
932431662,0,-0.423809,-0.884628,0.433184,0.582863,0.00576603,-0.0092478,0.812497,0.00204904,-0.00256752,-0.00376826,-0.0083078,-0.0201515,1.8971,0.0200446,0,0
932459715,0,-0.42371,-0.884617,0.433111,0.582866,0.00570269,-0.00916573,0.812497,0.000395055,-0.00269505,-0.00357819,-0.00824818,-0.0199529,1.89709,0.0200446,0,0
932501602,0,-0.423586,-0.884509,0.433006,0.582883,0.00573657,-0.00919729,0.812484,0.00100777,-0.00383037,-0.00170921,-0.00825956,-0.020045,1.89705,0.0200901,0,0
932530823,0,-0.423586,-0.884509,0.433006,0.582883,0.00573657,-0.00919729,0.812484,0.00100777,-0.00383037,-0.00170921,-0.00825956,-0.020045,1.89705,0.020015,0,0
932559327,0,-0.423556,-0.884427,0.432959,0.582837,0.00569709,-0.00919947,0.812517,0.00159824,-0.00169669,-0.00143855,-0.00831025,-0.0199829,1.89716,0.020015,0,0
932598373,0,-0.423678,-0.884362,0.432964,0.582851,0.00581291,-0.00920259,0.812506,0.00245605,0.00200714,-0.000239652,-0.00817996,-0.0201749,1.89713,0.0201616,0,0
932631274,0,-0.423663,-0.884343,0.43295,0.582815,0.00570192,-0.00917021,0.812533,0.000287672,-0.000929581,-0.000360892,-0.00825762,-0.0199564,1.89721,0.0199729,0,0
932661093,0,-0.423522,-0.884278,0.432915,0.582682,0.0057823,-0.0092035,0.812627,0.000631086,-0.00331447,-0.00119803,-0.0082213,-0.0201245,1.89754,0.0199729,0,0
932699563,0,-0.423503,-0.884247,0.432869,0.58282,0.00574849,-0.00918677,0.812529,0.00130776,-0.00193785,-0.000766634,-0.0082301,-0.0200514,1.8972,0.0200615,0,0
932731074,0,-0.423405,-0.884204,0.432844,0.582951,0.00572448,-0.00912456,0.812436,0.00114971,-0.0019832,-0.00185233,-0.00815377,-0.0199412,1.89688,0.020088,0,0
932760383,0,-0.423394,-0.884117,0.432806,0.58265,0.00576042,-0.00916961,0.812651,0.0015547,-0.00250393,-0.000203454,-0.00819251,-0.0200491,1.89762,0.020088,0,0
932797581,0,-0.423406,-0.884017,0.432778,0.582726,0.0057349,-0.00913918,0.812597,0.00396598,0.00120451,0.000175181,-0.00817091,-0.0199729,1.89743,0.0198915,0,0
932832333,0,-0.423406,-0.884017,0.432778,0.582726,0.0057349,-0.00913918,0.812597,0.00396598,0.00120451,0.000175181,-0.00817091,-0.0199729,1.89743,0.0200815,0,0
932865291,0,-0.42317,-0.883826,0.432746,0.58282,0.00573492,-0.00915317,0.81253,0.00298687,-0.00615573,-0.000296656,-0.00819132,-0.0199902,1.8972,0.0200815,0,0
932902197,0,-0.42317,-0.883826,0.432746,0.58282,0.00573492,-0.00915317,0.81253,0.00298687,-0.00615573,-0.000296656,-0.00819132,-0.0199902,1.8972,0.0199086,0,0
932931296,0,-0.422986,-0.883508,0.432717,0.582737,0.00577929,-0.00916014,0.812589,0.00275521,-0.00462759,0.000103782,-0.00815297,-0.0200696,1.89741,0.0200736,0,0
932961908,0,-0.422868,-0.883299,0.432663,0.582752,0.00578758,-0.0089678,0.81258,0.0045526,-0.00621976,-0.00102195,-0.00783031,-0.019859,1.89737,0.0200736,0,0
932997669,0,-0.422729,-0.883018,0.432666,0.582894,0.0056622,-0.00932364,0.812475,0.00647644,-0.00781994,-0.000183351,-0.00855136,-0.0200715,1.89702,0.0199567,0,0
933031494,0,-0.422558,-0.882771,0.432666,0.582858,0.00567848,-0.00913098,0.812503,0.00384468,-0.00635195,-0.00100739,-0.00822013,-0.019873,1.89711,0.0200336,0,0
933059340,0,-0.422558,-0.882771,0.432666,0.582858,0.00567848,-0.00913098,0.812503,0.00384468,-0.00635195,-0.00100739,-0.00822013,-0.019873,1.89711,0.0200336,0,0
933097356,0,-0.422522,-0.882587,0.43268,0.582706,0.00571824,-0.00916133,0.812612,0.00246838,-0.00174528,-0.00117379,-0.00822683,-0.0199715,1.89748,0.0198779,0,0
933131271,0,-0.422425,-0.882441,0.432647,0.582774,0.00569792,-0.00913077,0.812563,0.00199949,0.00402395,0.00228509,-0.00819918,-0.0199035,1.89732,0.0198797,0,0
933159737,0,-0.422425,-0.882441,0.432647,0.582774,0.00569792,-0.00913077,0.812563,0.00199949,0.00402395,0.00228509,-0.00819918,-0.0199035,1.89732,0.0198797,0,0
933197487,0,-0.422154,-0.88218,0.432593,0.58274,0.0057001,-0.00916693,0.812587,0.00204324,0.00518531,-0.00164911,-0.00825624,-0.0199488,1.8974,0.0198577,0,0
933231538,0,-0.422154,-0.88218,0.432593,0.58274,0.0057001,-0.00916693,0.812587,0.00204324,0.00518531,-0.00164911,-0.00825624,-0.0199488,1.8974,0.0199503,0,0
933260261,0,-0.421797,-0.881991,0.432534,0.582746,0.0057961,-0.00901197,0.812584,0.00138176,-0.00325019,-0.00070357,-0.00789229,-0.0199243,1.89738,0.0199503,0,0
933297802,0,-0.421487,-0.881863,0.432491,0.582821,0.00571656,-0.00900318,0.812531,0.000550633,-0.0126381,-0.000373341,-0.00796891,-0.0197855,1.8972,0.0198899,0,0
933331436,0,-0.421487,-0.881863,0.432491,0.582821,0.00571656,-0.00900318,0.812531,0.000550633,-0.0126381,-0.000373341,-0.00796891,-0.0197855,1.8972,0.0198758,0,0
933361240,0,-0.421464,-0.881804,0.432461,0.582876,0.00565881,-0.00919263,0.81249,-0.00102142,-2.90073e-05,0.00283653,-0.00834282,-0.0199131,1.89706,0.0198758,0,0
933398691,0,-0.421297,-0.881759,0.432519,0.582855,0.00559341,-0.00919248,0.812505,-0.00164444,-0.00167396,0.0018479,-0.00841931,-0.0198064,1.89712,0.0197374,0,0
933431345,0,-0.421292,-0.881791,0.432535,0.582827,0.00559608,-0.00920674,0.812525,-0.000717781,-0.00352903,0.00521216,-0.00844007,-0.0198271,1.89719,0.019647,0,0
933459317,0,-0.421292,-0.881791,0.432535,0.582827,0.00559608,-0.00920674,0.812525,-0.000717781,-0.00352903,0.00521216,-0.00844007,-0.0198271,1.89719,0.019647,0,0
933497535,0,-0.421097,-0.881792,0.432495,0.582898,0.00557039,-0.00913057,0.812475,-0.00206831,-0.0014092,0.00148492,-0.0083445,-0.0196973,1.89701,0.0196751,0,0
933531966,0,-0.421442,-0.881632,0.432539,0.58097,0.00568721,-0.00961526,0.813848,0.00699665,-0.0018746,-0.00152437,-0.00904455,-0.0204308,1.90176,0.0202019,0,0
933560600,0,-0.421442,-0.881632,0.432539,0.58097,0.00568721,-0.00961526,0.813848,0.00699665,-0.0018746,-0.00152437,-0.00904455,-0.0204308,1.90176,0.0202019,0,0
933598328,0,-0.42121,-0.881638,0.432529,0.580253,0.00535212,-0.00939749,0.814365,-0.00313218,-0.00307523,0.000491532,-0.00909668,-0.0196243,1.90352,0.0198253,0,0
933631915,0,-0.421373,-0.881534,0.432533,0.579787,0.00575211,-0.00930639,0.814694,0.00339778,-0.00183922,-0.000313463,-0.00849555,-0.0201652,1.90466,0.0201652,0,0
933660076,0,-0.421373,-0.881534,0.432533,0.579787,0.00575211,-0.00930639,0.814694,0.00339778,-0.00183922,-0.000313463,-0.00849555,-0.0201652,1.90466,0.0201652,0,0
933697232,0,-0.4214,-0.881515,0.432536,0.578274,0.00552651,-0.00956575,0.815768,-0.00385488,-0.00774749,-0.000536248,-0.00921717,-0.0200813,1.90837,0.0199969,0,0
933731444,0,-0.421275,-0.881429,0.432484,0.576274,0.00549496,-0.00983729,0.817179,-0.00348191,-0.00897781,-0.00296449,-0.00974662,-0.0203201,1.91328,0.0197553,0,0
933759652,0,-0.42143,-0.881477,0.432368,0.571727,0.00490673,-0.0112132,0.820353,-0.00569101,0.00609479,0.0115527,-0.01279,-0.0208737,1.9244,0.0197553,0,0
933799493,0,-0.421517,-0.881297,0.432329,0.560103,0.00227294,-0.0140136,0.828301,-0.0203424,0.023578,-0.00174378,-0.0206741,-0.0194647,1.95264,0.0184075,0,0
933831078,0,-0.421165,-0.88078,0.431379,0.5413,0.00275383,-0.00829829,0.840784,0.0190019,0.0385505,0.0181023,-0.0109741,-0.0136149,1.99765,0.0166594,0,0
933860920,0,-0.421165,-0.88078,0.431379,0.5413,0.00275383,-0.00829829,0.840784,0.0190019,0.0385505,0.0181023,-0.0109741,-0.0136149,1.99765,0.0166594,0,0
933895730,0,-0.421039,-0.88054,0.432514,0.521691,0.00524256,-0.0108507,0.85305,-0.0048287,0.0169532,-0.00433956,-0.0130455,-0.0202672,2.04397,0.0206325,0,0
933931964,0,-0.421068,-0.8808,0.431515,0.512228,0.00497061,-0.00696823,0.858807,-0.00473914,0.0525986,0.004746,-0.00687744,-0.0156769,2.06605,0.0195888,0,0
933964986,0,-0.421419,-0.881502,0.432101,0.503602,0.00679083,-0.00841138,0.863868,0.00943653,0.0252138,0.0115476,-0.00769454,-0.0202061,2.08608,0.0195888,0,0
933997601,0,-0.422414,-0.8821,0.431647,0.498172,0.00662025,-0.00961839,0.867,0.00922739,0.024705,0.019485,-0.0100846,-0.0210643,2.09864,0.0207977,0,0
934030619,0,-0.422998,-0.88235,0.431632,0.498994,0.00684786,-0.00890175,0.866533,-0.000918884,-0.00297548,-0.0160085,-0.0085952,-0.0207531,2.09674,0.0207964,0,0
934059759,0,-0.423289,-0.882356,0.431656,0.499295,0.00674364,-0.00972388,0.866351,-0.000759689,0.00812717,-0.0155824,-0.010117,-0.0213965,2.09605,0.0207964,0,0
934097096,0,-0.423264,-0.882322,0.431515,0.499756,0.00608103,-0.0103993,0.866082,0.00431367,0.00976313,0.00303832,-0.0119381,-0.0209291,2.095,0.0208368,0,0
934134753,0,-0.423542,-0.882273,0.431308,0.499628,0.00613109,-0.0105339,0.866154,0.00729982,0.0109681,0.00522113,-0.0121244,-0.0211486,2.0953,0.0210614,0,0
934160834,0,-0.423542,-0.882273,0.431308,0.499628,0.00613109,-0.0105339,0.866154,0.00729982,0.0109681,0.00522113,-0.0121244,-0.0211486,2.0953,0.0210614,0,0
934197522,0,-0.423977,-0.882303,0.43125,0.500109,0.00622609,-0.0102554,0.865879,0.00392716,0.0143325,-0.00425869,-0.0115352,-0.0210413,2.09418,0.0210141,0,0
934228385,0,-0.424512,-0.882382,0.431174,0.500813,0.00639701,-0.0103376,0.86547,-0.00151035,0.0164981,-0.00718863,-0.0114893,-0.0214289,2.09256,0.021292,0,0
934259934,0,-0.425176,-0.882401,0.431123,0.5015,0.00646191,-0.0107028,0.865068,0.0101741,0.0146958,0.00236069,-0.0120392,-0.0219166,2.09097,0.021292,0,0
934297822,0,-0.425681,-0.882352,0.431067,0.503604,0.00665553,-0.00972546,0.863854,0.00928149,0.0104639,0.00058684,-0.0101017,-0.021296,2.08609,0.0216578,0,0
934332435,0,-0.426519,-0.882221,0.431032,0.507094,0.00632381,-0.0106977,0.861801,0.0128319,0.00279547,-0.00911779,-0.0120281,-0.0217509,2.07801,0.0214303,0,0
934361662,0,-0.427562,-0.88201,0.430918,0.509823,0.00591746,-0.0115863,0.860181,0.0125355,0.0129267,-0.0127897,-0.0139027,-0.0219958,2.07169,0.0214303,0,0
934399462,0,-0.42855,-0.88192,0.430873,0.511122,0.00635317,-0.00840017,0.859444,0.00633355,0.0187919,0.00615693,-0.00794605,-0.0195086,2.06863,0.0217957,0,0
934432187,0,-0.429117,-0.882102,0.43047,0.511635,0.00517514,-0.0125672,0.859096,0.0309899,0.034154,-0.0137806,-0.0163019,-0.0217533,2.06749,0.0233565,0,0
934461510,0,-0.429117,-0.882102,0.43047,0.511635,0.00517514,-0.0125672,0.859096,0.0309899,0.034154,-0.0137806,-0.0163019,-0.0217533,2.06749,0.0233565,0,0
934498673,0,-0.430328,-0.881667,0.430379,0.511395,0.00642699,-0.0125603,0.85923,0.0383297,0.039259,-0.00428531,-0.0150157,-0.0238933,2.06804,0.0225679,0,0
934531095,0,-0.431672,-0.880964,0.430531,0.511734,0.00512417,-0.0126062,0.859037,0.0350741,0.023922,0.00439074,-0.0164186,-0.0217075,2.06726,0.0225284,0,0
934559408,0,-0.432583,-0.880678,0.430066,0.512614,0.00653017,-0.0119713,0.858511,0.00883276,0.000803327,-0.0244924,-0.0138644,-0.0234879,2.06519,0.0225284,0,0
934597776,0,-0.43367,-0.880358,0.430173,0.513145,0.00701096,-0.0108777,0.858205,0.0261988,0.023773,0.00970219,-0.0114786,-0.0231994,2.06394,0.0232021,0,0
934630592,0,-0.434448,-0.880071,0.430002,0.513995,0.00679948,-0.0103604,0.857704,0.0119589,0.0096501,-0.00368714,-0.0107854,-0.0223161,2.06195,0.0224447,0,0
934661160,0,-0.434935,-0.879688,0.429846,0.514141,0.00604718,-0.0114402,0.857608,0.0181833,-0.00785248,-0.00846389,-0.013408,-0.0221378,2.06163,0.0224447,0,0
934706273,0,-0.435641,-0.879059,0.4296,0.514193,0.00604323,-0.0116908,0.857574,0.0218141,-0.00312854,-0.0118349,-0.0138406,-0.0223896,2.06151,0.0221337,0,0
934731454,0,-0.436227,-0.878361,0.429316,0.514153,0.00697661,-0.0121877,0.857583,0.0253116,0.00654979,-0.0136688,-0.0137343,-0.0245012,2.0616,0.0242246,0,0
934763860,0,-0.436863,-0.877481,0.428751,0.514012,0.00790065,-0.0136789,0.857637,0.0348815,0.000911064,-0.00880612,-0.0153474,-0.0276175,2.06194,0.0242246,0,0
934798361,0,-0.436863,-0.877481,0.428751,0.514012,0.00790065,-0.0136789,0.857637,0.0348815,0.000911064,-0.00880612,-0.0153474,-0.0276175,2.06194,0.0278972,0,0
934830573,0,-0.438036,-0.875751,0.427811,0.513566,0.00812685,-0.0175385,0.857833,0.0218127,0.00160689,-0.0091426,-0.0217556,-0.0319627,2.06305,0.031095,0,0
934859855,0,-0.438036,-0.875751,0.427811,0.513566,0.00812685,-0.0175385,0.857833,0.0218127,0.00160689,-0.0091426,-0.0217556,-0.0319627,2.06305,0.031095,0,0
934898509,0,-0.438627,-0.875127,0.427565,0.513593,0.00805531,-0.017981,0.857808,0.025272,0.0138218,-0.00429472,-0.0225879,-0.0322953,2.06299,0.0323506,0,0
934930827,0,-0.439157,-0.874359,0.427486,0.512751,0.00506125,-0.0176702,0.85834,0.0298996,-0.00633656,0.00710011,-0.0251555,-0.0268126,2.06496,0.0246082,0,0
934959638,0,-0.439601,-0.873532,0.428302,0.511442,-0.000815742,-0.0168,0.859153,0.00135827,0.0116008,-0.00108919,-0.02971,-0.0157834,2.06793,0.0246082,0,0
934996976,0,-0.43971,-0.873304,0.427077,0.510066,0.00497245,-0.018719,0.859917,0.0236177,0.000405024,-0.0188759,-0.0271348,-0.0276512,2.07122,0.0244006,0,0
935030133,0,-0.440066,-0.872519,0.426787,0.509353,0.00179703,-0.0221767,0.86027,0.0197333,-0.011769,-0.00401096,-0.0363453,-0.0256862,2.0729,0.0256862,0,0
935058200,0,-0.440066,-0.872519,0.426787,0.509353,0.00179703,-0.0221767,0.86027,0.0197333,-0.011769,-0.00401096,-0.0363453,-0.0256862,2.0729,0.0256862,0,0
935098669,0,-0.44001,-0.870857,0.42635,0.509531,0.00231395,-0.0244563,0.860101,0.0223188,-0.0106183,-0.0132685,-0.0397388,-0.028907,2.07253,0.028476,0,0
935130438,0,-0.439453,-0.869643,0.425632,0.509624,0.00142487,-0.0248646,0.860037,0.0206875,-0.0253389,-0.0161216,-0.0413443,-0.0277976,2.0723,0.0283553,0,0
935158832,0,-0.439453,-0.869643,0.425632,0.509624,0.00142487,-0.0248646,0.860037,0.0206875,-0.0253389,-0.0161216,-0.0413443,-0.0277976,2.0723,0.0283553,0,0
935191987,0,-0.43868,-0.868353,0.425315,0.509745,0.000971746,-0.0243482,0.859981,0.0223842,-0.0529143,-0.0129597,-0.040913,-0.0264972,2.07201,0.0261709,0,0
935226136,0,-0.435945,-0.864413,0.424039,0.509821,-0.000102127,-0.0233404,0.859964,0.029679,-0.0801994,-0.029711,-0.0402701,-0.0236254,2.07179,0.0253011,0,0
935263939,0,-0.435945,-0.864413,0.424039,0.509821,-0.000102127,-0.0233404,0.859964,0.029679,-0.0801994,-0.029711,-0.0402701,-0.0236254,2.07179,0.0253011,0,0
935296165,0,-0.434032,-0.86201,0.423031,0.509664,-0.000139049,-0.0203584,0.860133,0.0348893,-0.0829956,-0.0364322,-0.0351783,-0.0205141,2.07212,0.0205141,0,0
935329304,0,-0.429322,-0.856287,0.420036,0.509268,0.00316573,-0.0160188,0.860453,0.0433453,-0.0985703,-0.0516069,-0.0243506,-0.0217654,2.07303,0.0210067,0,0
935364747,0,-0.429322,-0.856287,0.420036,0.509268,0.00316573,-0.0160188,0.860453,0.0433453,-0.0985703,-0.0516069,-0.0243506,-0.0217654,2.07303,0.0210067,0,0
935394517,0,-0.426485,-0.853153,0.418035,0.509141,0.00420187,-0.0155227,0.860533,0.0431197,-0.108064,-0.062224,-0.0224447,-0.0230402,2.07333,0.0229384,0,0
935426056,0,-0.423687,-0.850002,0.415717,0.508936,0.00426377,-0.0154198,0.860656,0.0404757,-0.114806,-0.0762018,-0.0222101,-0.0230367,2.0738,0.0226106,0,0
935464261,0,-0.420664,-0.846862,0.412937,0.508685,0.00357516,-0.0151162,0.860813,0.0372317,-0.122242,-0.0880465,-0.0223942,-0.0215355,2.07438,0.0226106,0,0
935496987,0,-0.417328,-0.843501,0.409784,0.50874,0.00396106,-0.013373,0.860807,0.0360596,-0.129634,-0.100167,-0.018998,-0.0204276,2.07423,0.0205337,0,0
935528418,0,-0.413939,-0.840127,0.406011,0.508979,0.005574,-0.0116566,0.860682,0.0372256,-0.132004,-0.120103,-0.0143949,-0.0214625,2.07365,0.0217735,0,0
935566270,0,-0.410483,-0.836678,0.401564,0.508866,0.00535503,-0.013584,0.860722,0.036896,-0.132849,-0.139748,-0.0179399,-0.0230453,2.07394,0.0217735,0,0
935596342,0,-0.406879,-0.833111,0.396557,0.508785,0.00477368,-0.0155262,0.860741,0.038919,-0.139362,-0.157333,-0.0218786,-0.0240191,2.07415,0.0238558,0,0
935627013,0,-0.40303,-0.829227,0.390918,0.508756,0.00607701,-0.0148995,0.860761,0.0455871,-0.144787,-0.172192,-0.019474,-0.0256249,2.07421,0.0256249,0,0
935662254,0,-0.398548,-0.82425,0.383789,0.508967,0.00795209,-0.0127543,0.860655,0.0529795,-0.165291,-0.188565,-0.0138648,-0.0266742,2.07367,0.0256249,0,0
935695685,0,-0.395356,-0.820217,0.378173,0.5091,0.00808864,-0.0121059,0.860584,0.0635306,-0.149601,-0.190281,-0.0126051,-0.0262512,2.07336,0.0263909,0,0
935727560,0,-0.391628,-0.815489,0.371517,0.509277,0.00567322,-0.0140317,0.860469,0.0638752,-0.157248,-0.200313,-0.0183755,-0.0240576,2.07299,0.0244353,0,0
935765511,0,-0.391628,-0.815489,0.371517,0.509277,0.00567322,-0.0140317,0.860469,0.0638752,-0.157248,-0.200313,-0.0183755,-0.0240576,2.07299,0.0244353,0,0
935795174,0,-0.387558,-0.810546,0.364385,0.509398,0.00223663,-0.0149755,0.860398,0.0584539,-0.181626,-0.212056,-0.0234976,-0.0191069,2.07271,0.0173697,0,0
935825570,0,-0.381973,-0.804883,0.355856,0.509579,-0.000866908,-0.0139946,0.86031,0.0496982,-0.185445,-0.224969,-0.0249675,-0.0127714,2.07225,0.0114288,0,0
935861331,0,-0.376228,-0.79993,0.34791,0.509812,-0.000259953,-0.0118326,0.860204,0.0403757,-0.207739,-0.234437,-0.0206248,-0.0116179,2.0717,0.0114288,0,0
935897329,0,-0.370043,-0.794998,0.339695,0.509869,0.00155215,-0.0111582,0.860178,0.0312811,-0.226494,-0.243997,-0.017616,-0.0140492,2.07158,0.0140492,0,0
935926295,0,-0.366821,-0.79194,0.332252,0.510563,-0.00407819,-0.0224364,0.859538,0.0195162,0.117054,-0.192294,-0.0427527,-0.0159004,2.06994,0.0170998,0,0
935964781,0,-0.377457,-0.796681,0.325824,0.510285,-0.00874818,-0.0307438,0.859411,0.0279058,0.269592,-0.173703,-0.0618188,-0.0163404,2.07046,0.0170998,0,0
935996138,0,-0.385477,-0.799847,0.31911,0.510555,-0.00276495,-0.0191304,0.859628,0.0301658,0.251125,-0.18527,-0.0357249,-0.0147812,2.06998,0.0146593,0,0
936034284,0,-0.393856,-0.802732,0.311266,0.510971,0.00248516,-0.00931765,0.859544,0.0387472,0.219282,-0.188953,-0.0134799,-0.0137947,2.069,0.0140164,0,0
936067939,0,-0.393856,-0.802732,0.311266,0.510971,0.00248516,-0.00931765,0.859544,0.0387472,0.219282,-0.188953,-0.0134799,-0.0137947,2.069,0.0140164,0,0
936093338,0,-0.401435,-0.80515,0.304613,0.510708,0.00375641,-0.00853475,0.859704,0.0406588,0.227296,-0.189613,-0.0108393,-0.0151769,2.06961,0.0112902,0,0
936125721,0,-0.415479,-0.808843,0.288819,0.512532,0.00379361,0.0433756,0.857563,0.0476483,0.187635,-0.228447,0.0784201,0.0379654,2.06569,-0.0317512,0,0
936163724,0,-0.422823,-0.812073,0.281784,0.515077,0.00355446,0.0698373,0.854287,0.00425806,0.226619,-0.222082,0.123566,0.0659179,2.06053,-0.0317512,0,0
936195945,0,-0.431553,-0.817784,0.275786,0.518863,0.00333614,0.0771352,0.851364,-0.029509,0.28762,-0.199213,0.135592,0.0744333,2.05197,-0.0694176,0,0
936226256,0,-0.442862,-0.826524,0.270399,0.524754,0.00250309,0.0801209,0.847472,-0.073312,0.339749,-0.186315,0.139321,0.07993,2.03834,-0.0785753,0,0
936263926,0,-0.442862,-0.826524,0.270399,0.524754,0.00250309,0.0801209,0.847472,-0.073312,0.339749,-0.186315,0.139321,0.07993,2.03834,-0.0785753,0,0
936297169,0,-0.455611,-0.837828,0.266055,0.532186,0.000238076,0.0690625,0.843806,-0.130409,0.421683,-0.147881,0.117387,0.0731717,2.02052,-0.0761941,0,0
936325490,0,-0.466501,-0.848266,0.263923,0.538371,-0.000972627,0.0402171,0.841747,-0.167728,0.468609,-0.106919,0.0667751,0.044956,2.00505,-0.0282032,0,0
936365334,0,-0.479119,-0.861225,0.261099,0.545045,0.00339885,0.0159372,0.838249,-0.185267,0.462583,-0.0998243,0.0304305,0.0116751,1.98871,0.00235871,0,0
936396544,0,-0.491606,-0.873931,0.25813,0.54942,0.00568378,0.00505226,0.835512,-0.186985,0.482385,-0.0921826,0.0146886,-0.00394611,1.97819,0.00235871,0,0
936425361,0,-0.506391,-0.888367,0.254835,0.551404,0.00602861,-0.00404786,0.834207,-0.184615,0.482261,-0.0827221,-0.00010513,-0.0145227,1.97347,0.0155627,0,0
936463450,0,-0.52154,-0.902602,0.251354,0.550808,0.00520468,-0.00913377,0.834566,-0.179507,0.475831,-0.0823074,-0.0095137,-0.0187503,1.97494,0.0155627,0,0
936496500,0,-0.532893,-0.91306,0.248737,0.549577,0.0054174,-0.00964098,0.83537,-0.169463,0.487277,-0.0764593,-0.0101551,-0.0196492,1.9779,0.0191517,0,0
936526196,0,-0.54816,-0.926564,0.245643,0.548432,0.00445705,-0.0120232,0.836097,-0.152636,0.498114,-0.061552,-0.0152201,-0.0206423,1.98067,0.0206528,0,0
936564689,0,-0.54816,-0.926564,0.245643,0.548432,0.00445705,-0.0120232,0.836097,-0.152636,0.498114,-0.061552,-0.0152201,-0.0206423,1.98067,0.0206528,0,0
936596966,0,-0.574939,-0.948487,0.240754,0.547251,-0.0152909,-0.0142948,0.836707,-0.120768,0.467996,-0.0476769,-0.0406702,0.00994244,1.98295,0.016454,0,0
936626840,0,-0.589699,-0.960294,0.238098,0.546076,-0.0368856,-0.0067857,0.836896,-0.140471,0.317871,-0.0871356,-0.051742,0.0543546,1.98392,-0.0359997,0,0
936665477,0,-0.589699,-0.960294,0.238098,0.546076,-0.0368856,-0.0067857,0.836896,-0.140471,0.317871,-0.0871356,-0.051742,0.0543546,1.98392,-0.0359997,0,0
936697487,0,-0.584446,-0.964672,0.232958,0.55326,-0.0253437,0.0113222,0.832546,-0.170478,-0.273611,-0.164224,-0.00920466,0.0547552,1.96828,-0.0565553,0,0
936726571,0,-0.571699,-0.966403,0.22805,0.561824,-0.0107686,0.00942361,0.827133,-0.186505,-0.261034,-0.127574,0.00349045,0.0284068,1.94832,-0.0201792,0,0
936764187,0,-0.56187,-0.969514,0.224263,0.565191,-0.00102078,0.00388613,0.824951,-0.177228,-0.226056,-0.0993117,0.00525798,0.00607703,1.94027,-0.0201792,0,0
936796348,0,-0.552652,-0.972258,0.220992,0.562603,0.00486455,0.00189658,0.826711,-0.162636,-0.201473,-0.0875725,0.00860972,-0.00590915,1.94649,0.00294626,0,0
936825355,0,-0.543235,-0.974976,0.21754,0.555025,0.00614143,-0.00300455,0.831806,-0.148485,-0.188602,-0.0792724,0.00181906,-0.0135526,1.96476,0.0135526,0,0
936866108,0,-0.535814,-0.977021,0.214995,0.549439,0.00653153,-0.00558429,0.83549,-0.138951,-0.169568,-0.0646645,-0.0021542,-0.0170513,1.97818,0.0135526,0,0
936897006,0,-0.529032,-0.978823,0.212997,0.545836,0.00634727,-0.0063637,0.837844,-0.124913,-0.155785,-0.0533165,-0.00373501,-0.017584,1.9868,0.0172002,0,0
936926895,0,-0.522381,-0.980736,0.211065,0.543826,0.00757119,-0.00495226,0.83915,-0.104909,-0.112935,-0.038971,-7.65697e-05,-0.018094,1.99156,0.0175067,0,0
936964358,0,-0.517959,-0.982077,0.211359,0.543088,0.0162745,-0.00254626,0.839514,-0.0698316,-0.0797027,0.0802327,0.0134082,-0.0300955,1.99299,0.0175067,0,0
936996823,0,-0.515238,-0.982869,0.215717,0.542548,0.0184992,-0.000901139,0.839821,-0.0395515,-0.0475443,0.11946,0.0185705,-0.0320554,1.99414,0.0319385,0,0
937026913,0,-0.513628,-0.983423,0.219579,0.542236,0.00936931,-0.003847,0.840165,-0.0352868,-0.0401928,0.0954057,0.00369726,-0.0199168,1.9953,0.0254357,0,0
937064836,0,-0.512085,-0.984102,0.222248,0.541394,0.00518873,-0.0033045,0.840747,-0.0333247,-0.0260599,0.0659528,6.17966e-05,-0.0123032,1.99738,0.0123032,0,0
937100385,0,-0.512085,-0.984102,0.222248,0.541394,0.00518873,-0.0033045,0.840747,-0.0333247,-0.0260599,0.0659528,6.17966e-05,-0.0123032,1.99738,0.0123032,0,0
937139720,0,-0.511591,-0.985549,0.224572,0.540942,-0.01003,-0.0111562,0.840926,-0.0267013,0.00469715,-0.00578882,-0.029619,0.00479922,1.99826,0.000999455,0,0
937164360,0,-0.511591,-0.985549,0.224572,0.540942,-0.01003,-0.0111562,0.840926,-0.0267013,0.00469715,-0.00578882,-0.029619,0.00479922,1.99826,0.000999455,0,0
937192730,0,-0.510804,-0.986758,0.223519,0.542072,0.0047353,-0.0119579,0.840233,-0.0363711,-0.0103042,-0.0146952,-0.014965,-0.0209232,1.99584,0.0109062,0,0
937231002,0,-0.51024,-0.98802,0.224675,0.542601,0.0123646,-0.0156984,0.839753,-0.0268455,0.01416,0.0874529,-0.0129572,-0.0378113,1.99452,0.0393103,0,0
937265571,0,-0.510495,-0.988893,0.228122,0.542904,0.0198942,-0.0167158,0.839393,-0.00844247,0.0139608,0.0764664,-0.00646959,-0.051571,1.99354,0.0393103,0,0
937296778,0,-0.511307,-0.988994,0.229798,0.542289,0.0280779,-0.0208658,0.839463,0.0292258,0.0267597,0.0335896,-0.00459069,-0.0698281,1.99464,0.0630023,0,0
937330667,0,-0.513017,-0.987874,0.230278,0.541479,0.0297262,-0.0253472,0.839806,0.0602867,0.023532,0.00516205,-0.0104126,-0.0774559,1.99662,0.0774559,0,0
937362935,0,-0.513017,-0.987874,0.230278,0.541479,0.0297262,-0.0253472,0.839806,0.0602867,0.023532,0.00516205,-0.0104126,-0.0774559,1.99662,0.0774559,0,0
937394055,0,-0.516835,-0.983082,0.233569,0.541748,0.0235338,-0.0238803,0.839872,0.10108,0.0106066,0.059208,-0.014646,-0.0654517,1.99632,0.0672438,0,0
937431792,0,-0.518815,-0.979725,0.235222,0.541587,0.0246778,-0.0267565,0.839857,0.127042,0.0128187,0.0318947,-0.0182593,-0.070492,1.99674,0.0694902,0,0
937462907,0,-0.518815,-0.979725,0.235222,0.541587,0.0246778,-0.0267565,0.839857,0.127042,0.0128187,0.0318947,-0.0182593,-0.070492,1.99674,0.0694902,0,0
937496395,0,-0.521355,-0.974527,0.236651,0.541375,0.0243262,-0.0297926,0.839901,0.166062,0.00555728,0.033767,-0.0237723,-0.0731864,1.99737,0.0720578,0,0
937531932,0,-0.526931,-0.961795,0.239506,0.542803,0.00702686,-0.0209551,0.839569,0.207309,-0.0115487,0.0303873,-0.0275781,-0.034555,1.99421,0.0438393,0,0
937563066,0,-0.526931,-0.961795,0.239506,0.542803,0.00702686,-0.0209551,0.839569,0.207309,-0.0115487,0.0303873,-0.0275781,-0.034555,1.99421,0.0438393,0,0
937593000,0,-0.529634,-0.954892,0.240956,0.544074,0.00297719,-0.0142154,0.838912,0.212147,-0.00170432,0.0379096,-0.0206171,-0.0204651,1.9911,0.0204651,0,0
937627061,0,-0.532407,-0.947961,0.242223,0.545732,0.00154202,-0.010773,0.837889,0.211205,-0.0145287,0.0233805,-0.0163725,-0.0143429,1.98711,0.0126343,0,0
937661087,0,-0.534813,-0.941064,0.24262,0.547299,0.00192645,-0.00162048,0.836933,0.206973,-0.0173428,0.00834225,-0.000603783,-0.00499843,1.98332,0.0126343,0,0
937692519,0,-0.537523,-0.933586,0.243427,0.54988,-0.00194521,0.0128258,0.835143,0.179787,-0.00394678,0.0298009,0.0192876,0.0173552,1.97721,-0.012662,0,0
937733111,0,-0.539858,-0.929127,0.244685,0.551736,-0.0022841,0.0153526,0.833875,0.152473,0.0333821,0.0464546,0.0230908,0.0207519,1.97278,-0.0172109,0,0
937762031,0,-0.543847,-0.924745,0.246099,0.553153,0.00272986,0.00751691,0.833042,0.137761,0.0586565,0.0297498,0.0155446,0.00376783,1.96929,-0.0172109,0,0
937790919,0,-0.546998,-0.921121,0.246272,0.552932,0.00859241,0.0287625,0.832686,0.126322,0.0290395,-0.00589786,0.0574426,0.0174987,1.96974,-0.007321,0,0
937830219,0,-0.550782,-0.917966,0.24601,0.552551,0.00961994,0.0596202,0.831289,0.118408,0.109587,-0.0165734,0.110113,0.0499132,1.97108,-0.0499132,0,0
937861929,0,-0.557025,-0.916537,0.246082,0.553595,0.00486431,0.0710364,0.829736,0.0936597,0.176486,0.0080254,0.123894,0.0706374,1.96924,-0.0499132,0,0
937892758,0,-0.564648,-0.916741,0.24783,0.557448,-0.00463304,0.0702431,0.827222,0.0581293,0.208817,0.0364829,0.111693,0.0860852,1.96045,-0.0774482,0,0
937928553,0,-0.57273,-0.91862,0.249369,0.564499,-0.00723101,0.0734341,0.822129,0.015831,0.258381,-0.000192071,0.113332,0.0949392,1.94359,-0.0944682,0,0
937960574,0,-0.583326,-0.923302,0.249628,0.575481,-0.00488495,0.0765617,0.814209,-0.0371628,0.320841,-0.0306079,0.119892,0.0962228,1.91682,-0.0944682,0,0
937992104,0,-0.592468,-0.92846,0.250521,0.585353,-0.00951939,0.0630136,0.80827,-0.0846135,0.370045,0.0225423,0.0912087,0.0892775,1.8921,-0.0960481,0,0
938027908,0,-0.605558,-0.937894,0.254506,0.60066,-0.015282,0.0279557,0.798869,-0.153632,0.37525,0.0798468,0.0263548,0.058033,1.85294,-0.0720786,0,0
938061240,0,-0.605558,-0.937894,0.254506,0.60066,-0.015282,0.0279557,0.798869,-0.153632,0.37525,0.0798468,0.0263548,0.058033,1.85294,-0.0720786,0,0
938093156,0,-0.612589,-0.945375,0.256871,0.61031,-0.00627942,0.0120596,0.792046,-0.196448,0.0533097,0.0574188,0.0114424,0.0246698,1.82869,-0.0206486,0,0
938128512,0,-0.599834,-0.950613,0.258585,0.625337,0.00342688,0.00472745,0.780333,-0.19375,-0.27183,0.0247949,0.0116642,0.000564275,1.79044,0.00319523,0,0
938170542,0,-0.589029,-0.955032,0.258488,0.638183,0.00792196,0.00385685,0.769835,-0.177181,-0.258758,-0.0198498,0.0160507,-0.00727453,1.7572,0.00319523,0,0
938196737,0,-0.579721,-0.959377,0.256993,0.649165,0.0148383,0.00626341,0.760477,-0.15199,-0.232734,-0.0150711,0.0287984,-0.0144369,1.72819,0.0119855,0,0
938230907,0,-0.572239,-0.962938,0.257935,0.656354,0.0334462,0.0120152,0.753616,-0.116425,-0.16823,0.0655008,0.0620919,-0.0346456,1.70747,0.0369442,0,0
938263024,0,-0.567091,-0.965913,0.259738,0.660855,0.0359527,0.0121828,0.749553,-0.0941831,-0.0905982,0.0461558,0.0658769,-0.0378038,1.69516,0.0369442,0,0
938296474,0,-0.564367,-0.968641,0.260684,0.663729,0.0221411,0.00159399,0.747644,-0.0823328,-0.0679276,0.0227544,0.0317955,-0.0309964,1.68908,0.0334257,0,0
938330564,0,-0.562089,-0.970769,0.261423,0.663255,0.0227304,0.0012549,0.748048,-0.0577527,-0.057114,0.0364576,0.0320518,-0.0323479,1.6903,0.0323479,0,0
938360574,0,-0.560644,-0.972048,0.262505,0.661245,0.0208503,-0.000117008,0.74988,-0.0267761,-0.0147316,0.0360741,0.0274158,-0.0314304,1.69582,0.0323479,0,0
938396742,0,-0.560571,-0.972867,0.26388,0.659255,0.0132217,-0.00114873,0.751802,-0.0239031,0.0142784,0.0336367,0.0157099,-0.0213964,1.70162,0.0267521,0,0
938428255,0,-0.561457,-0.973799,0.264719,0.657473,0.00834913,-0.00335904,0.753425,-0.0228853,0.0278228,0.0182075,0.00591797,-0.0169986,1.70655,0.0174709,0,0
938458291,0,-0.561457,-0.973799,0.264719,0.657473,0.00834913,-0.00335904,0.753425,-0.0228853,0.0278228,0.0182075,0.00591797,-0.0169986,1.70655,0.0174709,0,0
938498443,0,-0.565132,-0.975015,0.266546,0.6546,0.00228972,-0.0116246,0.755883,-0.000108421,0.0610249,0.0326023,-0.0145791,-0.0186816,1.7143,0.0179415,0,0
938528630,0,-0.567455,-0.974991,0.267339,0.653952,-0.000979688,-0.0148564,0.75639,0.0148521,0.0626792,0.0214888,-0.0237618,-0.0179496,1.71602,0.0181214,0,0
938558625,0,-0.567455,-0.974991,0.267339,0.653952,-0.000979688,-0.0148564,0.75639,0.0148521,0.0626792,0.0214888,-0.0237618,-0.0179496,1.71602,0.0181214,0,0
938597243,0,-0.57108,-0.974117,0.268898,0.653981,-0.0070445,-0.0185962,0.75625,0.0269406,0.040532,0.0174486,-0.0373529,-0.0136688,1.71584,0.0157399,0,0
938627794,0,-0.57108,-0.974117,0.268898,0.653981,-0.0070445,-0.0185962,0.75625,0.0269406,0.040532,0.0174486,-0.0373529,-0.0136688,1.71584,0.0124021,0,0
938659836,0,-0.572407,-0.973295,0.26923,0.65454,-0.00942137,-0.019392,0.75572,0.0245045,0.0276583,0.0126285,-0.0416577,-0.011146,1.71427,0.0124021,0,0
938706282,0,-0.572926,-0.971781,0.269746,0.655537,-0.00953045,-0.0171368,0.754909,0.0259048,-0.0177823,0.0111721,-0.0383792,-0.0080784,1.71163,0.00979348,0,0
938730157,0,-0.572926,-0.971781,0.269746,0.655537,-0.00953045,-0.0171368,0.754909,0.0259048,-0.0177823,0.0111721,-0.0383792,-0.0080784,1.71163,0.00710941,0,0
938758485,0,-0.572543,-0.970587,0.270185,0.655708,-0.00791246,-0.0142007,0.754839,0.026418,-0.0211525,0.00305117,-0.031821,-0.00667778,1.71123,0.00710941,0,0
938796682,0,-0.572005,-0.969529,0.270257,0.656098,-0.00464433,-0.0119733,0.754566,0.0249603,-0.0146337,0.00336489,-0.0241669,-0.00870257,1.71028,0.00819264,0,0
938827942,0,-0.571538,-0.968545,0.27059,0.656627,-0.00232074,-0.00979918,0.754148,0.026704,-0.0151274,0.00600418,-0.0178295,-0.00936858,1.70891,0.00983357,0,0
938860215,0,-0.571107,-0.967486,0.270559,0.656981,0.00113526,-0.00743569,0.75387,0.028629,-0.0187992,-0.00436605,-0.00972019,-0.0114821,1.70799,0.00983357,0,0
938896837,0,-0.570854,-0.966408,0.270839,0.657072,0.00208717,-0.00597308,0.753802,0.0284669,0.0012426,0.0129729,-0.00626261,-0.0109963,1.70774,0.0115227,0,0
938928129,0,-0.570975,-0.965617,0.27113,0.657616,0.00325266,-0.00477885,0.753331,0.0173754,-0.00136327,-0.00536019,-0.00292229,-0.0111862,1.70628,0.0111862,0,0
938959217,0,-0.570975,-0.965617,0.27113,0.657616,0.00325266,-0.00477885,0.753331,0.0173754,-0.00136327,-0.00536019,-0.00292229,-0.0111862,1.70628,0.0111862,0,0
938996545,0,-0.57201,-0.965293,0.271525,0.658608,0.00111516,-0.00701029,0.752453,0.00014964,0.0190753,0.00648808,-0.00908159,-0.0109125,1.70366,0.010094,0,0
939030135,0,-0.57272,-0.965513,0.271605,0.659152,0.000437834,-0.00959085,0.751949,-0.00271523,0.0244783,0.00533379,-0.0138481,-0.0133025,1.70222,0.013012,0,0
939060786,0,-0.57272,-0.965513,0.271605,0.659152,0.000437834,-0.00959085,0.751949,-0.00271523,0.0244783,0.00533379,-0.0138481,-0.0133025,1.70222,0.013012,0,0
939100891,0,-0.573719,-0.96575,0.271857,0.659593,-0.00162652,-0.0126415,0.751515,-0.00417362,0.0259929,0.0110592,-0.02115,-0.0142323,1.70105,0.0141662,0,0
939128769,0,-0.575536,-0.965982,0.272255,0.659555,-0.00414121,-0.017068,0.751451,-0.00297263,0.0197761,0.00253102,-0.0311234,-0.0162915,1.70112,0.0155314,0,0
939160128,0,-0.575536,-0.965982,0.272255,0.659555,-0.00414121,-0.017068,0.751451,-0.00297263,0.0197761,0.00253102,-0.0311234,-0.0162915,1.70112,0.0155314,0,0
939198944,0,-0.575824,-0.966217,0.272421,0.659127,-0.00424414,-0.0186624,0.751788,-0.00356492,-0.000958789,0.0074169,-0.0336672,-0.0182215,1.70226,0.0182215,0,0
939236972,0,-0.5752,-0.966337,0.272546,0.659031,0.000826105,-0.015327,0.751959,-0.000809038,-0.0105593,-0.00471562,-0.0219685,-0.0214459,1.70256,0.0205345,0,0
939266280,0,-0.5752,-0.966337,0.272546,0.659031,0.000826105,-0.015327,0.751959,-0.000809038,-0.0105593,-0.00471562,-0.0219685,-0.0214459,1.70256,0.0205345,0,0
939292442,0,-0.574683,-0.966358,0.272312,0.659669,0.00310721,-0.0136248,0.751427,-0.00500464,-0.0221292,0.000632831,-0.0163816,-0.0226473,1.70085,0.0222326,0,0
939325433,0,-0.57402,-0.966406,0.272552,0.659412,0.00475236,-0.012818,0.751658,-0.00174188,-0.00683587,-0.000563451,-0.013006,-0.0240512,1.70151,0.0243538,0,0
939359503,0,-0.57402,-0.966406,0.272552,0.659412,0.00475236,-0.012818,0.751658,-0.00174188,-0.00683587,-0.000563451,-0.013006,-0.0240512,1.70151,0.0243538,0,0
939396156,0,-0.573211,-0.966254,0.272684,0.657522,0.00688706,-0.0115381,0.753316,0.00902216,-0.00657873,0.0085013,-0.00832973,-0.0255522,1.70649,0.025697,0,0
939429413,0,-0.573244,-0.965714,0.272829,0.656335,0.00735194,-0.00997995,0.754367,0.018139,0.00166276,-0.0053986,-0.00540803,-0.0241949,1.70962,0.0246193,0,0
939458203,0,-0.573244,-0.965714,0.272829,0.656335,0.00735194,-0.00997995,0.754367,0.018139,0.00166276,-0.0053986,-0.00540803,-0.0241949,1.70962,0.0246193,0,0
939496814,0,-0.573664,-0.965101,0.272875,0.655217,0.00604575,-0.0100963,0.755349,0.0201671,0.0108576,0.0114452,-0.00733184,-0.0223657,1.71262,0.021526,0,0
939529300,0,-0.575064,-0.963292,0.273277,0.653732,0.00314923,-0.00859754,0.756671,0.0280654,0.0169928,0.00831069,-0.00889478,-0.0160075,1.71658,0.0171395,0,0
939562593,0,-0.576121,-0.96248,0.273567,0.65391,0.000221011,-0.0089647,0.756519,0.0245563,0.0340417,0.0055124,-0.0132762,-0.0120589,1.71612,0.0115263,0,0
939596288,0,-0.576121,-0.96248,0.273567,0.65391,0.000221011,-0.0089647,0.756519,0.0245563,0.0340417,0.0055124,-0.0132762,-0.0120589,1.71612,0.0115263,0,0
939629126,0,-0.576121,-0.96248,0.273567,0.65391,0.000221011,-0.0089647,0.756519,0.0245563,0.0340417,0.0055124,-0.0132762,-0.0120589,1.71612,0.0115263,0,0
939658596,0,-0.57772,-0.961935,0.273834,0.65558,-0.00124305,-0.00945951,0.755066,0.00442734,0.00862821,0.00167649,-0.0159165,-0.010526,1.7117,0.00850985,0,0
939700433,0,-0.578176,-0.961872,0.27347,0.656692,0.0033812,-0.00756408,0.754113,0.00593867,0.0221805,-0.00758412,-0.00696839,-0.0150347,1.70874,0.0125135,0,0
939729915,0,-0.578844,-0.961944,0.273644,0.658183,0.00157361,-0.00933154,0.752798,-0.000112064,0.0138658,0.00756373,-0.0119797,-0.0146535,1.7048,0.0147988,0,0
939761088,0,-0.578844,-0.961944,0.273644,0.658183,0.00157361,-0.00933154,0.752798,-0.000112064,0.0138658,0.00756373,-0.0119797,-0.0146535,1.7048,0.0147988,0,0
939796697,0,-0.579484,-0.962228,0.273707,0.660049,0.000927351,-0.0109758,0.751142,-0.00931086,0.0075485,-0.00749257,-0.0152671,-0.0158829,1.69984,0.0161702,0,0
939830895,0,-0.580081,-0.963076,0.273922,0.661572,-0.00100665,-0.0150322,0.74973,-0.0169799,0.0171404,0.00196213,-0.0238784,-0.0183813,1.69579,0.01786,0,0
939858581,0,-0.580081,-0.963076,0.273922,0.661572,-0.00100665,-0.0150322,0.74973,-0.0169799,0.0171404,0.00196213,-0.0238784,-0.0183813,1.69579,0.01786,0,0
939896731,0,-0.580386,-0.963982,0.273801,0.662238,-0.00082664,-0.0169257,0.749102,-0.0225031,-0.00790548,0.000641883,-0.0264621,-0.0211808,1.69402,0.0209248,0,0
939929555,0,-0.579701,-0.96437,0.273866,0.662138,0.000900591,-0.0162775,0.749204,-0.0128178,-0.0415524,-0.00138561,-0.023206,-0.0229074,1.69429,0.0232033,0,0
939959129,0,-0.578059,-0.964218,0.273834,0.661043,0.00242899,-0.0145253,0.750203,0.00549852,-0.0434605,0.00050384,-0.0185884,-0.0228501,1.6972,0.0232033,0,0
939996833,0,-0.576303,-0.963649,0.273878,0.659861,0.00369577,-0.0118883,0.751285,0.00825336,-0.0473002,-0.00758437,-0.0129889,-0.0212439,1.70033,0.0216974,0,0
940029697,0,-0.574892,-0.963132,0.273838,0.659005,0.00440589,-0.00988539,0.752061,0.0111064,-0.0310264,0.00649154,-0.0090637,-0.0196573,1.70259,0.0195665,0,0
940058052,0,-0.574892,-0.963132,0.273838,0.659005,0.00440589,-0.00988539,0.752061,0.0111064,-0.0310264,0.00649154,-0.0090637,-0.0196573,1.70259,0.0195665,0,0
940097774,0,-0.572905,-0.962876,0.273906,0.656948,0.00615807,-0.00767986,0.753872,-0.00346294,-0.0143373,0.00701505,-0.00348885,-0.0193765,1.70802,0.0190551,0,0
940129205,0,-0.572705,-0.962793,0.273959,0.655615,0.00645401,-0.00693336,0.755036,0.00355795,-0.00655694,-0.00357253,-0.00200753,-0.0188384,1.71154,0.0188527,0,0
940159005,0,-0.572705,-0.962793,0.273959,0.655615,0.00645401,-0.00693336,0.755036,0.00355795,-0.00655694,-0.00357253,-0.00200753,-0.0188384,1.71154,0.0188527,0,0
940193302,0,-0.573165,-0.962476,0.274056,0.6545,0.00442412,-0.00790527,0.756008,0.0105218,0.00874014,0.0052628,-0.00616266,-0.0170382,1.71453,0.0170382,0,0
940227644,0,-0.573792,-0.962225,0.274061,0.654003,0.0035602,-0.0080655,0.756441,0.00750371,0.00429603,-0.000986814,-0.0075464,-0.0159366,1.71586,0.0149743,0,0
940259890,0,-0.572618,-0.961678,0.274168,0.653967,0.00401198,-0.0062741,0.756487,0.00628398,-0.0314864,0.00352993,-0.0042456,-0.0142766,1.71594,0.0149743,0,0
940298202,0,-0.571812,-0.96149,0.274116,0.654521,0.00533331,-0.00494401,0.756009,0.0035568,-0.021154,-0.00451627,-0.000493955,-0.0145365,1.71445,0.0144478,0,0
940329370,0,-0.571437,-0.961427,0.274086,0.655052,0.00546618,-0.00467494,0.75555,0.00191441,-0.00330185,0.00670241,9.69607e-05,-0.0143851,1.71305,0.0142859,0,0
940358332,0,-0.571748,-0.961301,0.274381,0.655667,0.00678857,-0.00466381,0.755005,0.00399789,0.0111231,0.00413959,0.00185993,-0.0163674,1.71139,0.0142859,0,0
940397753,0,-0.571532,-0.961007,0.274206,0.655543,0.0072386,-0.00484186,0.755108,0.00729066,-0.0265481,-0.00479578,0.0021785,-0.0172808,1.71171,0.0170609,0,0
940429962,0,-0.570257,-0.960834,0.273994,0.65644,0.00746514,-0.00408435,0.75433,-0.00267636,-0.0152566,-0.00428997,0.00363946,-0.0166254,1.70932,0.0165376,0,0
940459640,0,-0.570257,-0.960834,0.273994,0.65644,0.00746514,-0.00408435,0.75433,-0.00267636,-0.0152566,-0.00428997,0.00363946,-0.0166254,1.70932,0.0165376,0,0
940493778,0,-0.57007,-0.960934,0.274064,0.657721,0.00690111,-0.00484419,0.753214,-0.00517309,0.000314488,0.00703253,0.00178084,-0.0167691,1.70594,0.0165918,0,0
940528188,0,-0.56975,-0.961075,0.274195,0.65855,0.00640772,-0.00545022,0.75249,-0.00571534,-0.0314748,0.00100533,0.000237162,-0.0168228,1.70375,0.0176301,0,0
940558161,0,-0.568182,-0.961281,0.274022,0.65947,0.0075272,-0.00527678,0.751674,-0.00860746,-0.0293323,-0.00397745,0.00199542,-0.0182768,1.70127,0.0176301,0,0
940595785,0,-0.567791,-0.961517,0.274281,0.660387,0.00728512,-0.00625261,0.750864,-0.00469213,-0.0146508,0.00588987,0.000232307,-0.0191997,1.69884,0.0189088,0,0
940627990,0,-0.567118,-0.961629,0.274255,0.660771,0.00733644,-0.00672438,0.750521,-0.0025993,-0.0252718,-0.00306147,-0.000398235,-0.0199002,1.69782,0.0197827,0,0
940658202,0,-0.566112,-0.961598,0.274356,0.660996,0.00758428,-0.00659252,0.750323,-0.00900195,-0.022064,0.00526836,0.000133338,-0.0200979,1.69721,0.0197827,0,0
940693512,0,-0.56582,-0.961743,0.274535,0.66085,0.00765324,-0.00695628,0.750447,-0.00264738,-0.014789,0.00525887,-0.000325424,-0.0206823,1.6976,0.0205739,0,0
940729064,0,-0.564956,-0.961558,0.274657,0.660679,0.00769573,-0.00628545,0.750603,0.0017451,-0.0256784,0.00245516,0.000733202,-0.0198595,1.69805,0.0200368,0,0
940758869,0,-0.564956,-0.961558,0.274657,0.660679,0.00769573,-0.00628545,0.750603,0.0017451,-0.0256784,0.00245516,0.000733202,-0.0198595,1.69805,0.0200368,0,0
940795536,0,-0.563836,-0.960398,0.275023,0.658998,0.00650632,-0.00468178,0.752102,0.0132602,-0.0311388,-0.00141596,0.00153314,-0.0159581,1.70255,0.0176232,0,0
940827255,0,-0.563014,-0.959727,0.275052,0.658126,0.00553647,-0.00385722,0.752877,0.0195602,-0.0138408,0.0038088,0.00147949,-0.013414,1.70489,0.014709,0,0
940860131,0,-0.563014,-0.959727,0.275052,0.658126,0.00553647,-0.00385722,0.752877,0.0195602,-0.0138408,0.0038088,0.00147949,-0.013414,1.70489,0.0120336,0,0
940893799,0,-0.562483,-0.959124,0.275204,0.657321,0.00498171,-0.00344203,0.753587,0.0099535,-0.0217574,0.00191991,0.00136153,-0.0120336,1.70704,0.0120336,0,0
940927342,0,-0.561727,-0.958782,0.275005,0.656762,0.003843,-0.00288908,0.754083,0.00783526,-0.028245,-0.00127625,0.000690688,-0.00959091,1.70854,0.00802252,0,0
940958516,0,-0.561205,-0.958042,0.275076,0.655931,0.000520216,-0.000715995,0.754821,0.0256246,-0.0301697,-0.000480955,-0.000398445,-0.00172463,1.71076,0.00802252,0,0
940996400,0,-0.560779,-0.956639,0.275162,0.655355,-0.00238256,0.00193053,0.755315,0.0413961,-0.0019755,0.00434457,-0.00020653,0.00612957,1.71228,-0.00354044,0,0
941026978,0,-0.56097,-0.954981,0.275276,0.654857,-0.00608195,0.00449784,0.755715,0.0438124,-0.00937574,0.00256748,-0.00116757,0.0150839,1.71355,-0.0166806,0,0
941057746,0,-0.560731,-0.95329,0.275271,0.654854,-0.00999095,0.00730184,0.755654,0.0450872,-0.0103326,-0.00158298,-0.00205051,0.0246652,1.71346,-0.0166806,0,0
941093729,0,-0.560826,-0.951712,0.275324,0.655293,-0.013824,0.00948021,0.755189,0.0384928,-0.0013659,0.00313592,-0.00380102,0.0333103,1.71214,-0.0298569,0,0
941131785,0,-0.560717,-0.950562,0.275478,0.655655,-0.015723,0.0111514,0.754814,0.022351,-0.0102096,0.00214164,-0.00378612,0.0383682,1.7111,-0.0383682,0,0
941159557,0,-0.560189,-0.950469,0.275554,0.656402,-0.0137642,0.00864854,0.754236,-0.0138917,-0.0110173,0.00178957,-0.00502625,0.0321223,1.7092,-0.0383682,0,0
941197702,0,-0.559606,-0.951337,0.275619,0.657237,-0.0116312,0.00631348,0.753568,-0.0319086,-0.018509,0.00609425,-0.00577558,0.0258316,1.70707,-0.029549,0,0
941229180,0,-0.558694,-0.952801,0.275825,0.658847,-0.00863184,0.00357263,0.752219,-0.0494065,-0.018585,0.00657018,-0.0060003,0.0176946,1.70289,-0.0192095,0,0
941259929,0,-0.557654,-0.954972,0.275941,0.660691,-0.00505703,0.000132703,0.750641,-0.0586322,-0.0150057,0.00469679,-0.00648328,0.00776745,1.69807,-0.0192095,0,0
941293230,0,-0.557654,-0.954972,0.275941,0.660691,-0.00505703,0.000132703,0.750641,-0.0586322,-0.0150057,0.00469679,-0.00648328,0.00776745,1.69807,-0.00646067,0,0
941334614,0,-0.555738,-0.958629,0.275883,0.663668,0.00161396,-0.00462045,0.748011,-0.0446666,-0.0177409,-0.00275281,-0.00477022,-0.00854751,1.69017,0.00560541,0,0
941364217,0,-0.555738,-0.958629,0.275883,0.663668,0.00161396,-0.00462045,0.748011,-0.0446666,-0.0177409,-0.00275281,-0.00477022,-0.00854751,1.69017,0.00560541,0,0
941394348,0,-0.55485,-0.959893,0.275778,0.663588,0.00388898,-0.00660192,0.748059,-0.0325718,-0.015982,-0.000870938,-0.00471641,-0.0145808,1.69036,0.0145808,0,0
941428689,0,-0.55379,-0.960861,0.275809,0.662242,0.00674053,-0.00723265,0.749225,-0.0184847,-0.0270971,9.4165e-05,-0.00191041,-0.0196812,1.69391,0.0204917,0,0
941462736,0,-0.553188,-0.961028,0.275759,0.66137,0.0074357,-0.00764959,0.749984,-0.00194361,-0.0289642,-0.00342944,-0.00163902,-0.0212733,1.69622,0.0201032,0,0
941496684,0,-0.552615,-0.960402,0.275842,0.65997,0.00716763,-0.00647799,0.75123,0.0228059,-0.00478634,0.00280392,-0.000272127,-0.0193208,1.69996,0.0201032,0,0
941530467,0,-0.552228,-0.959408,0.275892,0.658427,0.00571145,-0.00520936,0.752605,0.026095,-0.0175841,0.00551099,-0.000320071,-0.0154575,1.70409,0.0147538,0,0
941563861,0,-0.551759,-0.958456,0.275976,0.656988,0.00396108,-0.00421698,0.753879,0.019323,-0.0202909,0.000234432,-0.00115349,-0.0115136,1.70794,0.0147538,0,0
941596731,0,-0.55144,-0.957896,0.275916,0.656243,0.00340611,-0.00398832,0.754531,0.00746567,-0.0149241,-0.000714371,-0.00154823,-0.0103748,1.70992,0.0106721,0,0
941626576,0,-0.551064,-0.957938,0.276158,0.656364,0.00370961,-0.00425216,0.754423,-0.00674882,-0.0177372,0.00881553,-0.00154624,-0.0111794,1.70959,0.0111794,0,0
941663976,0,-0.551064,-0.957938,0.276158,0.656364,0.00370961,-0.00425216,0.754423,-0.00674882,-0.0177372,0.00881553,-0.00154624,-0.0111794,1.70959,0.0111794,0,0
941693580,0,-0.549873,-0.958826,0.276653,0.657689,0.00598438,-0.00800213,0.753223,-0.00991415,-0.00243739,0.00918198,-0.00418386,-0.0195422,1.70605,0.0173602,0,0
941730042,0,-0.549434,-0.959191,0.277004,0.658364,0.00643567,-0.00910988,0.752617,-0.0138808,-0.0209048,0.00603345,-0.00523974,-0.0216841,1.70425,0.0210156,0,0
941762308,0,-0.549434,-0.959191,0.277004,0.658364,0.00643567,-0.00910988,0.752617,-0.0138808,-0.0209048,0.00603345,-0.00523974,-0.0216841,1.70425,0.0210156,0,0
941794634,0,-0.548924,-0.959526,0.277485,0.658545,0.00616347,-0.0112474,0.752432,-0.00944891,-0.019515,0.0164515,-0.00881065,-0.0240914,1.70379,0.0245554,0,0
941824910,0,-0.548534,-0.959553,0.278073,0.658278,0.00678776,-0.0129821,0.752633,-0.00024499,-0.019455,0.0165445,-0.0106093,-0.0273125,1.70449,0.029214,0,0
941863762,0,-0.548095,-0.959108,0.278694,0.657533,0.00792984,-0.0154276,0.753226,0.0135194,-0.0150043,0.0186031,-0.0128197,-0.0322398,1.70646,0.029214,0,0
941893498,0,-0.548095,-0.959108,0.278694,0.657533,0.00792984,-0.0154276,0.753226,0.0135194,-0.0150043,0.0186031,-0.0128197,-0.0322398,1.70646,0.0358135,0,0
941925832,0,-0.548046,-0.956265,0.281443,0.654944,0.00762772,-0.0183436,0.755417,0.0578839,0.00372369,0.0608989,-0.0177348,-0.0355598,1.71335,0.0349241,0,0
941963765,0,-0.548241,-0.954029,0.284211,0.654075,0.00496663,-0.019804,0.756154,0.0679892,-0.000614841,0.0836283,-0.023468,-0.0334239,1.71571,0.0349241,0,0
941993562,0,-0.548433,-0.951463,0.287668,0.653983,0.00516359,-0.0174187,0.756291,0.0811221,0.00109155,0.109396,-0.0196038,-0.0305981,1.71593,0.0314002,0,0
942027377,0,-0.549206,-0.947839,0.293016,0.654249,0.00576851,-0.0157383,0.756093,0.104155,0.00597963,0.143014,-0.0162589,-0.0293208,1.71521,0.0293208,0,0
942063214,0,-0.54989,-0.944669,0.29787,0.654651,0.0021012,-0.0182333,0.755709,0.112783,-0.0108797,0.169339,-0.0248186,-0.027052,1.7142,0.0293208,0,0
942093745,0,-0.550096,-0.940036,0.305739,0.656034,-0.000380103,-0.0168267,0.754544,0.123623,-0.0109138,0.209027,-0.0259006,-0.0215058,1.71052,0.0240416,0,0
942124862,0,-0.550716,-0.935946,0.313844,0.657187,-0.00124577,-0.0153756,0.75357,0.124643,0.000426541,0.239229,-0.0248173,-0.0183327,1.70745,0.0187546,0,0
942162284,0,-0.551565,-0.932017,0.322559,0.658105,-0.00187289,-0.0143207,0.752787,0.120787,0.0108786,0.253195,-0.0240314,-0.01603,1.705,0.0187546,0,0
942193703,0,-0.55262,-0.928386,0.331544,0.658686,-0.00159443,-0.0132224,0.7523,0.112584,0.0194589,0.261297,-0.0219992,-0.0150204,1.70346,0.0155948,0,0
942224381,0,-0.553621,-0.924826,0.340559,0.659017,-0.0015016,-0.0132935,0.752009,0.107297,0.00074292,0.258708,-0.0219772,-0.0152634,1.70258,0.0150156,0,0
942263546,0,-0.553621,-0.924826,0.340559,0.659017,-0.0015016,-0.0132935,0.752009,0.107297,0.00074292,0.258708,-0.0219772,-0.0152634,1.70258,0.0150156,0,0
942293648,0,-0.553391,-0.917606,0.35759,0.65918,-0.00016521,-0.0119412,0.75189,0.0975942,-0.0162211,0.236988,-0.0181779,-0.015495,1.70215,0.0152221,0,0
942323682,0,-0.553391,-0.917606,0.35759,0.65918,-0.00016521,-0.0119412,0.75189,0.0975942,-0.0162211,0.236988,-0.0181779,-0.015495,1.70215,0.0162756,0,0
942371768,0,-0.553829,-0.910489,0.372993,0.658789,-0.000311624,-0.0122757,0.752227,0.110741,-0.0132503,0.209757,-0.0188823,-0.0157061,1.70319,0.0162756,0,0
942399879,0,-0.553829,-0.910489,0.372993,0.658789,-0.000311624,-0.0122757,0.752227,0.110741,-0.0132503,0.209757,-0.0188823,-0.0157061,1.70319,0.0157061,0,0
942427029,0,-0.553935,-0.906682,0.379974,0.658931,0.000554004,-0.0107711,0.752126,0.112363,-0.0055331,0.195411,-0.0154747,-0.0150288,1.70281,0.0147118,0,0
942462690,0,-0.554331,-0.902857,0.386573,0.659142,-6.90571e-05,-0.0112438,0.751935,0.111145,0.00155196,0.181727,-0.0170029,-0.0147192,1.70225,0.0147118,0,0
942494855,0,-0.554475,-0.898618,0.392828,0.658983,-1.60293e-05,-0.0140262,0.752027,0.109238,-0.0296622,0.138552,-0.0211224,-0.0184629,1.70268,0.0170536,0,0
942524331,0,-0.553553,-0.895424,0.396478,0.658297,0.000580538,-0.0157993,0.752593,0.104364,-0.0544631,0.108393,-0.023024,-0.0216768,1.70452,0.0220623,0,0
942560204,0,-0.552207,-0.890987,0.400315,0.657299,0.00441617,-0.0122365,0.753517,0.104375,-0.0479218,0.0836989,-0.0126389,-0.0227434,1.70713,0.0220623,0,0
942593723,0,-0.551448,-0.887046,0.402894,0.656371,0.00715013,-0.0101406,0.754336,0.112724,-0.0333237,0.0636358,-0.00591438,-0.0241016,1.70953,0.0235234,0,0
942625766,0,-0.551464,-0.883553,0.404681,0.655998,0.00690971,-0.0108062,0.754654,0.118905,-0.0232458,0.0500664,-0.00724657,-0.024609,1.71053,0.0243281,0,0
942662369,0,-0.551806,-0.879273,0.406035,0.656377,0.00583905,-0.00942117,0.754352,0.128518,0.00301142,0.0279404,-0.00655004,-0.0211787,1.70954,0.0243281,0,0
942695006,0,-0.553106,-0.874147,0.406588,0.65732,0.00461677,-0.00990147,0.753533,0.130869,0.0129881,-0.00458647,-0.00885465,-0.019976,1.70706,0.0203827,0,0
942727499,0,-0.553106,-0.874147,0.406588,0.65732,0.00461677,-0.00990147,0.753533,0.130869,0.0129881,-0.00458647,-0.00885465,-0.019976,1.70706,0.0196559,0,0
942762542,0,-0.554385,-0.864894,0.403942,0.657389,0.00316992,-0.0114207,0.753458,0.131259,-0.0405847,-0.0624295,-0.0130452,-0.0197938,1.7069,0.0196559,0,0
942794645,0,-0.553586,-0.859989,0.401637,0.658104,0.00389513,-0.0109033,0.752838,0.134325,-0.0385779,-0.0725239,-0.0112927,-0.0202173,1.70499,0.0200702,0,0
942825310,0,-0.553455,-0.855083,0.399354,0.659217,0.000939735,-0.0116273,0.751862,0.140961,-0.0207516,-0.0678671,-0.0162482,-0.0167437,1.70206,0.0181645,0,0
942859879,0,-0.553455,-0.855083,0.399354,0.659217,0.000939735,-0.0116273,0.751862,0.140961,-0.0207516,-0.0678671,-0.0162482,-0.0167437,1.70206,0.0181645,0,0
942894116,0,-0.553504,-0.845673,0.395174,0.660042,-0.000846745,-0.00963062,0.751166,0.126552,-0.00223346,-0.0600929,-0.0155878,-0.0114414,1.69985,0.0111737,0,0
942923998,0,-0.553504,-0.845673,0.395174,0.660042,-0.000846745,-0.00963062,0.751166,0.126552,-0.00223346,-0.0600929,-0.0155878,-0.0114414,1.69985,0.0143518,0,0
942961196,0,-0.553912,-0.841631,0.393228,0.65976,-0.000178485,-0.0132532,0.75136,0.118549,0.00815435,-0.0545254,-0.0201558,-0.0172206,1.70061,0.0143518,0,0
942993485,0,-0.554701,-0.837684,0.391302,0.658935,-0.0036207,-0.0212024,0.751892,0.117268,0.0165039,-0.0571562,-0.0366729,-0.0224991,1.7028,0.0224991,0,0
943025825,0,-0.555369,-0.833569,0.389311,0.657683,-0.010882,-0.0301509,0.752613,0.121218,0.0079278,-0.058913,-0.0597494,-0.0232818,1.70591,0.0233715,0,0
943060189,0,-0.555446,-0.828453,0.386822,0.656247,-0.0154493,-0.0347043,0.753589,0.130873,-0.030157,-0.0723736,-0.0726646,-0.0222661,1.70948,0.0233715,0,0
943094509,0,-0.554654,-0.823655,0.384603,0.655672,-0.0170248,-0.0357778,0.754005,0.13505,-0.0353475,-0.0679125,-0.0763701,-0.021245,1.71089,0.0216585,0,0
943123505,0,-0.553451,-0.81877,0.382488,0.655544,-0.0197862,-0.0362544,0.754027,0.131184,-0.0509292,-0.0657521,-0.0807153,-0.017695,1.71102,0.0168956,0,0
943164171,0,-0.551024,-0.813306,0.380243,0.655939,-0.0226224,-0.0348291,0.75367,0.12172,-0.0925453,-0.0681546,-0.0822754,-0.0115922,1.70972,0.0168956,0,0
943193830,0,-0.547824,-0.808694,0.378245,0.656409,-0.019768,-0.0294355,0.753572,0.116697,-0.114743,-0.0702254,-0.0703761,-0.00885027,1.70871,0.009959,0,0
943224785,0,-0.543813,-0.804176,0.37623,0.656601,-0.0124847,-0.0218208,0.753819,0.111723,-0.122108,-0.0573759,-0.0493152,-0.00983293,1.70868,0.00978143,0,0
943259767,0,-0.543813,-0.804176,0.37623,0.656601,-0.0124847,-0.0218208,0.753819,0.111723,-0.122108,-0.0573759,-0.0493152,-0.00983293,1.70868,0.00978143,0,0
943294166,0,-0.535377,-0.795449,0.373617,0.656869,-0.00542962,-0.0157154,0.753822,0.0982865,-0.139561,-0.0359711,-0.0308336,-0.0124603,1.70823,0.011754,0,0
943323677,0,-0.531041,-0.791512,0.372495,0.657196,-0.00490754,-0.0176496,0.753497,0.0923514,-0.151309,-0.039184,-0.0330585,-0.0158035,1.70738,0.0145878,0,0
943359966,0,-0.531041,-0.791512,0.372495,0.657196,-0.00490754,-0.0176496,0.753497,0.0923514,-0.151309,-0.039184,-0.0330585,-0.0158035,1.70738,0.0145878,0,0
943393166,0,-0.526253,-0.787549,0.371384,0.657718,-0.00337752,-0.0185834,0.753027,0.0972036,-0.154792,-0.0380316,-0.0324423,-0.0193598,1.70602,0.0197684,0,0
943426284,0,-0.520221,-0.782814,0.370492,0.6582,-0.00426419,-0.0173422,0.752631,0.0891228,-0.177377,-0.0291545,-0.0317276,-0.0164113,1.70472,0.0135243,0,0
943463181,0,-0.514396,-0.778905,0.36983,0.658216,-0.00606132,-0.0143581,0.752668,0.0842743,-0.190857,-0.0296042,-0.0295989,-0.00977738,1.70463,0.0135243,0,0
943495937,0,-0.508041,-0.775339,0.369111,0.657712,-0.00472151,-0.011098,0.753173,0.0716101,-0.188911,-0.0238003,-0.0229309,-0.00748642,1.706,0.00772433,0,0
943524064,0,-0.501754,-0.772332,0.368968,0.657116,-0.00424315,-0.0128082,0.753668,0.058848,-0.185255,-0.00184587,-0.0248867,-0.0104373,1.70759,0.0114882,0,0
943562497,0,-0.495248,-0.769559,0.369075,0.656637,-0.00373403,-0.0141584,0.754064,0.050853,-0.207322,-0.00646381,-0.0262617,-0.0129628,1.70887,0.0114882,0,0
943595569,0,-0.48742,-0.766594,0.368911,0.656277,-0.000206136,-0.0107631,0.754443,0.045398,-0.195564,-0.00680726,-0.0165132,-0.0138166,1.70986,0.0134708,0,0
943624281,0,-0.480391,-0.764232,0.36872,0.656252,0.00692129,-0.00227266,0.754507,0.0324454,-0.217024,-0.00371193,0.0056553,-0.0134276,1.70983,0.0135401,0,0
943661946,0,-0.480391,-0.764232,0.36872,0.656252,0.00692129,-0.00227266,0.754507,0.0324454,-0.217024,-0.00371193,0.0056553,-0.0134276,1.70983,0.0135401,0,0
943696850,0,-0.467694,-0.761234,0.368959,0.656563,0.0176998,0.00699178,0.754031,0.0104983,-0.144799,0.0186717,0.0337978,-0.0175123,1.70848,0.0153392,0,0
943725217,0,-0.463157,-0.760414,0.369389,0.65704,0.0120182,-0.000991799,0.753759,0.00142853,-0.138863,0.00659928,0.014301,-0.0194222,1.70756,0.0190683,0,0
943761904,0,-0.463157,-0.760414,0.369389,0.65704,0.0120182,-0.000991799,0.753759,0.00142853,-0.138863,0.00659928,0.014301,-0.0194222,1.70756,0.0190683,0,0
943796058,0,-0.457894,-0.759893,0.369182,0.657728,0.00520837,-0.0103823,0.753166,-0.0130579,-0.135569,-0.0153941,-0.00879002,-0.0215047,1.70597,0.0215047,0,0
943824365,0,-0.452702,-0.759878,0.368208,0.657973,0.00361068,-0.0124669,0.75293,-0.0231531,-0.165307,-0.0330026,-0.0140257,-0.0218447,1.70535,0.022258,0,0
943861908,0,-0.44674,-0.760031,0.366899,0.657703,0.00784142,-0.00815348,0.753193,-0.0268699,-0.165535,-0.040714,-0.00196814,-0.0225392,1.70597,0.022258,0,0
943895689,0,-0.440778,-0.760187,0.365382,0.657136,0.0153463,0.00209134,0.753613,-0.0296182,-0.151461,-0.0359806,0.0233283,-0.0203832,1.70712,0.0206493,0,0
943925945,0,-0.435758,-0.7605,0.363876,0.656542,0.0208223,0.00936523,0.753944,-0.0311205,-0.136552,-0.0397521,0.0414826,-0.0191015,1.70829,0.0192715,0,0
943963197,0,-0.431429,-0.760965,0.361989,0.656042,0.0238552,0.0125969,0.754242,-0.0275361,-0.0935715,-0.0427854,0.0503331,-0.0194582,1.70935,0.0192715,0,0
943995527,0,-0.428861,-0.761397,0.360016,0.655951,0.023507,0.0127747,0.754329,-0.0254916,-0.0711886,-0.0628439,0.0501413,-0.0187059,1.70962,0.0192085,0,0
944025067,0,-0.427203,-0.761928,0.357814,0.656425,0.0224444,0.0108978,0.753979,-0.0206558,-0.0360418,-0.059545,0.0459243,-0.0195392,1.70846,0.0195392,0,0
944062276,0,-0.427203,-0.761928,0.357814,0.656425,0.0224444,0.0108978,0.753979,-0.0206558,-0.0360418,-0.059545,0.0459243,-0.0195392,1.70846,0.0195392,0,0
944096249,0,-0.426048,-0.763255,0.353323,0.658129,0.0113502,-0.00305244,0.752814,-0.0181292,-0.00230737,-0.0673408,0.0103464,-0.0211085,1.7047,0.0215396,0,0
944124108,0,-0.425533,-0.764,0.350571,0.659081,0.0021083,-0.00984774,0.752005,-0.0292636,-0.0249148,-0.0823729,-0.0120339,-0.0161525,1.70241,0.0176078,0,0
944162296,0,-0.424278,-0.764843,0.347752,0.659629,-0.000923381,-0.0117039,0.7515,-0.0337906,-0.0374414,-0.0967365,-0.0188121,-0.0140531,1.70095,0.0176078,0,0
944196035,0,-0.421797,-0.766011,0.343911,0.659286,-0.00077563,-0.011277,0.751807,-0.0397883,-0.0616929,-0.0908835,-0.0179816,-0.0137037,1.70187,0.0137801,0,0
944224201,0,-0.421797,-0.766011,0.343911,0.659286,-0.00077563,-0.011277,0.751807,-0.0397883,-0.0616929,-0.0908835,-0.0179816,-0.0137037,1.70187,0.0139438,0,0
944262351,0,-0.419567,-0.766968,0.341132,0.658507,-0.00224093,-0.0130164,0.752459,-0.0360126,-0.0653458,-0.0779224,-0.022544,-0.0137708,1.70393,0.0139229,0,0
944295496,0,-0.416754,-0.767935,0.338793,0.657804,-0.00173259,-0.0125661,0.753083,-0.0355663,-0.0737442,-0.0674858,-0.0212097,-0.0139229,1.7058,0.0139229,0,0
944323707,0,-0.413035,-0.769035,0.33633,0.657128,0.00100079,-0.0108182,0.753701,-0.0432412,-0.0968531,-0.0607954,-0.0149944,-0.0157271,1.7076,0.017372,0,0
944363240,0,-0.409515,-0.770051,0.334451,0.65646,0.00464189,-0.0109315,0.754267,-0.038851,-0.0933998,-0.0516492,-0.0103987,-0.0213563,1.70935,0.017372,0,0
944395702,0,-0.406153,-0.771015,0.33303,0.655834,0.0111354,-0.0144699,0.754684,-0.0402422,-0.0843477,-0.0368239,-0.00723913,-0.0357948,1.71086,0.029941,0,0
944423907,0,-0.402868,-0.772016,0.331806,0.655208,0.0208804,-0.0221207,0.754836,-0.0374637,-0.0951528,-0.0247713,-0.00604412,-0.0605468,1.71206,0.0630383,0,0
944467415,0,-0.399446,-0.772494,0.330968,0.654791,0.0253875,-0.0268793,0.754905,-0.0184706,-0.103947,-0.0247428,-0.00735559,-0.0735973,1.71286,0.0630383,0,0
944501163,0,-0.395858,-0.772197,0.330434,0.654598,0.0281408,-0.0279774,0.754935,0.00207217,-0.0972453,-0.00780822,-0.00541741,-0.0791997,1.71314,0.0768668,0,0
944526136,0,-0.392338,-0.771141,0.330405,0.654862,0.0291999,-0.0302351,0.754579,0.0213127,-0.1129,-0.00205737,-0.0074118,-0.0837649,1.71237,0.0837648,0,0
944562725,0,-0.3882,-0.768943,0.330047,0.6554,0.0279389,-0.0304027,0.754152,0.0472105,-0.116943,-0.0202325,-0.00926557,-0.0820844,1.71107,0.0837648,0,0
944592087,0,-0.384458,-0.766179,0.329595,0.655816,0.0261453,-0.0272109,0.753977,0.069772,-0.115719,-0.0160788,-0.00675893,-0.0751874,1.71008,0.0800973,0,0
944628678,0,-0.380909,-0.762855,0.329315,0.656112,0.0262058,-0.0245274,0.753809,0.0833119,-0.111723,-0.0178762,-0.00259689,-0.0717553,1.70925,0.0723076,0,0
944660516,0,-0.380909,-0.762855,0.329315,0.656112,0.0262058,-0.0245274,0.753809,0.0833119,-0.111723,-0.0178762,-0.00259689,-0.0717553,1.70925,0.0723076,0,0
944692776,0,-0.376538,-0.758474,0.328522,0.656434,0.0323653,-0.0179089,0.753476,0.099652,-0.114664,-0.0265044,0.0155448,-0.0723481,1.70767,0.0723481,0,0
944729790,0,-0.374999,-0.755388,0.327965,0.658882,0.0337438,-0.0229625,0.751138,0.0424898,0.0187188,-0.0329209,0.0100033,-0.0810403,1.70106,0.0846189,0,0
944759699,0,-0.380058,-0.755787,0.325692,0.662339,0.0377049,-0.0243827,0.747857,-0.0120901,0.212901,-0.058902,0.013531,-0.0888117,1.69133,0.0846189,0,0
944794723,0,-0.388178,-0.756732,0.323397,0.664126,0.0380227,-0.022121,0.746325,0.0218632,0.212948,-0.0728783,0.0175511,-0.0862437,1.68646,0.0884741,0,0
944825951,0,-0.395052,-0.755818,0.321426,0.662327,0.0367732,-0.006145,0.748286,0.0522403,0.206362,-0.0580133,0.0396048,-0.0632159,1.69127,0.0567857,0,0
944865335,0,-0.403133,-0.754538,0.320511,0.660126,0.027357,-0.00195183,0.750655,0.0607692,0.234854,-0.0232012,0.0332256,-0.0436621,1.69823,0.0567857,0,0
944895344,0,-0.412078,-0.753367,0.320482,0.658461,0.015545,-0.00365886,0.752446,0.0603569,0.241982,-0.00733704,0.0149719,-0.0282157,1.70362,0.031916,0,0
944925580,0,-0.422377,-0.752137,0.320313,0.657769,0.00571396,-0.00753747,0.753161,0.0620823,0.245297,-0.00737221,-0.00383759,-0.0185239,1.70584,0.0185239,0,0
944957414,0,-0.422377,-0.752137,0.320313,0.657769,0.00571396,-0.00753747,0.753161,0.0620823,0.245297,-0.00737221,-0.00383759,-0.0185239,1.70584,0.0185239,0,0
944990686,0,-0.439096,-0.749869,0.3192,0.657806,0.00431218,-0.00680962,0.753144,0.0652653,0.225434,-0.0190412,-0.00458465,-0.0154548,1.70577,0.0149708,0,0
945028429,0,-0.446747,-0.748697,0.318547,0.657576,0.005105,-0.00612563,0.753346,0.066213,0.223922,-0.0158352,-0.00251591,-0.0157485,1.70636,0.0157467,0,0
945061479,0,-0.446747,-0.748697,0.318547,0.657576,0.005105,-0.00612563,0.753346,0.066213,0.223922,-0.0158352,-0.00251591,-0.0157485,1.70636,0.0157467,0,0
945092794,0,-0.454233,-0.747714,0.318319,0.657136,0.00396858,-0.00724553,0.753726,0.053402,0.205142,0.00312509,-0.00570721,-0.0155057,1.70755,0.0158301,0,0
945129536,0,-0.468813,-0.746322,0.31866,0.656009,0.00434976,-0.0132923,0.754624,0.049909,0.208556,0.00622192,-0.014359,-0.0240069,1.71056,0.0218846,0,0
945159711,0,-0.468813,-0.746322,0.31866,0.656009,0.00434976,-0.0132923,0.754624,0.049909,0.208556,0.00622192,-0.014359,-0.0240069,1.71056,0.0218846,0,0
945190570,0,-0.477095,-0.745389,0.318745,0.656016,0.00376808,-0.0194602,0.754487,0.058914,0.206311,0.00241428,-0.0244354,-0.0312235,1.71058,0.0312235,0,0
945228591,0,-0.484586,-0.744324,0.318529,0.656214,-0.00301961,-0.0293121,0.753999,0.0579056,0.204454,-0.00440159,-0.048212,-0.033923,1.71007,0.0336179,0,0
945259851,0,-0.491433,-0.743243,0.317796,0.656515,-0.00695919,-0.0327568,0.753569,0.0523389,0.17085,-0.0130819,-0.0585712,-0.032528,1.70919,0.0336179,0,0
945289937,0,-0.49732,-0.742125,0.317102,0.656983,-0.0097943,-0.0355319,0.753004,0.0555009,0.161803,-0.0115901,-0.0664636,-0.0319429,1.70785,0.0320193,0,0
945328414,0,-0.50233,-0.740893,0.31634,0.657505,-0.0138155,-0.0383044,0.752349,0.0507131,0.126666,-0.0172464,-0.0759102,-0.0295869,1.70626,0.0288652,0,0
945360263,0,-0.505997,-0.739617,0.315375,0.658243,-0.0167326,-0.0374244,0.751689,0.04762,0.0678415,-0.0256951,-0.0783944,-0.0241156,1.7041,0.0288652,0,0
945392788,0,-0.507899,-0.737996,0.31413,0.658976,-0.0109716,-0.0253475,0.751657,0.040059,0.030837,-0.0259955,-0.0525971,-0.0169138,1.70246,0.0200841,0,0
945428683,0,-0.508742,-0.736822,0.313551,0.659134,-0.00755303,-0.0181765,0.751768,0.0359931,0.0309217,-0.0142381,-0.0372975,-0.0126055,1.70215,0.0126055,0,0
945462040,0,-0.50979,-0.735823,0.312928,0.659309,-0.00409572,-0.0117281,0.75177,0.0232541,0.0295525,-0.0202437,-0.0230374,-0.00930696,1.70177,0.0126055,0,0
945489754,0,-0.50979,-0.735823,0.312928,0.659309,-0.00409572,-0.0117281,0.75177,0.0232541,0.0295525,-0.0202437,-0.0230374,-0.00930696,1.70177,0.0088198,0,0
945543579,0,-0.511941,-0.735941,0.311802,0.658559,-0.00312969,-0.0095821,0.752462,-0.018508,0.0292264,-0.015646,-0.0185441,-0.00791089,1.70377,0.00870552,0,0
945566928,0,-0.512937,-0.737174,0.311185,0.658081,-0.00523548,-0.0114919,0.752842,-0.0400543,0.0259142,-0.020797,-0.0241968,-0.00724223,1.70501,0.00870552,0,0
945591541,0,-0.512937,-0.737174,0.311185,0.658081,-0.00523548,-0.0114919,0.752842,-0.0400543,0.0259142,-0.020797,-0.0241968,-0.00724223,1.70501,0.00777776,0,0
945628108,0,-0.513513,-0.739203,0.31049,0.657542,-0.00522776,-0.0141764,0.753266,-0.0579765,0.0292905,-0.0142082,-0.0282376,-0.0107676,1.70644,0.0149016,0,0
945660213,0,-0.513762,-0.742268,0.310015,0.657169,-0.00432121,-0.0186841,0.753499,-0.0773761,0.0123296,-0.00832423,-0.0338484,-0.0180461,1.70746,0.0190492,0,0
945690723,0,-0.513847,-0.744905,0.309917,0.657332,-0.00761984,-0.0232201,0.753205,-0.0943828,0.000682812,-0.00417578,-0.0450198,-0.0190492,1.70695,0.0190492,0,0
945728804,0,-0.513173,-0.749031,0.309768,0.65795,-0.0102462,-0.0253997,0.752564,-0.116537,-0.0180359,-0.00428725,-0.0517442,-0.0180027,1.70522,0.017619,0,0
945759634,0,-0.511557,-0.752973,0.309454,0.658627,-0.0065467,-0.01916,0.752197,-0.123088,-0.0387237,-0.00866026,-0.037461,-0.0153903,1.70354,0.017619,0,0
945789722,0,-0.509563,-0.757397,0.309398,0.659296,-0.00108412,-0.013337,0.751764,-0.132779,-0.0296279,0.00225241,-0.0214865,-0.0159568,1.70184,0.0154537,0,0
945828430,0,-0.5079,-0.762286,0.309673,0.659772,0.00282546,-0.0151856,0.751307,-0.149582,-0.0210116,0.00899846,-0.0190966,-0.024286,1.70058,0.0261396,0,0
945860280,0,-0.5063,-0.767497,0.30953,0.659939,0.00759648,-0.0205878,0.750998,-0.155079,-0.0310003,0.000959324,-0.0209135,-0.0385929,1.7001,0.0261396,0,0
945891281,0,-0.504556,-0.77266,0.309003,0.659957,0.0132372,-0.0282324,0.750656,-0.151554,-0.0410111,-0.0140938,-0.0249572,-0.0571686,1.69993,0.0492943,0,0
945929555,0,-0.502592,-0.777367,0.308264,0.659909,0.0178267,-0.0334335,0.750389,-0.134832,-0.049918,-0.0146364,-0.0267186,-0.0709396,1.69988,0.0709396,0,0
945961036,0,-0.502592,-0.777367,0.308264,0.659909,0.0178267,-0.0334335,0.750389,-0.134832,-0.049918,-0.0146364,-0.0267186,-0.0709396,1.69988,0.0709396,0,0
945990423,0,-0.497656,-0.784522,0.306432,0.659522,0.0268255,-0.0380077,0.750245,-0.0799423,-0.0570607,-0.0147879,-0.0217369,-0.0905087,1.70031,0.0870156,0,0
946028455,0,-0.495415,-0.786253,0.305784,0.659292,0.0273069,-0.035739,0.750541,-0.0549041,-0.0599521,-0.0162329,-0.0177104,-0.0882292,1.70084,0.0895019,0,0
946060093,0,-0.495415,-0.786253,0.305784,0.659292,0.0273069,-0.035739,0.750541,-0.0549041,-0.0599521,-0.0162329,-0.0177104,-0.0882292,1.70084,0.0895019,0,0
946090886,0,-0.493185,-0.787195,0.304985,0.658954,0.0258521,-0.0333455,0.750999,-0.0346662,-0.0627376,-0.0238975,-0.01607,-0.082871,1.70184,0.0818768,0,0
946132801,0,-0.489086,-0.787488,0.304007,0.658548,0.0220506,-0.0306117,0.751593,-0.00631216,-0.0744842,-0.0146025,-0.0170192,-0.0735309,1.7032,0.0755777,0,0
946161008,0,-0.489086,-0.787488,0.304007,0.658548,0.0220506,-0.0306117,0.751593,-0.00631216,-0.0744842,-0.0146025,-0.0170192,-0.0735309,1.7032,0.0755777,0,0
946191471,0,-0.486741,-0.786913,0.303543,0.65832,0.0224166,-0.028451,0.751867,0.00902348,-0.0767453,-0.0204169,-0.0133023,-0.0712284,1.70375,0.0712284,0,0
946228544,0,-0.484289,-0.785542,0.302684,0.657634,0.0221525,-0.0281756,0.752485,0.0337781,-0.0592051,-0.0309425,-0.0133003,-0.0704556,1.70559,0.0707741,0,0
946259782,0,-0.482353,-0.783831,0.301519,0.656725,0.0217593,-0.0306055,0.753194,0.0459203,-0.0490664,-0.0326216,-0.0175717,-0.0730416,1.70807,0.0707741,0,0
946291937,0,-0.480694,-0.781463,0.30036,0.656195,0.0210559,-0.0334198,0.753556,0.0647899,-0.0584178,-0.0360769,-0.022801,-0.0756655,1.70957,0.0750887,0,0
946328336,0,-0.478297,-0.778137,0.299249,0.656043,0.0209652,-0.034334,0.75365,0.0794668,-0.0783266,-0.0328648,-0.0243173,-0.0767253,1.70999,0.0767253,0,0
946360674,0,-0.476384,-0.775253,0.298482,0.655991,0.0211921,-0.0341374,0.753698,0.082312,-0.0860395,-0.0352751,-0.0237271,-0.0768081,1.71011,0.0767253,0,0
946390757,0,-0.473118,-0.771083,0.297654,0.656287,0.0223651,-0.0315566,0.75352,0.0991582,-0.0936966,-0.0239953,-0.0182538,-0.0751963,1.7092,0.076014,0,0
946428210,0,-0.470049,-0.767084,0.297312,0.656599,0.0230054,-0.0287915,0.753339,0.102055,-0.0984404,-0.0184744,-0.013204,-0.0725343,1.70829,0.0726466,0,0
946460576,0,-0.470049,-0.767084,0.297312,0.656599,0.0230054,-0.0287915,0.753339,0.102055,-0.0984404,-0.0184744,-0.013204,-0.0725343,1.70829,0.0726466,0,0
946491532,0,-0.463364,-0.758704,0.295866,0.65641,0.0244657,-0.024376,0.753613,0.106907,-0.107293,-0.0389247,-0.00463207,-0.0689313,1.70861,0.0699437,0,0
946528829,0,-0.460488,-0.754227,0.294519,0.655822,0.0218692,-0.0244399,0.754203,0.108921,-0.108592,-0.0495558,-0.00819815,-0.0650899,1.71038,0.0660955,0,0
946567824,0,-0.460488,-0.754227,0.294519,0.655822,0.0218692,-0.0244399,0.754203,0.108921,-0.108592,-0.0495558,-0.00819815,-0.0650899,1.71038,0.0660955,0,0
946601021,0,-0.456784,-0.74882,0.29281,0.655524,0.0161044,-0.0226967,0.754662,0.117985,-0.109176,-0.0471634,-0.0131626,-0.0540896,1.71152,0.0540896,0,0
946624664,0,-0.453477,-0.744831,0.29165,0.655487,0.0130526,-0.0203096,0.75482,0.112614,-0.132971,-0.0417949,-0.0135636,-0.0463468,1.71175,0.0414406,0,0
946656743,0,-0.448794,-0.739745,0.290907,0.655477,0.00767067,-0.0186611,0.754945,0.103426,-0.147146,-0.0214441,-0.018133,-0.0360535,1.71194,0.0414406,0,0
946691888,0,-0.448794,-0.739745,0.290907,0.655477,0.00767067,-0.0186611,0.754945,0.103426,-0.147146,-0.0214441,-0.018133,-0.0360535,1.71194,0.0289727,0,0
946727385,0,-0.438662,-0.731774,0.290835,0.655782,0.00283098,-0.0154202,0.754787,0.0827504,-0.166203,-6.31874e-05,-0.0195721,-0.0245007,1.71118,0.0226664,0,0
946756833,0,-0.432335,-0.727792,0.290956,0.655698,-0.00121753,-0.014129,0.75489,0.0695866,-0.189186,-0.00920403,-0.0229335,-0.0166912,1.7114,0.0226664,0,0
946789912,0,-0.427091,-0.72514,0.290643,0.655546,-0.00149428,-0.0105175,0.755081,0.0554379,-0.20024,-0.0183074,-0.0178443,-0.011533,1.71179,0.0130823,0,0
946824696,0,-0.420458,-0.722556,0.29,0.6553,0.000490531,-0.00579686,0.755346,0.0397934,-0.197272,-0.0204214,-0.00811476,-0.00833851,1.71244,0.00816519,0,0
946859076,0,-0.420458,-0.722556,0.29,0.6553,0.000490531,-0.00579686,0.755346,0.0397934,-0.197272,-0.0204214,-0.00811476,-0.00833851,1.71244,0.00816519,0,0
946890265,0,-0.406445,-0.719208,0.29004,0.655427,0.00789559,-0.00049571,0.755217,0.00456716,-0.185668,0.0126085,0.00960215,-0.0125759,1.71198,0.0109263,0,0
946924138,0,-0.399787,-0.718476,0.290483,0.65593,0.00626905,-0.00225599,0.754792,-0.0101911,-0.192584,0.00917422,0.0048189,-0.0124235,1.7107,0.0125777,0,0
946958688,0,-0.399787,-0.718476,0.290483,0.65593,0.00626905,-0.00225599,0.754792,-0.0101911,-0.192584,0.00917422,0.0048189,-0.0124235,1.7107,0.0125777,0,0
946990950,0,-0.393133,-0.718145,0.290691,0.656645,0.00257159,-0.00557846,0.754175,-0.0191239,-0.196218,0.000689029,-0.00503736,-0.0112052,1.70886,0.0115381,0,0
947027484,0,-0.390681,-0.720149,0.289039,0.657498,0.00354367,-0.0118096,0.753356,-0.0434692,0.215359,-0.0447681,-0.013137,-0.0208704,1.70661,0.0190416,0,0
947057659,0,-0.390681,-0.720149,0.289039,0.657498,0.00354367,-0.0118096,0.753356,-0.0434692,0.215359,-0.0447681,-0.013137,-0.0208704,1.70661,0.0190416,0,0
947090284,0,-0.398549,-0.722863,0.286904,0.657506,0.00250993,-0.0146742,0.753302,-0.0494178,0.172065,-0.058484,-0.0188138,-0.0230803,1.70661,0.0230803,0,0
947124223,0,-0.405108,-0.725877,0.284588,0.655155,0.00164276,-0.0144897,0.755354,-0.058808,0.163028,-0.0477851,-0.019743,-0.0214693,1.71284,0.0207249,0,0
947159250,0,-0.409837,-0.728604,0.283165,0.651225,0.00278088,-0.0131135,0.758767,-0.0625673,0.131878,-0.0263528,-0.0162827,-0.0213014,1.72322,0.0207249,0,0
947189731,0,-0.414425,-0.731448,0.282764,0.645222,0.00498146,-0.0143817,0.763844,-0.0591796,0.134592,0.00167807,-0.0155483,-0.0261718,1.73897,0.0247433,0,0
947228712,0,-0.418744,-0.734189,0.283092,0.637496,0.00745865,-0.0142221,0.770286,-0.0555425,0.119138,0.0123394,-0.0124063,-0.029628,1.75908,0.029728,0,0
947260418,0,-0.422485,-0.73675,0.28372,0.627004,0.0105596,-0.010376,0.778875,-0.0499053,0.114196,0.0212099,-0.00292263,-0.0294652,1.78606,0.029728,0,0
947290849,0,-0.426705,-0.73938,0.284815,0.613847,0.0124158,-0.00872462,0.789279,-0.0443265,0.138313,0.0345854,0.00147113,-0.0303148,1.81954,0.0300243,0,0
947328299,0,-0.431523,-0.742089,0.286152,0.600098,0.0094084,-0.0091997,0.799819,-0.0383101,0.147321,0.0432105,-0.00342543,-0.0260944,1.85426,0.0260944,0,0
947360984,0,-0.431523,-0.742089,0.286152,0.600098,0.0094084,-0.0091997,0.799819,-0.0383101,0.147321,0.0432105,-0.00342543,-0.0260944,1.85426,0.0260944,0,0
947390277,0,-0.441105,-0.7484,0.28943,0.581024,0.00273605,-0.00873253,0.813835,-0.0512118,0.144326,0.0390546,-0.0110357,-0.0146015,1.90164,0.0163438,0,0
947428139,0,-0.446268,-0.752536,0.290924,0.576567,0.00173331,-0.0104927,0.816981,-0.0594726,0.148804,0.0439312,-0.0151481,-0.0149322,1.91258,0.0143947,0,0
947460784,0,-0.446268,-0.752536,0.290924,0.576567,0.00173331,-0.0104927,0.816981,-0.0594726,0.148804,0.0439312,-0.0151481,-0.0149322,1.91258,0.0143947,0,0
947490509,0,-0.450185,-0.756294,0.292289,0.576333,0.00164518,-0.0118882,0.817127,-0.0679048,0.124966,0.0417718,-0.0175353,-0.0163925,1.91317,0.0163073,0,0
947523969,0,-0.453427,-0.759796,0.293482,0.577961,0.00140569,-0.0111355,0.815987,-0.0644228,0.120294,0.0341109,-0.0165506,-0.0151663,1.90917,0.0150465,0,0
947558595,0,-0.456244,-0.763428,0.294619,0.580231,0.00241717,-0.00952775,0.814393,-0.0721412,0.111711,0.0342206,-0.0127154,-0.0149942,1.9036,0.0150465,0,0
947590278,0,-0.458693,-0.767056,0.295712,0.581706,0.00345434,-0.00720166,0.81336,-0.0788286,0.101139,0.0361017,-0.00769711,-0.0139982,1.89995,0.0139982,0,0
947632133,0,-0.463383,-0.774174,0.298315,0.581717,0.00212737,-0.0118541,0.813302,-0.0748653,0.0793161,0.0418204,-0.0168102,-0.0172527,1.89996,0.0167857,0,0
947666690,0,-0.463383,-0.774174,0.298315,0.581717,0.00212737,-0.0118541,0.813302,-0.0748653,0.0793161,0.0418204,-0.0168102,-0.0172527,1.89996,0.0167857,0,0
947694291,0,-0.46554,-0.778084,0.299837,0.580573,0.00298387,-0.0116437,0.814119,-0.0796643,0.0864175,0.0414884,-0.0154972,-0.0183795,1.90277,0.0180254,0,0
947727704,0,-0.466913,-0.781215,0.300955,0.579489,0.00311176,-0.0134889,0.814863,-0.0807953,0.0820183,0.0428132,-0.0183817,-0.0207061,1.90544,0.0220448,0,0
947758669,0,-0.468312,-0.785326,0.302414,0.579154,0.00747369,-0.0136499,0.815069,-0.0887796,0.0495224,0.0311877,-0.0136001,-0.0279975,1.90623,0.0220448,0,0
947795694,0,-0.469368,-0.788964,0.303131,0.578926,0.0160311,-0.0142593,0.815098,-0.0816751,0.06824,0.0249257,-0.0046881,-0.042657,1.90654,0.0346847,0,0
947825813,0,-0.470878,-0.79244,0.303826,0.578726,0.0217478,-0.0219413,0.814937,-0.0643077,0.0792563,0.0282225,-0.0106093,-0.0608797,1.90691,0.0608797,0,0
947855790,0,-0.470878,-0.79244,0.303826,0.578726,0.0217478,-0.0219413,0.814937,-0.0643077,0.0792563,0.0282225,-0.0106093,-0.0608797,1.90691,0.0608797,0,0
947894548,0,-0.472604,-0.795109,0.304345,0.579115,0.0232735,-0.0256246,0.814511,-0.0502048,0.0709327,0.00359953,-0.0148214,-0.0676438,1.90596,0.0679464,0,0
947926134,0,-0.476195,-0.79964,0.303924,0.579336,0.028172,-0.0244186,0.814236,-0.0428735,0.07115,0.0119891,-0.00714255,-0.0742386,1.90504,0.0732113,0,0
947956615,0,-0.476195,-0.79964,0.303924,0.579336,0.028172,-0.0244186,0.814236,-0.0428735,0.07115,0.0119891,-0.00714255,-0.0742386,1.90504,0.0732113,0,0
947994664,0,-0.478605,-0.80152,0.304506,0.580163,0.0300344,-0.0292139,0.813422,-0.0153056,0.0748746,0.0128412,-0.0127208,-0.0828537,1.90301,0.085166,0,0
948025728,0,-0.48174,-0.802364,0.305,0.581161,0.0305411,-0.0320497,0.812583,0.0188323,0.0706272,0.0106578,-0.0166513,-0.0869962,1.90061,0.0865344,0,0
948057784,0,-0.484425,-0.801907,0.304824,0.581062,0.0305374,-0.0304559,0.812716,0.0421715,0.0600137,-0.0161509,-0.0140671,-0.0851327,1.9008,0.0865344,0,0
948094843,0,-0.487257,-0.800579,0.304241,0.580419,0.0291836,-0.0262443,0.813372,0.0638825,0.0596292,-0.0204875,-0.00884229,-0.0780188,1.90235,0.0780188,0,0
948126825,0,-0.490418,-0.798779,0.303745,0.580166,0.0274481,-0.022585,0.813722,0.0801865,0.0628424,-0.0216105,-0.00491938,-0.0709358,1.903,0.0695632,0,0
948160864,0,-0.493764,-0.79667,0.303244,0.579984,0.0276952,-0.0208688,0.81389,0.0919484,0.06864,-0.0237794,-0.00184871,-0.0693445,1.90338,0.0695632,0,0
948195227,0,-0.497907,-0.793854,0.302381,0.579778,0.0276553,-0.0224296,0.813996,0.103932,0.0741098,-0.036546,-0.0044586,-0.0710908,1.90394,0.0707048,0,0
948225836,0,-0.501272,-0.79131,0.301085,0.579169,0.0266132,-0.0248343,0.814394,0.121481,0.0852798,-0.0532358,-0.00964803,-0.0721764,1.90558,0.0725377,0,0
948257660,0,-0.505525,-0.787953,0.299269,0.578325,0.0260918,-0.0265328,0.814958,0.133484,0.0906568,-0.0573781,-0.0131027,-0.0732823,1.90774,0.0725377,0,0
948294521,0,-0.509812,-0.784181,0.297477,0.57778,0.0248919,-0.028501,0.815315,0.141999,0.0840817,-0.0591872,-0.0177594,-0.0735905,1.90922,0.0736552,0,0
948326016,0,-0.514836,-0.779411,0.295299,0.578109,0.0206617,-0.029574,0.815162,0.15874,0.0778809,-0.0657746,-0.0243845,-0.0679314,1.90868,0.0679314,0,0
948356241,0,-0.514836,-0.779411,0.295299,0.578109,0.0206617,-0.029574,0.815162,0.15874,0.0778809,-0.0657746,-0.0243845,-0.0679314,1.90868,0.0679314,0,0
948395037,0,-0.523703,-0.769947,0.290685,0.579395,0.0232731,-0.0230685,0.814388,0.167144,0.0870617,-0.0677367,-0.0106271,-0.0646834,1.9052,0.0633991,0,0
948425819,0,-0.528384,-0.765337,0.289086,0.579531,0.0261662,-0.0246986,0.814156,0.169699,0.0947856,-0.0470214,-0.00991418,-0.0712943,1.90472,0.0701076,0,0
948457809,0,-0.528384,-0.765337,0.289086,0.579531,0.0261662,-0.0246986,0.814156,0.169699,0.0947856,-0.0470214,-0.00991418,-0.0712943,1.90472,0.0701076,0,0
948495251,0,-0.533466,-0.760476,0.28783,0.57956,0.0257847,-0.0308172,0.813938,0.181153,0.0946072,-0.0508655,-0.020342,-0.0777735,1.90486,0.0794438,0,0
948526838,0,-0.543797,-0.748912,0.284352,0.579024,0.0174846,-0.0472195,0.813754,0.209957,0.0713049,-0.0615307,-0.0568293,-0.0832348,1.90709,0.0833401,0,0
948556123,0,-0.543797,-0.748912,0.284352,0.579024,0.0174846,-0.0472195,0.813754,0.209957,0.0713049,-0.0615307,-0.0568293,-0.0832348,1.90709,0.0833401,0,0
948594783,0,-0.54844,-0.742229,0.282845,0.578223,0.0125392,-0.0532089,0.814045,0.224589,0.0488778,-0.0606905,-0.0724348,-0.0820402,1.90935,0.0817617,0,0
948626618,0,-0.552457,-0.734839,0.281577,0.577644,0.0086451,-0.0554725,0.814356,0.239846,0.0377442,-0.0485806,-0.0806953,-0.0782468,1.91084,0.0758645,0,0
948656933,0,-0.556093,-0.726947,0.280766,0.577678,0.0061775,-0.0551285,0.814378,0.24848,0.023903,-0.0360991,-0.0829745,-0.0738217,1.91071,0.0758645,0,0
948698607,0,-0.559235,-0.717347,0.279899,0.578274,0.00928052,-0.0477522,0.814391,0.251704,-0.00878802,-0.0497729,-0.0672618,-0.0704018,1.90906,0.0707662,0,0
948731481,0,-0.559235,-0.717347,0.279899,0.578274,0.00928052,-0.0477522,0.814391,0.251704,-0.00878802,-0.0497729,-0.0672618,-0.0704018,1.90906,0.0707662,0,0
948758608,0,-0.564357,-0.701627,0.278159,0.578849,0.00985362,-0.0481199,0.813954,0.25739,0.000232436,-0.0407985,-0.0671507,-0.0718108,1.90766,0.0702579,0,0
948795095,0,-0.567239,-0.691263,0.276935,0.578771,0.00526124,-0.05059,0.813903,0.263042,-0.0361494,-0.0565609,-0.0765075,-0.0671747,1.90788,0.0686535,0,0
948826825,0,-0.568602,-0.681687,0.275777,0.578667,0.00317817,-0.048183,0.814133,0.272869,-0.0536186,-0.0542263,-0.0749861,-0.0609766,1.90804,0.0609766,0,0
948856629,0,-0.569271,-0.67183,0.274802,0.578619,0.00126647,-0.0460717,0.814294,0.271019,-0.0761233,-0.0502615,-0.0737462,-0.0554069,1.90806,0.0609766,0,0
948890459,0,-0.568932,-0.661737,0.273537,0.578952,-0.000166095,-0.0388165,0.814437,0.261387,-0.112901,-0.0647526,-0.0635256,-0.0446901,1.90706,0.0507826,0,0
948925231,0,-0.567953,-0.651642,0.271597,0.579284,0.00276071,-0.0283457,0.814628,0.258396,-0.119554,-0.075485,-0.0430272,-0.0373471,1.90612,0.037991,0,0
948956349,0,-0.567953,-0.651642,0.271597,0.579284,0.00276071,-0.0283457,0.814628,0.258396,-0.119554,-0.075485,-0.0430272,-0.0373471,1.90612,0.037991,0,0
948990943,0,-0.566116,-0.632107,0.266901,0.580493,0.0074998,-0.0202974,0.813977,0.244747,-0.10369,-0.0703865,-0.024354,-0.0357819,1.90303,0.03391,0,0
949025872,0,-0.565286,-0.623045,0.265086,0.580557,0.0106557,-0.0228815,0.813828,0.235906,-0.103233,-0.0592409,-0.0248973,-0.0439259,1.90286,0.0412928,0,0
949057002,0,-0.565286,-0.623045,0.265086,0.580557,0.0106557,-0.0228815,0.813828,0.235906,-0.103233,-0.0592409,-0.0248973,-0.0439259,1.90286,0.0412928,0,0
949090885,0,-0.56403,-0.604499,0.261719,0.579882,0.0139201,-0.0201678,0.814332,0.247793,-0.101511,-0.0573444,-0.0167211,-0.0460774,1.90438,0.0494086,0,0
949125819,0,-0.56403,-0.604499,0.261719,0.579882,0.0139201,-0.0201678,0.814332,0.247793,-0.101511,-0.0573444,-0.0167211,-0.0460774,1.90438,0.0422501,0,0
949155683,0,-0.563978,-0.59516,0.260467,0.579538,0.0110687,-0.0176042,0.81468,0.252932,-0.0926907,-0.051331,-0.0158664,-0.0384489,1.90527,0.0422501,0,0
949191331,0,-0.563975,-0.585852,0.25915,0.579279,0.00664852,-0.0184126,0.814894,0.251711,-0.0828872,-0.0500248,-0.0223193,-0.0321732,1.90599,0.0321732,0,0
949226125,0,-0.563724,-0.575386,0.257189,0.578836,0.00478564,-0.0187284,0.815215,0.239454,-0.108897,-0.0626775,-0.0250085,-0.0294883,1.90709,0.0292345,0,0
949256800,0,-0.563197,-0.567894,0.25566,0.578707,0.00629465,-0.0167622,0.815339,0.222774,-0.104275,-0.0590007,-0.0200584,-0.0296697,1.90738,0.0292345,0,0
949291841,0,-0.562206,-0.559496,0.253855,0.57874,0.0109682,-0.0110899,0.815363,0.211623,-0.107068,-0.0561195,-0.00539154,-0.0307273,1.90714,0.0307684,0,0
949327409,0,-0.561464,-0.55142,0.252353,0.578777,0.0155225,-0.00436126,0.815327,0.212929,-0.0950782,-0.0503219,0.0108616,-0.0303649,1.90679,0.0311494,0,0
949358455,0,-0.561343,-0.543485,0.251092,0.578566,0.0219991,3.22167e-05,0.815339,0.217254,-0.0658851,-0.0374015,0.0255276,-0.0358439,1.90685,0.0311494,0,0
949391591,0,-0.562204,-0.535745,0.250345,0.578402,0.0249339,-0.00133707,0.81537,0.219815,-0.0285788,-0.0149411,0.0266901,-0.04222,1.90705,0.0402578,0,0
949424674,0,-0.56434,-0.527422,0.250734,0.578192,0.0241867,-0.0149735,0.815405,0.217198,-0.019142,0.00544341,0.00355592,-0.0567896,1.90789,0.0567896,0,0
949457735,0,-0.56434,-0.527422,0.250734,0.578192,0.0241867,-0.0149735,0.815405,0.217198,-0.019142,0.00544341,0.00355592,-0.0567896,1.90789,0.0567896,0,0
949494997,0,-0.567724,-0.511936,0.253166,0.578575,0.0267308,-0.0267108,0.814753,0.233561,-0.0366857,0.0278978,-0.0126292,-0.0745354,1.90709,0.0715596,0,0
949527103,0,-0.568927,-0.504876,0.254787,0.579073,0.0253077,-0.0281543,0.814396,0.239298,-0.0372504,0.040277,-0.0165935,-0.0738951,1.906,0.0738951,0,0
949556150,0,-0.568927,-0.504876,0.254787,0.579073,0.0253077,-0.0281543,0.814396,0.239298,-0.0372504,0.040277,-0.0165935,-0.0738951,1.906,0.0738951,0,0
949594340,0,-0.570778,-0.486991,0.259861,0.580255,0.0220728,-0.0263542,0.813709,0.234494,-0.0618927,0.0590279,-0.0173128,-0.0665552,1.90324,0.0670999,0,0
949627107,0,-0.571043,-0.47993,0.262108,0.580472,0.0220122,-0.025569,0.813581,0.2353,-0.0657388,0.0609285,-0.0160852,-0.0655485,1.90269,0.066076,0,0
949656679,0,-0.571043,-0.47993,0.262108,0.580472,0.0220122,-0.025569,0.813581,0.2353,-0.0657388,0.0609285,-0.0160852,-0.0655485,1.90269,0.066076,0,0
949692945,0,-0.570624,-0.462628,0.267156,0.581026,0.0209914,-0.0243278,0.81325,0.215845,-0.0904302,0.041571,-0.0152064,-0.0624533,1.90135,0.0629171,0,0
949724971,0,-0.56976,-0.454587,0.268909,0.581739,0.0160373,-0.0212669,0.812939,0.212274,-0.0953302,0.0326024,-0.0159396,-0.0508402,1.89976,0.0574089,0,0
949755726,0,-0.56976,-0.454587,0.268909,0.581739,0.0160373,-0.0212669,0.812939,0.212274,-0.0953302,0.0326024,-0.0159396,-0.0508402,1.89976,0.0574089,0,0
949791662,0,-0.568687,-0.446627,0.270187,0.581887,0.0115213,-0.0184176,0.81298,0.192005,-0.111874,0.0169491,-0.0165521,-0.0401778,1.89949,0.0401778,0,0
949824407,0,-0.567063,-0.439126,0.270347,0.581435,0.00835945,-0.0157705,0.813397,0.183794,-0.118932,-0.00742608,-0.0159433,-0.0319436,1.90064,0.0274569,0,0
949857576,0,-0.565199,-0.432064,0.270237,0.580612,0.00375068,-0.0149789,0.814034,0.163409,-0.119225,-0.0115513,-0.0200382,-0.0235024,1.9027,0.0274569,0,0
949892653,0,-0.56273,-0.425889,0.270061,0.57965,0.00272508,-0.0125587,0.814764,0.132415,-0.122634,-0.00505402,-0.0173096,-0.0190011,1.90504,0.0195959,0,0
949925280,0,-0.559598,-0.420483,0.270208,0.578739,0.00275274,-0.00834001,0.815465,0.106618,-0.135481,0.00854626,-0.010417,-0.0141434,1.90725,0.0131198,0,0
949957960,0,-0.556064,-0.415924,0.27092,0.578204,0.0016402,-0.0067363,0.815863,0.0777192,-0.153293,0.021809,-0.00909569,-0.0104665,1.90856,0.0131198,0,0
949993714,0,-0.551745,-0.412128,0.271995,0.577586,0.00218098,-0.00376849,0.816319,0.0510712,-0.154984,0.0283208,-0.00363329,-0.00791408,1.91006,0.00790297,0,0
950026784,0,-0.546773,-0.409154,0.273036,0.576967,0.00840198,0.00338584,0.816717,0.023926,-0.156213,0.0317202,0.0152272,-0.0098172,1.91144,0.0101017,0,0
950056204,0,-0.541599,-0.406846,0.274007,0.576501,0.0167803,0.0121547,0.816833,0.0085509,-0.158453,0.0380508,0.039218,-0.0133994,1.91215,0.0101017,0,0
950095174,0,-0.536439,-0.405043,0.275512,0.576371,0.0224972,0.0155442,0.816731,-0.00908686,-0.127264,0.0445686,0.051356,-0.018831,1.91202,0.0163605,0,0
950124835,0,-0.536439,-0.405043,0.275512,0.576371,0.0224972,0.0155442,0.816731,-0.00908686,-0.127264,0.0445686,0.051356,-0.018831,1.91202,0.0163605,0,0
950157509,0,-0.532758,-0.404266,0.276883,0.576597,0.0228592,0.0145705,0.816579,-0.016739,-0.0914062,0.0454386,0.0501886,-0.0205314,1.91144,0.0204557,0,0
950195078,0,-0.527241,-0.404495,0.278811,0.577555,0.0166818,0.0129784,0.816079,-0.0423108,-0.0547622,0.0179695,0.0404661,-0.012236,1.90957,0.0148568,0,0
950228655,0,-0.524786,-0.405663,0.279094,0.578326,0.0135198,0.00907789,0.815643,-0.0621287,-0.0568637,0.005947,0.0304531,-0.0115549,1.90788,0.0111941,0,0
950261889,0,-0.524786,-0.405663,0.279094,0.578326,0.0135198,0.00907789,0.815643,-0.0621287,-0.0568637,0.005947,0.0304531,-0.0115549,1.90788,0.0111941,0,0
950294695,0,-0.522456,-0.407381,0.278653,0.579074,0.0117459,0.00369904,0.815182,-0.0646232,-0.0431249,-0.0209056,0.0196377,-0.0148666,1.90615,0.0152748,0,0
950324298,0,-0.51981,-0.409566,0.277142,0.579859,0.00999346,-0.00158765,0.814654,-0.0765659,-0.0374067,-0.048589,0.00900442,-0.0181247,1.90433,0.0201562,0,0
950360598,0,-0.517919,-0.411392,0.275163,0.580476,0.00881072,-0.00599627,0.814207,-0.0765729,-0.036703,-0.0718522,0.000464518,-0.0213105,1.90288,0.0201562,0,0
950391925,0,-0.515327,-0.413792,0.271707,0.581327,0.00538706,-0.0113556,0.813573,-0.078377,-0.0472818,-0.0928801,-0.0122172,-0.0219699,1.9009,0.0222204,0,0
950423615,0,-0.512394,-0.415813,0.268053,0.58208,0.00505444,-0.00999675,0.813054,-0.0869807,-0.0691918,-0.112168,-0.0103739,-0.0198582,1.89904,0.0183958,0,0
950460535,0,-0.509202,-0.417475,0.264359,0.582696,0.00972332,-0.000710629,0.812632,-0.09035,-0.0729198,-0.125095,0.0101781,-0.0166319,1.89736,0.0183958,0,0
950492297,0,-0.505089,-0.420226,0.259182,0.583457,0.0177525,0.00845816,0.811906,-0.0985805,-0.0658408,-0.12048,0.0344632,-0.018958,1.89503,0.0180234,0,0
950523484,0,-0.502359,-0.422805,0.254985,0.58389,0.0214198,0.010566,0.811481,-0.0906648,-0.0444521,-0.116654,0.0421849,-0.0224266,1.89368,0.023208,0,0
950560492,0,-0.50026,-0.425313,0.250921,0.584031,0.0227821,0.00967367,0.811354,-0.0846557,-0.025575,-0.105165,0.042335,-0.025672,1.89324,0.023208,0,0
950591717,0,-0.498912,-0.427692,0.24764,0.583803,0.0182905,0.00251659,0.811685,-0.0796112,-0.00815632,-0.0820401,0.0254533,-0.0267571,1.8942,0.0266453,0,0
950623884,0,-0.497283,-0.430494,0.244529,0.58334,0.0127735,-0.00151428,0.812126,-0.0864616,-0.0349242,-0.0766832,0.0124465,-0.0225159,1.89566,0.0237171,0,0
950660955,0,-0.495668,-0.432523,0.242268,0.583045,0.0140877,0.00144969,0.812316,-0.0840506,-0.0247813,-0.0710417,0.0187881,-0.0211984,1.89631,0.0237171,0,0
950691797,0,-0.495668,-0.432523,0.242268,0.583045,0.0140877,0.00144969,0.812316,-0.0840506,-0.0247813,-0.0710417,0.0187881,-0.0211984,1.89631,0.0216242,0,0
950722536,0,-0.493773,-0.434871,0.239835,0.582726,0.0188546,0.00785499,0.812412,-0.0802163,-0.0159929,-0.0628883,0.0347521,-0.0214824,1.89676,0.0204608,0,0
950761229,0,-0.492492,-0.43778,0.237365,0.582135,0.0229288,0.0145046,0.812639,-0.0810965,-0.0024048,-0.0561481,0.050301,-0.0203798,1.89785,0.0204608,0,0
950798994,0,-0.492456,-0.440005,0.235899,0.581703,0.0229181,0.0134219,0.812968,-0.0665713,0.0354993,-0.0425469,0.0485166,-0.02165,1.89892,0.0220837,0,0
950835175,0,-0.493166,-0.442799,0.233914,0.580971,0.0221371,0.0105836,0.813554,-0.0625727,0.04226,-0.0517981,0.042968,-0.0237242,1.90081,0.025425,0,0
950861593,0,-0.494715,-0.445364,0.23234,0.580469,0.016515,-0.000221585,0.814115,-0.0558014,0.0689111,-0.0358912,0.0188202,-0.0271509,1.90253,0.025425,0,0
950891887,0,-0.496666,-0.447782,0.231303,0.580097,0.00758369,-0.00982622,0.814453,-0.0532034,0.0653415,-0.0294579,-0.00720953,-0.0237557,1.90387,0.0242336,0,0
950922517,0,-0.497943,-0.450186,0.230224,0.579941,0.00563324,-0.0121008,0.814549,-0.056768,0.0524413,-0.0275331,-0.0131834,-0.0232147,1.90431,0.0237487,0,0
950960423,0,-0.499046,-0.452571,0.229429,0.579759,0.00446256,-0.0150246,0.814637,-0.0594005,0.0576563,-0.0128441,-0.0193119,-0.0246946,1.90479,0.0237487,0,0
950991969,0,-0.500072,-0.455296,0.229169,0.579513,0.00287594,-0.0145079,0.814829,-0.0546145,0.0340916,-0.00531102,-0.0203158,-0.0215035,1.90539,0.0227758,0,0
951023557,0,-0.500644,-0.457427,0.229046,0.579187,0.00534522,-0.013348,0.815068,-0.0501879,0.0266003,0.00085431,-0.0155725,-0.0241778,1.90617,0.0241778,0,0
951060815,0,-0.500644,-0.457427,0.229046,0.579187,0.00534522,-0.013348,0.815068,-0.0501879,0.0266003,0.00085431,-0.0155725,-0.0241778,1.90617,0.0241778,0,0
951092144,0,-0.500884,-0.46081,0.229511,0.577731,0.0153303,-4.76679e-06,0.816083,-0.04302,0.00887172,0.019795,0.0177123,-0.0250297,1.90931,0.0235941,0,0
951122676,0,-0.501119,-0.462493,0.230677,0.577062,0.0192151,0.00203643,0.816472,-0.041738,0.0217932,0.0326566,0.0255155,-0.029031,1.91071,0.0286839,0,0
951160741,0,-0.501119,-0.462493,0.230677,0.577062,0.0192151,0.00203643,0.816472,-0.041738,0.0217932,0.0326566,0.0255155,-0.029031,1.91071,0.0286839,0,0
951191725,0,-0.503529,-0.465796,0.233917,0.57723,0.0101076,-0.0116276,0.816436,-0.0204383,0.047132,0.0485053,-0.00732096,-0.0299325,1.91087,0.0327184,0,0
951221940,0,-0.503529,-0.465796,0.233917,0.57723,0.0101076,-0.0116276,0.816436,-0.0204383,0.047132,0.0485053,-0.00732096,-0.0299325,1.91087,0.0257861,0,0
951260973,0,-0.504798,-0.466677,0.235374,0.577292,0.00610059,-0.0115859,0.816433,-0.0135035,0.027641,0.0361473,-0.0118781,-0.0233404,1.91079,0.0228416,0,0
951291982,0,-0.505953,-0.467299,0.236806,0.577399,0.005572,-0.0119001,0.816356,-0.00319398,0.0339637,0.0460894,-0.0129986,-0.0228417,1.91054,0.0228416,0,0
951322634,0,-0.507673,-0.467573,0.238919,0.577344,0.00231367,-0.0147376,0.816365,0.0101502,0.0431809,0.0595444,-0.0213973,-0.0207964,1.91071,0.0199553,0,0
951360541,0,-0.508705,-0.467425,0.240765,0.577443,0.00135527,-0.0144154,0.816303,0.0193076,0.0313799,0.060114,-0.0219751,-0.0188618,1.91046,0.0199553,0,0
951392785,0,-0.509455,-0.466798,0.242958,0.577602,0.00401774,-0.00963086,0.816251,0.0271523,-0.00234137,0.0503725,-0.0110831,-0.0176855,1.91004,0.0181686,0,0
951423542,0,-0.50984,-0.465778,0.244536,0.577919,0.00691478,-0.00426182,0.816054,0.0358692,0.00430835,0.0467954,0.00103676,-0.0162124,1.90918,0.0161315,0,0
951461879,0,-0.510179,-0.464546,0.246251,0.578159,0.01077,0.00182011,0.815851,0.0360081,0.00163799,0.0515278,0.0154258,-0.0154694,1.90845,0.0161315,0,0
951492242,0,-0.51053,-0.463306,0.248074,0.578415,0.014874,0.00684571,0.815578,0.0335703,0.00383672,0.0556688,0.0283807,-0.0163433,1.9076,0.015687,0,0
951523608,0,-0.511462,-0.462345,0.250036,0.5787,0.0161355,0.00796353,0.815342,0.0369905,0.0200172,0.0535525,0.0316711,-0.0170957,1.90682,0.0170957,0,0
951561237,0,-0.513241,-0.461267,0.252411,0.579225,0.013139,0.00428439,0.815051,0.0349999,0.0386123,0.0582334,0.0222097,-0.0164554,1.90572,0.0170957,0,0
951591979,0,-0.51521,-0.460458,0.254182,0.579808,0.00813749,-0.00327153,0.814706,0.0390318,0.0384345,0.0388457,0.00410632,-0.0170539,1.90452,0.0166394,0,0
951623470,0,-0.517012,-0.459567,0.255245,0.580121,0.0056245,-0.00711459,0.81448,0.0481017,0.0413642,0.0247226,-0.00506438,-0.0174176,1.90382,0.0172655,0,0
951660988,0,-0.517012,-0.459567,0.255245,0.580121,0.0056245,-0.00711459,0.81448,0.0481017,0.0413642,0.0247226,-0.00506438,-0.0174176,1.90382,0.0172655,0,0
951691688,0,-0.518757,-0.45842,0.256025,0.580038,0.00486881,-0.00933952,0.814521,0.0468755,0.0381751,0.0215233,-0.00956811,-0.0187671,1.90405,0.0186889,0,0
951723915,0,-0.520594,-0.457034,0.256811,0.579712,0.00604419,-0.0113105,0.814721,0.0533406,0.0359789,0.0202566,-0.0114252,-0.0229643,1.90486,0.0285698,0,0
951759376,0,-0.521895,-0.455838,0.257445,0.579395,0.0104857,-0.0147239,0.814846,0.0562705,0.0195264,0.0163867,-0.0118519,-0.0341571,1.90559,0.0285698,0,0
951790803,0,-0.523647,-0.453764,0.258109,0.578945,0.0193315,-0.0200022,0.814892,0.0649541,0.0173855,0.0147336,-0.010231,-0.0546939,1.90645,0.0516795,0,0
951821570,0,-0.525113,-0.451564,0.258652,0.578476,0.0247966,-0.023638,0.81498,0.0812416,0.0106911,0.0146253,-0.00986347,-0.0678174,1.90738,0.0694319,0,0
951869325,0,-0.526493,-0.448675,0.25959,0.578231,0.0273493,-0.0227629,0.815097,0.101292,0.0174894,0.0195496,-0.00549335,-0.0709687,1.90777,0.0694319,0,0
951898904,0,-0.528315,-0.445156,0.260769,0.578383,0.0233621,-0.0218778,0.815137,0.122797,0.0192281,0.0321891,-0.00865973,-0.0634367,1.90765,0.0681835,0,0
951924772,0,-0.530672,-0.440468,0.262797,0.578919,0.0109647,-0.0155838,0.815162,0.12835,0.0211686,0.0416053,-0.0127198,-0.0359273,1.90676,0.0359273,0,0
951960271,0,-0.532367,-0.437067,0.264214,0.579243,0.00711265,-0.0117291,0.815039,0.126112,0.0253111,0.0484112,-0.0108832,-0.0251849,1.906,0.0359273,0,0
951992911,0,-0.534972,-0.432948,0.266131,0.579316,0.00325978,-0.0109669,0.815022,0.116678,0.0236019,0.0424013,-0.0141024,-0.0180212,1.90585,0.0213598,0,0
952022772,0,-0.537277,-0.429532,0.26748,0.579177,-0.000953433,-0.0172113,0.81502,0.115985,0.0329995,0.0287194,-0.0291686,-0.0183837,1.90621,0.0180136,0,0
952058979,0,-0.537277,-0.429532,0.26748,0.579177,-0.000953433,-0.0172113,0.81502,0.115985,0.0329995,0.0287194,-0.0291686,-0.0183837,1.90621,0.0180136,0,0
952091046,0,-0.540988,-0.42246,0.268229,0.579019,0.000646394,-0.0259629,0.8149,0.118466,0.00701762,0.00607563,-0.0415979,-0.0311245,1.90671,0.0263706,0,0
952122790,0,-0.540988,-0.42246,0.268229,0.579019,0.000646394,-0.0259629,0.8149,0.118466,0.00701762,0.00607563,-0.0415979,-0.0311245,1.90671,0.0377065,0,0
952157386,0,-0.54253,-0.418518,0.268659,0.578825,0.007012,-0.0269505,0.814977,0.121252,0.0062641,0.0126217,-0.0358508,-0.0426413,1.90723,0.0377065,0,0
952192947,0,-0.543816,-0.414364,0.269372,0.578219,0.0190115,-0.0275148,0.815196,0.128983,-0.011572,0.0149636,-0.0229216,-0.0628566,1.90843,0.0648176,0,0
952222836,0,-0.54555,-0.408928,0.270676,0.577914,0.0241411,-0.0270511,0.815292,0.151263,-0.0110331,0.0207255,-0.0162474,-0.0706893,1.90889,0.0716276,0,0
952258679,0,-0.547173,-0.403629,0.271782,0.577854,0.0245216,-0.0258324,0.815362,0.168621,-0.00350051,0.0259862,-0.0138199,-0.0698995,1.90898,0.0716276,0,0
952291538,0,-0.549134,-0.397889,0.273186,0.577958,0.0172661,-0.0245859,0.815513,0.175729,-0.00844177,0.0303731,-0.0201757,-0.0566109,1.90907,0.0588862,0,0
952323646,0,-0.550888,-0.391831,0.274551,0.578273,0.0100737,-0.0196534,0.815545,0.179272,-0.0182057,0.029556,-0.0204229,-0.0391712,1.90843,0.0353198,0,0
952357628,0,-0.552427,-0.385783,0.275741,0.578605,0.0071231,-0.0147707,0.815443,0.173316,-0.00966719,0.0320771,-0.0158536,-0.0287137,1.9076,0.0353198,0,0
952395242,0,-0.554108,-0.380113,0.276902,0.578935,0.0084488,-0.012211,0.815239,0.165829,-0.0111845,0.029377,-0.0101313,-0.027918,1.90673,0.0267855,0,0
952428495,0,-0.555908,-0.374726,0.277911,0.579316,0.0163449,-0.0155333,0.814791,0.164837,0.00925379,0.0215683,-0.0063815,-0.0446475,1.9056,0.0446475,0,0
952459414,0,-0.555908,-0.374726,0.277911,0.579316,0.0163449,-0.0155333,0.814791,0.164837,0.00925379,0.0215683,-0.0063815,-0.0446475,1.9056,0.0446475,0,0
952493873,0,-0.560814,-0.362967,0.279141,0.579384,0.0180961,-0.0294805,0.814321,0.198007,0.00928751,-0.00638908,-0.0271023,-0.0636762,1.90566,0.0631569,0,0
952528199,0,-0.563016,-0.356288,0.279252,0.579186,0.018622,-0.0288117,0.814473,0.201302,-0.011636,-0.0131445,-0.0254159,-0.063752,1.90611,0.0638886,0,0
952558343,0,-0.563016,-0.356288,0.279252,0.579186,0.018622,-0.0288117,0.814473,0.201302,-0.011636,-0.0131445,-0.0254159,-0.063752,1.90611,0.0638886,0,0
952592363,0,-0.567613,-0.342397,0.279609,0.578595,0.0149608,-0.0240676,0.815122,0.212064,-0.0128655,-0.00727386,-0.0219553,-0.0522644,1.90759,0.0617123,0,0
952627931,0,-0.569931,-0.334407,0.279727,0.578973,0.00871301,-0.0167258,0.815128,0.197534,-0.0185772,-0.00780703,-0.0171887,-0.0335784,1.90669,0.0395187,0,0
952659764,0,-0.569931,-0.334407,0.279727,0.578973,0.00871301,-0.0167258,0.815128,0.197534,-0.0185772,-0.00780703,-0.0171887,-0.0335784,1.90669,0.0395187,0,0
952693553,0,-0.5717,-0.327791,0.279614,0.579939,0.00690182,-0.0133464,0.814521,0.188498,-0.00933482,-0.00743519,-0.013742,-0.0267268,1.90431,0.0267268,0,0
952726688,0,-0.57432,-0.315918,0.277322,0.582752,0.00630674,-0.012836,0.812524,0.161559,-0.0190642,-0.0535562,-0.0135133,-0.0252118,1.89739,0.024577,0,0
952760342,0,-0.57432,-0.315918,0.277322,0.582752,0.00630674,-0.012836,0.812524,0.161559,-0.0190642,-0.0535562,-0.0135133,-0.0252118,1.89739,0.024577,0,0
952790534,0,-0.575077,-0.309634,0.275533,0.583224,0.0104982,-0.0147705,0.812109,0.152086,-0.0299837,-0.0443504,-0.011752,-0.0342872,1.89617,0.0300041,0,0
952827169,0,-0.575291,-0.305327,0.274561,0.58284,0.0186282,-0.0189499,0.812152,0.140213,-0.0422156,-0.033044,-0.00907838,-0.0523713,1.89688,0.0579381,0,0
952858020,0,-0.575486,-0.300242,0.274149,0.582254,0.0237658,-0.0251626,0.81227,0.146467,-0.0387697,-0.0119287,-0.0132331,-0.0679628,1.89819,0.0579381,0,0
952888774,0,-0.575184,-0.293955,0.274366,0.582102,0.0270321,-0.026985,0.812218,0.155035,-0.0630978,-0.0102256,-0.0124001,-0.0753994,1.89839,0.0745468,0,0
952934851,0,-0.574628,-0.287657,0.27469,0.582205,0.0194295,-0.0240173,0.812455,0.16998,-0.0784007,0.00144992,-0.016432,-0.0595725,1.89852,0.0595725,0,0
952959260,0,-0.574628,-0.287657,0.27469,0.582205,0.0194295,-0.0240173,0.812455,0.16998,-0.0784007,0.00144992,-0.016432,-0.0595725,1.89852,0.0595725,0,0
952988777,0,-0.571747,-0.274984,0.275227,0.582801,0.00496368,-0.012041,0.812511,0.137169,-0.112212,-0.0111808,-0.0137849,-0.0221029,1.89728,0.0286974,0,0
953027726,0,-0.569273,-0.269461,0.275006,0.583156,0.00485902,-0.0114373,0.812265,0.126351,-0.121437,-0.00878042,-0.0129164,-0.0212347,1.8964,0.0206332,0,0
953058462,0,-0.566333,-0.263844,0.274886,0.583026,0.00640402,-0.0133244,0.812319,0.132442,-0.130124,-0.00437424,-0.0141851,-0.0259441,1.89672,0.0206332,0,0
953089326,0,-0.566333,-0.263844,0.274886,0.583026,0.00640402,-0.0133244,0.812319,0.132442,-0.130124,-0.00437424,-0.0141851,-0.0259441,1.89672,0.0263585,0,0
953128634,0,-0.55837,-0.251387,0.274031,0.582185,0.00603319,-0.0140649,0.812913,0.129357,-0.182019,-0.0299309,-0.0158483,-0.0261887,1.89881,0.0263398,0,0
953158696,0,-0.55837,-0.251387,0.274031,0.582185,0.00603319,-0.0140649,0.812913,0.129357,-0.182019,-0.0299309,-0.0158483,-0.0261887,1.89881,0.0263398,0,0
953189866,0,-0.553845,-0.2448,0.273044,0.581281,0.0064745,-0.0125245,0.813581,0.132706,-0.193234,-0.037069,-0.0128567,-0.0250982,1.90101,0.0247064,0,0
953228145,0,-0.549053,-0.238071,0.271716,0.58032,0.00711455,-0.0106388,0.814288,0.133775,-0.201389,-0.0505241,-0.00907148,-0.0239367,1.90334,0.0230955,0,0
953258182,0,-0.543413,-0.230314,0.269276,0.579518,0.0074855,-0.0091118,0.814874,0.135104,-0.196178,-0.078237,-0.00617562,-0.0227623,1.90529,0.0230955,0,0
953289000,0,-0.54091,-0.2257,0.266312,0.589464,0.00582735,-0.0134396,0.807662,0.0585725,0.0871382,-0.0850478,-0.0148445,-0.02526,1.88083,0.0245606,0,0
953327659,0,-0.550263,-0.226346,0.26358,0.599857,0.00305774,-0.0180011,0.799899,0.0689031,0.203176,-0.0722679,-0.0251412,-0.0264911,1.85503,0.0256234,0,0
953358444,0,-0.557621,-0.225719,0.260921,0.603047,0.00412498,-0.015096,0.797553,0.0769444,0.201845,-0.072269,-0.0191116,-0.0247895,1.84701,0.0256234,0,0
953388628,0,-0.564467,-0.224663,0.258379,0.599174,0.00540619,-0.0141694,0.800475,0.0894238,0.183335,-0.0644623,-0.016212,-0.0256377,1.85669,0.025134,0,0
953427478,0,-0.570887,-0.223416,0.256246,0.591704,0.00583647,-0.0142268,0.806009,0.0881593,0.153294,-0.0574787,-0.0160332,-0.0262477,1.87529,0.0261111,0,0
953458123,0,-0.570887,-0.223416,0.256246,0.591704,0.00583647,-0.0142268,0.806009,0.0881593,0.153294,-0.0574787,-0.0160332,-0.0262477,1.87529,0.0261111,0,0
953490124,0,-0.583283,-0.22064,0.253266,0.581958,0.00657776,-0.0112819,0.813114,0.090963,0.152198,-0.0356295,-0.0106942,-0.0238303,1.89933,0.0243886,0,0
953526835,0,-0.589519,-0.219392,0.252187,0.579936,0.00488582,-0.010558,0.814579,0.0844626,0.157572,-0.025524,-0.0115362,-0.020207,1.90431,0.020207,0,0
953558134,0,-0.589519,-0.219392,0.252187,0.579936,0.00488582,-0.010558,0.814579,0.0844626,0.157572,-0.025524,-0.0115362,-0.020207,1.90431,0.020207,0,0
953589316,0,-0.60133,-0.217959,0.251394,0.578711,0.00396886,-0.00262865,0.815519,0.0620007,0.147499,-0.00556566,0.000306233,-0.00951596,1.90728,0.0123048,0,0
953627738,0,-0.606934,-0.217864,0.251332,0.578612,0.010148,0.00634765,0.815515,0.0507793,0.158642,-0.000440497,0.0220994,-0.0092061,1.90734,0.00866211,0,0
953658503,0,-0.606934,-0.217864,0.251332,0.578612,0.010148,0.00634765,0.815515,0.0507793,0.158642,-0.000440497,0.0220994,-0.0092061,1.90734,0.00866211,0,0
953688837,0,-0.613287,-0.218266,0.251539,0.578709,0.0144681,0.00700042,0.815376,0.0430732,0.182862,0.00280419,0.0281686,-0.015492,1.9069,0.0176934,0,0
953729986,0,-0.62168,-0.219273,0.252132,0.579042,0.0101589,-0.00292973,0.815229,0.0484268,0.219863,0.0173965,0.00698947,-0.0199578,1.90634,0.0178871,0,0
953758140,0,-0.629287,-0.220345,0.252939,0.579159,0.00281649,-0.00907453,0.815159,0.042035,0.211744,0.025297,-0.0115336,-0.0151035,1.90622,0.0178871,0,0
953788779,0,-0.636261,-0.22175,0.254061,0.579226,-0.00195627,-0.0147506,0.815031,0.0218516,0.210583,0.0450349,-0.0263161,-0.0138994,1.90606,0.0138994,0,0
953827776,0,-0.643066,-0.223611,0.255574,0.579075,-0.00932447,-0.0239495,0.814869,0.00855295,0.191602,0.0546312,-0.049855,-0.012541,1.90625,0.0101824,0,0
953858266,0,-0.648885,-0.22574,0.257153,0.57912,-0.0156778,-0.0281345,0.814606,-0.0131229,0.155533,0.0550137,-0.064041,-0.00704418,1.90578,0.0101824,0,0
953888908,0,-0.653413,-0.228157,0.258617,0.579665,-0.0169828,-0.0307365,0.814098,-0.0312352,0.123541,0.0480731,-0.0697926,-0.00798261,1.90436,0.00733374,0,0
953924157,0,-0.656786,-0.230743,0.259816,0.58024,-0.0175107,-0.0321351,0.813623,-0.0423004,0.0872844,0.0430501,-0.0726793,-0.00879793,1.90291,0.00825574,0,0
953961463,0,-0.65833,-0.233093,0.261169,0.580375,-0.0115855,-0.0240901,0.81391,-0.0508283,0.0520082,0.0364074,-0.0526888,-0.00910356,1.90294,0.00825574,0,0
953988236,0,-0.659278,-0.2356,0.262418,0.579751,-0.00390882,-0.0158375,0.814631,-0.0574329,0.056358,0.0437121,-0.0303425,-0.0119954,1.90474,0.0114187,0,0
954029730,0,-0.660669,-0.238948,0.26419,0.5792,-0.0008999,-0.0117984,0.815099,-0.0733445,0.0484952,0.0396486,-0.020279,-0.0122005,1.90612,0.0122005,0,0
954059784,0,-0.661542,-0.242186,0.265274,0.579304,0.00324848,-0.00803733,0.815065,-0.0861225,0.0538581,0.0292964,-0.00933932,-0.0146081,1.90586,0.0122005,0,0
954088340,0,-0.661542,-0.242186,0.265274,0.579304,0.00324848,-0.00803733,0.815065,-0.0861225,0.0538581,0.0292964,-0.00933932,-0.0146081,1.90586,0.0162515,0,0
954125019,0,-0.663695,-0.250094,0.267202,0.578991,-0.000635652,-0.0162033,0.815173,-0.10237,0.0693769,0.0310718,-0.0271607,-0.0177277,1.90667,0.0170662,0,0
954158141,0,-0.664401,-0.253919,0.268128,0.578912,-0.00464251,-0.0245119,0.815008,-0.112345,0.0561563,0.0338122,-0.0453554,-0.0208146,1.90684,0.0170662,0,0
954188171,0,-0.664401,-0.253919,0.268128,0.578912,-0.00464251,-0.0245119,0.815008,-0.112345,0.0561563,0.0338122,-0.0453554,-0.0208146,1.90684,0.0209356,0,0
954222975,0,-0.663736,-0.263449,0.269023,0.579388,-0.0138946,-0.0337764,0.814233,-0.136478,-0.00607487,0.0125841,-0.0711742,-0.0165131,1.90528,0.0164,0,0
954256099,0,-0.663736,-0.263449,0.269023,0.579388,-0.0138946,-0.0337764,0.814233,-0.136478,-0.00607487,0.0125841,-0.0711742,-0.0165131,1.90528,0.0164,0,0
954288476,0,-0.662075,-0.267058,0.269318,0.579537,-0.0134857,-0.0333534,0.814152,-0.132892,-0.0175888,0.00908516,-0.0700073,-0.016701,1.90494,0.016312,0,0
954323262,0,-0.658439,-0.27159,0.269294,0.580002,-0.00944811,-0.0255772,0.814158,-0.140772,-0.0609925,-0.0113509,-0.0526372,-0.0142856,1.90398,0.0150929,0,0
954357517,0,-0.654433,-0.27565,0.269018,0.580067,-0.00255923,-0.0185737,0.814353,-0.144329,-0.0680577,-0.00218347,-0.0332313,-0.0173807,1.90401,0.0150929,0,0
954387855,0,-0.650307,-0.279854,0.268979,0.57989,0.00337381,-0.0151088,0.814548,-0.150213,-0.0656476,3.9197e-05,-0.0207077,-0.0230211,1.90447,0.0223065,0,0
954424559,0,-0.646192,-0.28412,0.268895,0.579812,0.00985861,-0.017001,0.814513,-0.153095,-0.0630752,0.00471496,-0.0162739,-0.0357823,1.90461,0.0413594,0,0
954457483,0,-0.642037,-0.288345,0.268695,0.579627,0.0176484,-0.0224789,0.81438,-0.148896,-0.0724341,-0.00015614,-0.0161787,-0.0548312,1.90491,0.0413594,0,0
954488652,0,-0.637739,-0.292185,0.268073,0.579334,0.0236999,-0.0272662,0.814289,-0.140917,-0.0827883,-0.0106388,-0.0169876,-0.0702474,1.90544,0.0662854,0,0
954523455,0,-0.633389,-0.295566,0.26725,0.578973,0.0281151,-0.0297492,0.814319,-0.131122,-0.0951969,-0.0156733,-0.015947,-0.0803236,1.9061,0.08072,0,0
954556837,0,-0.629004,-0.298324,0.266673,0.578481,0.0280542,-0.0288967,0.814701,-0.110429,-0.101484,-0.00174669,-0.0146733,-0.0792268,1.90729,0.08072,0,0
954588517,0,-0.624658,-0.300329,0.266631,0.578314,0.0217422,-0.0257202,0.815119,-0.0888926,-0.105406,-0.00307258,-0.0168188,-0.0652399,1.90802,0.073509,0,0
954626942,0,-0.620056,-0.301771,0.26642,0.578585,0.0127315,-0.0179892,0.815324,-0.0818549,-0.108136,-0.00585018,-0.0146147,-0.0415892,1.90757,0.0415892,0,0
954659261,0,-0.620056,-0.301771,0.26642,0.578585,0.0127315,-0.0179892,0.815324,-0.0818549,-0.108136,-0.00585018,-0.0146147,-0.0415892,1.90757,0.0415892,0,0
954690913,0,-0.615102,-0.303157,0.26603,0.578863,0.00921917,-0.00836291,0.81533,-0.0858505,-0.119379,-0.014465,-0.00296469,-0.0247178,1.90685,0.0208878,0,0
954726685,0,-0.60516,-0.306558,0.263874,0.57812,0.0190067,0.00853011,0.815686,-0.0876286,-0.0738034,-0.0209609,0.0359078,-0.0211457,1.90806,0.0199667,0,0
954761546,0,-0.60516,-0.306558,0.263874,0.57812,0.0190067,0.00853011,0.815686,-0.0876286,-0.0738034,-0.0209609,0.0359078,-0.0211457,1.90806,0.0199667,0,0
954789849,0,-0.599482,-0.311114,0.26101,0.576558,0.0339747,0.00952959,0.816294,-0.0840917,-0.0415389,-0.0500998,0.0548164,-0.0444927,1.91047,0.0305652,0,0
954824873,0,-0.599482,-0.311114,0.26101,0.576558,0.0339747,0.00952959,0.816294,-0.0840917,-0.0415389,-0.0500998,0.0548164,-0.0444927,1.91047,0.0529517,0,0
954858421,0,-0.598132,-0.313096,0.258941,0.57579,0.0387518,0.00642447,0.816653,-0.0606536,-0.0117343,-0.0450464,0.0552333,-0.0559244,1.91182,0.0529517,0,0
954889575,0,-0.597884,-0.314866,0.257559,0.575403,0.0355619,0.00416226,0.817086,-0.0434751,0.0137741,-0.0344511,0.0478129,-0.0533497,1.91322,0.0533497,0,0
954926441,0,-0.598067,-0.316195,0.256871,0.575191,0.0309308,0.00588698,0.817413,-0.039826,0.0213623,-0.0194831,0.0452653,-0.0438082,1.91423,0.037351,0,0
954960276,0,-0.599135,-0.318263,0.256955,0.575863,0.0217984,0.00391575,0.817246,-0.0451781,0.0424963,0.00383211,0.0315265,-0.0311245,1.91344,0.037351,0,0
954991457,0,-0.600452,-0.320361,0.256968,0.577312,0.0114268,-0.0015216,0.816442,-0.0486771,0.0574622,-0.00332977,0.0107115,-0.0204169,1.91052,0.021859,0,0
955029659,0,-0.601392,-0.322808,0.256625,0.578883,0.00920391,0.000874174,0.815358,-0.0665708,0.0366207,-0.0119224,0.012083,-0.0139973,1.90673,0.0131764,0,0
955063187,0,-0.601837,-0.325617,0.256003,0.580471,0.014275,0.00894261,0.814107,-0.0731653,0.0438737,-0.0171913,0.0311405,-0.0128612,1.90258,0.0131764,0,0
955093480,0,-0.602938,-0.328899,0.255688,0.581605,0.0180859,0.0093434,0.813217,-0.0762475,0.0740763,-0.00679926,0.0362483,-0.0185482,1.89956,0.0165904,0,0
955124595,0,-0.604655,-0.332345,0.255447,0.581783,0.0209551,0.00808239,0.813034,-0.0777685,0.0865228,-0.0080699,0.0375454,-0.0246725,1.89893,0.0256746,0,0
955160213,0,-0.60754,-0.336206,0.255079,0.581273,0.0197519,0.00062784,0.813469,-0.0603852,0.120764,-0.00710857,0.0239981,-0.0314103,1.90035,0.0256746,0,0
955189205,0,-0.611095,-0.339689,0.255021,0.579962,0.0122891,-0.0062645,0.814527,-0.0667908,0.130509,-0.00254589,0.00405074,-0.0272893,1.90404,0.0302947,0,0
955222300,0,-0.614398,-0.343529,0.254792,0.579069,0.0100453,-0.00904316,0.815167,-0.0786445,0.110485,-0.00759972,-0.00311066,-0.0268536,1.90633,0.0266614,0,0
955254296,0,-0.614398,-0.343529,0.254792,0.579069,0.0100453,-0.00904316,0.815167,-0.0786445,0.110485,-0.00759972,-0.00311066,-0.0268536,1.90633,0.0266614,0,0
955293085,0,-0.620494,-0.351908,0.253631,0.578002,0.0159164,-0.0172108,0.815699,-0.090339,0.127831,-0.00764192,-0.0096886,-0.0458779,1.90887,0.0350667,0,0
955326617,0,-0.623381,-0.35625,0.253122,0.57808,0.0241508,-0.0250619,0.815238,-0.0873699,0.108433,-0.00640151,-0.0129713,-0.0684061,1.90843,0.0625377,0,0
955356906,0,-0.623381,-0.35625,0.253122,0.57808,0.0241508,-0.0250619,0.815238,-0.0873699,0.108433,-0.00640151,-0.0129713,-0.0684061,1.90843,0.0625377,0,0
955393667,0,-0.626205,-0.360085,0.252528,0.578861,0.0272684,-0.0281589,0.814484,-0.0633766,0.11169,-0.0187848,-0.0143439,-0.0770958,1.90639,0.0774524,0,0
955424865,0,-0.62901,-0.363072,0.251544,0.579812,0.0278605,-0.0281173,0.813788,-0.0533606,0.106041,-0.0242844,-0.0134969,-0.0780297,1.90401,0.0800256,0,0
955459663,0,-0.631881,-0.36543,0.250139,0.580545,0.0293456,-0.0292823,0.813172,-0.0377313,0.0942483,-0.0362126,-0.0135961,-0.0818167,1.90213,0.0800256,0,0
955493153,0,-0.635612,-0.367395,0.24891,0.580828,0.0276992,-0.0338121,0.812852,-0.0108723,0.109927,-0.0179858,-0.0228749,-0.0844089,1.9017,0.0842525,0,0
955524962,0,-0.638574,-0.368445,0.248506,0.580854,0.0216075,-0.039742,0.81275,0.00580709,0.110056,-0.00475349,-0.0396405,-0.0813814,1.90219,0.0784191,0,0
955557762,0,-0.642429,-0.369327,0.248722,0.58094,0.0108182,-0.0486636,0.812418,0.0160816,0.0824795,0.0087011,-0.0667338,-0.0741871,1.90253,0.0784191,0,0
955593265,0,-0.644887,-0.369306,0.248788,0.581108,0.00859747,-0.0497273,0.81226,0.0275104,0.0642261,0.000924022,-0.0710336,-0.0718224,1.90214,0.0723356,0,0
955623464,0,-0.646891,-0.368921,0.248739,0.581324,0.00660535,-0.050589,0.812071,0.0275141,0.0433865,0.00220804,-0.0747343,-0.0696014,1.90162,0.0688555,0,0
955656839,0,-0.646891,-0.368921,0.248739,0.581324,0.00660535,-0.050589,0.812071,0.0275141,0.0433865,0.00220804,-0.0747343,-0.0696014,1.90162,0.0688555,0,0
955693405,0,-0.649062,-0.366993,0.2489,0.581724,0.00518386,-0.0528258,0.811652,0.0438668,-0.00130733,-0.000846648,-0.0800019,-0.069932,1.90068,0.069175,0,0
955725842,0,-0.649053,-0.365193,0.24904,0.581802,0.00835691,-0.0515904,0.81165,0.054163,-0.0166821,-0.00308866,-0.0742922,-0.0736632,1.90049,0.0736632,0,0
955754372,0,-0.649053,-0.365193,0.24904,0.581802,0.00835691,-0.0515904,0.81165,0.054163,-0.0166821,-0.00308866,-0.0742922,-0.0736632,1.90049,0.0736632,0,0
955792908,0,-0.647417,-0.359441,0.249048,0.581281,-0.00130126,-0.0381947,0.812805,0.0677922,-0.0855642,-0.0148801,-0.0637026,-0.042301,1.90129,0.0563759,0,0
955823650,0,-0.645144,-0.356242,0.248739,0.581138,-0.000818892,-0.0204791,0.813547,0.0523722,-0.08856,-0.0131192,-0.0342886,-0.0224719,1.90143,0.0241404,0,0
955855374,0,-0.645144,-0.356242,0.248739,0.581138,-0.000818892,-0.0204791,0.813547,0.0523722,-0.08856,-0.0131192,-0.0342886,-0.0224719,1.90143,0.0241404,0,0
955893155,0,-0.643066,-0.353729,0.248603,0.580381,-0.00366713,-0.0201813,0.814087,0.0327971,-0.058123,-0.00162803,-0.0371295,-0.0174558,1.90322,0.0174558,0,0
955926164,0,-0.640994,-0.35228,0.248478,0.579895,-0.00797763,-0.0233445,0.814318,0.00883966,-0.0828069,-0.00627708,-0.0472944,-0.0140826,1.90429,0.0144141,0,0
955957812,0,-0.637954,-0.351338,0.248468,0.579751,-0.00980704,-0.0274114,0.814274,-0.0114618,-0.105196,-0.00415649,-0.0560484,-0.015813,1.90459,0.0144141,0,0
955993380,0,-0.634232,-0.350644,0.248523,0.579678,-0.0130043,-0.0314423,0.814135,-0.0211763,-0.12375,-0.00814753,-0.0663295,-0.015279,1.90461,0.0156452,0,0
956024706,0,-0.629218,-0.350156,0.248526,0.579833,-0.0137719,-0.0341645,0.813903,-0.0347078,-0.142198,-0.0138525,-0.0716558,-0.0172023,1.9042,0.0178796,0,0
956055304,0,-0.623207,-0.349687,0.248084,0.579859,-0.0108796,-0.0319297,0.814019,-0.049478,-0.168786,-0.0248798,-0.064657,-0.0193182,1.9043,0.0178796,0,0
956096144,0,-0.623207,-0.349687,0.248084,0.579859,-0.0108796,-0.0319297,0.814019,-0.049478,-0.168786,-0.0248798,-0.064657,-0.0193182,1.9043,0.024218,0,0
956128761,0,-0.609037,-0.349899,0.247031,0.578676,0.0116542,-0.0297368,0.814932,-0.0798607,-0.200137,-0.0108364,-0.0350361,-0.0534361,1.9076,0.0557962,0,0
956156535,0,-0.609037,-0.349899,0.247031,0.578676,0.0116542,-0.0297368,0.814932,-0.0798607,-0.200137,-0.0108364,-0.0350361,-0.0534361,1.9076,0.0557962,0,0
956193817,0,-0.593854,-0.350156,0.247877,0.576814,0.0279368,-0.0255637,0.815998,-0.0594847,-0.18427,0.0251998,-0.00951817,-0.0751545,1.91129,0.0716141,0,0
956225259,0,-0.587677,-0.349716,0.248733,0.577171,0.025485,-0.0300188,0.815673,-0.0382732,-0.171759,0.0204607,-0.0196109,-0.0763008,1.91072,0.0768847,0,0
956255383,0,-0.587677,-0.349716,0.248733,0.577171,0.025485,-0.0300188,0.815673,-0.0382732,-0.171759,0.0204607,-0.0196109,-0.0763008,1.91072,0.0768847,0,0
956293814,0,-0.581298,-0.348826,0.249535,0.577695,0.0215782,-0.0336337,0.815274,-0.0336247,-0.190623,0.0180391,-0.0299971,-0.0741122,1.90977,0.0740715,0,0
956325234,0,-0.574119,-0.347554,0.250181,0.578334,0.0234525,-0.0317618,0.814844,-0.0308598,-0.220764,0.0170532,-0.0247071,-0.0750284,1.90804,0.0751522,0,0
956354601,0,-0.565693,-0.345517,0.250752,0.578836,0.0258231,-0.0273528,0.814576,-0.0157236,-0.223135,0.00907299,-0.0147078,-0.0738022,1.90653,0.0751522,0,0
956393173,0,-0.552035,-0.341128,0.251031,0.578829,0.0313214,-0.0196813,0.81461,-0.0010921,-0.232516,-0.00182021,0.00420569,-0.0738809,1.90588,0.0728288,0,0
956424724,0,-0.552035,-0.341128,0.251031,0.578829,0.0313214,-0.0196813,0.81461,-0.0010921,-0.232516,-0.00182021,0.00420569,-0.0738809,1.90588,0.072483,0,0
956454942,0,-0.543669,-0.33794,0.250715,0.57856,0.0331917,-0.0143436,0.814838,0.00590933,-0.234134,-0.00929101,0.0150697,-0.0707481,1.90621,0.072483,0,0
956492961,0,-0.535358,-0.33455,0.249795,0.578473,0.0378924,-0.00809842,0.81478,0.0107391,-0.222675,-0.0248406,0.0307253,-0.0711775,1.90572,0.0704309,0,0
956524943,0,-0.529441,-0.33188,0.248594,0.578413,0.0415874,-0.00521281,0.814667,0.0184011,-0.203328,-0.0293085,0.0397347,-0.0738572,1.90531,0.0745372,0,0
956555767,0,-0.525698,-0.328951,0.247007,0.582113,0.0385303,-0.0121848,0.812103,0.0517003,-0.00571897,-0.0702007,0.0251442,-0.0768425,1.89681,0.0745372,0,0
956593114,0,-0.530434,-0.327727,0.243881,0.588867,0.0342542,-0.0163539,0.807338,0.0783993,0.16512,-0.0918607,0.0139755,-0.0746394,1.88071,0.0772179,0,0
956624537,0,-0.536974,-0.326297,0.240718,0.594181,0.0285878,-0.0132782,0.803713,0.0907906,0.140701,-0.0935113,0.0126535,-0.0617714,1.86797,0.0617714,0,0
956658949,0,-0.536974,-0.326297,0.240718,0.594181,0.0285878,-0.0132782,0.803713,0.0907906,0.140701,-0.0935113,0.0126535,-0.0617714,1.86797,0.0617714,0,0
956693724,0,-0.54923,-0.32251,0.236331,0.592219,0.0103211,-0.00926142,0.805658,0.0950294,0.161987,-0.0589809,-0.0026994,-0.0276036,1.87387,0.0364374,0,0
956728288,0,-0.555072,-0.321239,0.234494,0.587474,0.00739189,-0.0080649,0.809169,0.076313,0.152741,-0.0404414,-0.00436767,-0.0214401,1.88569,0.0217405,0,0
956754924,0,-0.555072,-0.321239,0.234494,0.587474,0.00739189,-0.0080649,0.809169,0.076313,0.152741,-0.0404414,-0.00436767,-0.0214401,1.88569,0.0217405,0,0
956792121,0,-0.565362,-0.320258,0.232746,0.583,0.00841299,-0.00770393,0.812392,0.0535766,0.138686,-0.0121054,-0.00270839,-0.022654,1.8967,0.0228997,0,0
956826255,0,-0.569997,-0.320143,0.23259,0.581985,0.0084983,-0.00664986,0.813128,0.0408286,0.129045,-0.00503781,-0.000922808,-0.0215623,1.89918,0.0216756,0,0
956856434,0,-0.569997,-0.320143,0.23259,0.581985,0.0084983,-0.00664986,0.813128,0.0408286,0.129045,-0.00503781,-0.000922808,-0.0215623,1.89918,0.0216756,0,0
956893808,0,-0.575094,-0.320376,0.232402,0.58018,0.00718745,-0.00825742,0.814415,0.0300967,0.122137,-0.0032283,-0.00511108,-0.0212903,1.90366,0.0212903,0,0
956927051,0,-0.579134,-0.320873,0.232588,0.578458,0.00445949,-0.0112013,0.815623,0.0209656,0.128929,0.011748,-0.013116,-0.0202349,1.90795,0.020067,0,0
956955184,0,-0.583612,-0.322129,0.233175,0.57702,0.0058178,-0.0111717,0.816633,0.000261444,0.116398,0.0169789,-0.0115356,-0.0223965,1.91146,0.020067,0,0
956990686,0,-0.587067,-0.32381,0.233948,0.577091,0.00992343,-0.0116289,0.816537,-0.0114651,0.112529,0.032406,-0.00754088,-0.029632,1.91122,0.0285306,0,0
957021691,0,-0.590292,-0.325717,0.235303,0.577878,0.0154019,-0.0152181,0.815836,-0.0250036,0.102454,0.0413594,-0.00703647,-0.0427323,1.90916,0.0486757,0,0
957056591,0,-0.593178,-0.327732,0.236634,0.578572,0.0225592,-0.0222353,0.815016,-0.020185,0.0823526,0.0393809,-0.0101601,-0.0625425,1.90725,0.0486757,0,0
957090646,0,-0.595763,-0.329208,0.23814,0.578959,0.02509,-0.0262703,0.814547,-0.00735245,0.0792974,0.045493,-0.0137802,-0.0713534,1.90624,0.069816,0,0
957124978,0,-0.598087,-0.330329,0.239848,0.579501,0.0275168,-0.0271011,0.814056,0.00177834,0.0768079,0.0516555,-0.0122677,-0.0762847,1.90477,0.0771569,0,0
957158439,0,-0.598087,-0.330329,0.239848,0.579501,0.0275168,-0.0271011,0.814056,0.00177834,0.0768079,0.0516555,-0.0122677,-0.0762847,1.90477,0.0771569,0,0
957190820,0,-0.602966,-0.330673,0.244202,0.582007,0.0294271,-0.0316141,0.812036,0.0422566,0.0480989,0.0582037,-0.0171524,-0.0846922,1.89859,0.0846486,0,0
957222621,0,-0.602966,-0.330673,0.244202,0.582007,0.0294271,-0.0316141,0.812036,0.0422566,0.0480989,0.0582037,-0.0171524,-0.0846922,1.89859,0.0846486,0,0
957255396,0,-0.602966,-0.330673,0.244202,0.582007,0.0294271,-0.0316141,0.812036,0.0422566,0.0480989,0.0582037,-0.0171524,-0.0846922,1.89859,0.0846486,0,0
957291765,0,-0.602966,-0.330673,0.244202,0.582007,0.0294271,-0.0316141,0.812036,0.0422566,0.0480989,0.0582037,-0.0171524,-0.0846922,1.89859,0.0846486,0,0
957325316,0,-0.602966,-0.330673,0.244202,0.582007,0.0294271,-0.0316141,0.812036,0.0422566,0.0480989,0.0582037,-0.0171524,-0.0846922,1.89859,0.0846486,0,0
957356196,0,-0.602966,-0.330673,0.244202,0.582007,0.0294271,-0.0316141,0.812036,0.0422566,0.0480989,0.0582037,-0.0171524,-0.0846922,1.89859,0.0846486,0,0
957390241,0,-0.602966,-0.330673,0.244202,0.582007,0.0294271,-0.0316141,0.812036,0.0422566,0.0480989,0.0582037,-0.0171524,-0.0846922,1.89859,0.0846486,0,0
957424167,0,-0.602966,-0.330673,0.244202,0.582007,0.0294271,-0.0316141,0.812036,0.0422566,0.0480989,0.0582037,-0.0171524,-0.0846922,1.89859,0.0846486,0,0
957454831,0,-0.602966,-0.330673,0.244202,0.582007,0.0294271,-0.0316141,0.812036,0.0422566,0.0480989,0.0582037,-0.0171524,-0.0846922,1.89859,0.0846486,0,0
957490362,0,-0.602966,-0.330673,0.244202,0.582007,0.0294271,-0.0316141,0.812036,0.0422566,0.0480989,0.0582037,-0.0171524,-0.0846922,1.89859,0.0846486,0,0
957523746,0,-0.602966,-0.330673,0.244202,0.582007,0.0294271,-0.0316141,0.812036,0.0422566,0.0480989,0.0582037,-0.0171524,-0.0846922,1.89859,0.0846486,0,0
957555967,0,-0.602966,-0.330673,0.244202,0.582007,0.0294271,-0.0316141,0.812036,0.0422566,0.0480989,0.0582037,-0.0171524,-0.0846922,1.89859,0.0846486,0,0
957590549,0,-0.602966,-0.330673,0.244202,0.582007,0.0294271,-0.0316141,0.812036,0.0422566,0.0480989,0.0582037,-0.0171524,-0.0846922,1.89859,0.0846486,0,0
957624595,0,-0.602966,-0.330673,0.244202,0.582007,0.0294271,-0.0316141,0.812036,0.0422566,0.0480989,0.0582037,-0.0171524,-0.0846922,1.89859,0.0846486,0,0
957654594,0,-0.602966,-0.330673,0.244202,0.582007,0.0294271,-0.0316141,0.812036,0.0422566,0.0480989,0.0582037,-0.0171524,-0.0846922,1.89859,0.0846486,0,0
957700513,0,-0.602966,-0.330673,0.244202,0.582007,0.0294271,-0.0316141,0.812036,0.0422566,0.0480989,0.0582037,-0.0171524,-0.0846922,1.89859,0.0846486,0,0
957726195,0,-0.602966,-0.330673,0.244202,0.582007,0.0294271,-0.0316141,0.812036,0.0422566,0.0480989,0.0582037,-0.0171524,-0.0846922,1.89859,0.0846486,0,0
957755067,0,-0.602966,-0.330673,0.244202,0.582007,0.0294271,-0.0316141,0.812036,0.0422566,0.0480989,0.0582037,-0.0171524,-0.0846922,1.89859,0.0846486,0,0
957789569,0,-0.602966,-0.330673,0.244202,0.582007,0.0294271,-0.0316141,0.812036,0.0422566,0.0480989,0.0582037,-0.0171524,-0.0846922,1.89859,0.0846486,0,0
957823185,0,-0.605229,-0.329042,0.246621,0.582453,0.026368,-0.0305411,0.811863,0.0677549,0.0382066,0.0551433,-0.0189335,-0.0784725,1.89768,0.0795091,0,0
957859822,0,-0.609055,-0.320932,0.253201,0.581002,0.0252833,-0.0281643,0.813022,0.109686,-0.00773955,0.0557329,-0.0164628,-0.0739061,1.90126,0.0754897,0,0
957890908,0,-0.609781,-0.316976,0.255293,0.579811,0.0267074,-0.0242961,0.813951,0.115343,-0.0220592,0.051458,-0.00860346,-0.0717128,1.90398,0.0721709,0,0
957925425,0,-0.6118,-0.307448,0.260166,0.578983,0.0291205,-0.0307291,0.81424,0.16411,-0.0335497,0.0579139,-0.0163783,-0.083101,1.90604,0.0824405,0,0
957962612,0,-0.612618,-0.287689,0.264794,0.579431,0.0291792,-0.0299306,0.813949,0.204644,-0.0658274,0.0110308,-0.0149605,-0.082279,1.9049,0.0807404,0,0
957991955,0,-0.610947,-0.269537,0.26437,0.579198,0.0264821,-0.0271278,0.814305,0.233081,-0.116652,-0.0474276,-0.0135419,-0.074623,1.90559,0.074623,0,0
958024095,0,-0.608652,-0.252075,0.261044,0.577481,0.0198695,-0.0269255,0.815718,0.243692,-0.140804,-0.087244,-0.0210226,-0.0635566,1.91019,0.0699148,0,0
958059243,0,-0.591242,-0.2039,0.243571,0.578023,-0.014386,0.00983856,0.815834,0.159377,-0.205326,-0.0993542,-0.000577916,0.034854,1.90876,-0.0349255,0,0
958090323,0,-0.581025,-0.191093,0.237463,0.57843,-0.0148355,0.0106832,0.815528,0.109422,-0.209834,-0.0789078,0.000262536,0.0365646,1.90776,-0.0367701,0,0
958123000,0,-0.576207,-0.185212,0.232183,0.58609,-0.0113125,0.0113307,0.810088,-0.0159837,0.242484,-0.065822,0.00510001,0.0316151,1.88904,-0.0368541,0,0
958160352,0,-0.59151,-0.193339,0.22719,0.588561,-0.00230139,0.0239974,0.808093,-0.0522745,0.208843,-0.0738909,0.0361016,0.0319729,1.88319,-0.03178,0,0
958195651,0,-0.607275,-0.203345,0.223781,0.582443,0.00100075,0.028962,0.812355,-0.0751283,0.274682,-0.0571234,0.0482643,0.0321171,1.8983,-0.0321046,0,0
958233546,0,-0.625723,-0.216635,0.222043,0.580168,0.00232133,0.0145673,0.814363,-0.110444,0.341537,-0.0216042,0.0264249,0.0131225,1.90374,-0.0131225,0,0
958255791,0,-0.625723,-0.216635,0.222043,0.580168,0.00232133,0.0145673,0.814363,-0.110444,0.341537,-0.0216042,0.0264249,0.0131225,1.90374,-0.0131225,0,0
958288677,0,-0.64616,-0.23218,0.221556,0.580698,0.00555371,-0.00695882,0.81407,-0.108975,0.353263,0.00781903,-0.00488061,-0.017125,1.90241,0.0124305,0,0
958321768,0,-0.64616,-0.23218,0.221556,0.580698,0.00555371,-0.00695882,0.81407,-0.108975,0.353263,0.00781903,-0.00488061,-0.017125,1.90241,0.0180691,0,0
958360678,0,-0.658033,-0.24055,0.222249,0.581189,0.00284575,-0.0113238,0.813685,-0.0970863,0.3439,0.0292168,-0.0151231,-0.0177945,1.90125,0.0180691,0,0
958390589,0,-0.668293,-0.247564,0.223416,0.581458,0.00192919,-0.010264,0.813509,-0.0919326,0.337483,0.0399815,-0.0144583,-0.0150755,1.90058,0.0147325,0,0
958421032,0,-0.678522,-0.254525,0.224961,0.581158,0.00268118,-0.00662834,0.813759,-0.0929615,0.344686,0.049969,-0.007672,-0.0120682,1.9013,0.0121608,0,0
958459623,0,-0.689052,-0.261675,0.226883,0.580726,0.00272932,-0.00786227,0.814057,-0.0947491,0.357225,0.0634406,-0.00963173,-0.0135757,1.90237,0.0121608,0,0
958490533,0,-0.69997,-0.26886,0.229098,0.580015,-1.29804e-05,-0.0143485,0.81448,-0.0862413,0.366188,0.0736318,-0.0233935,-0.0166243,1.90415,0.0166243,0,0
958520496,0,-0.711122,-0.27609,0.231343,0.579609,-0.00563815,-0.0223365,0.814569,-0.0885033,0.368212,0.0794216,-0.0429442,-0.0167083,1.90508,0.0171508,0,0
958559090,0,-0.722104,-0.283382,0.233258,0.579366,-0.0105961,-0.0299095,0.814449,-0.091009,0.357931,0.0734887,-0.0610447,-0.017398,1.90551,0.0171508,0,0
958591103,0,-0.73371,-0.291373,0.234949,0.579649,-0.013742,-0.0341807,0.814033,-0.0921426,0.314249,0.0606806,-0.0716515,-0.0172537,1.90465,0.0174174,0,0
958621886,0,-0.741759,-0.296835,0.235812,0.579909,-0.0148762,-0.034564,0.813812,-0.0883499,0.30935,0.049725,-0.0735865,-0.0158758,1.90393,0.0155017,0,0
958660429,0,-0.751429,-0.303665,0.236053,0.579834,-0.0158527,-0.0354146,0.81381,-0.0845139,0.269595,0.0153259,-0.0761077,-0.0152677,1.90405,0.0155017,0,0
958691886,0,-0.751429,-0.303665,0.236053,0.579834,-0.0158527,-0.0354146,0.81381,-0.0845139,0.269595,0.0153259,-0.0761077,-0.0152677,1.90405,0.0155017,0,0
958722293,0,-0.762157,-0.313317,0.233866,0.580844,-0.0126099,-0.031751,0.813298,-0.0833104,-0.114633,-0.0995621,-0.0663523,-0.0163743,1.90177,0.0163743,0,0
958759951,0,-0.762157,-0.313317,0.233866,0.580844,-0.0126099,-0.031751,0.813298,-0.0833104,-0.114633,-0.0995621,-0.0663523,-0.0163743,1.90177,0.0163743,0,0
958790595,0,-0.740366,-0.311056,0.225726,0.580976,-0.00278462,-0.0207182,0.813653,-0.0704484,-0.307927,-0.0943118,-0.0369659,-0.0195433,1.90179,0.0180924,0,0
958821403,0,-0.73016,-0.309704,0.223922,0.580137,0.00261489,-0.0166319,0.814345,-0.0596767,-0.276943,-0.0352855,-0.0240633,-0.0235586,1.90388,0.02292,0,0
958858983,0,-0.73016,-0.309704,0.223922,0.580137,0.00261489,-0.0166319,0.814345,-0.0596767,-0.276943,-0.0352855,-0.0240633,-0.0235586,1.90388,0.02292,0,0
958890998,0,-0.720073,-0.308129,0.223942,0.580051,0.00536351,-0.0138276,0.814446,-0.046059,-0.281385,0.011007,-0.0163071,-0.0247805,1.90406,0.0241873,0,0
958922231,0,-0.708665,-0.306101,0.225333,0.5804,0.00526182,-0.0109084,0.814242,-0.0435345,-0.285559,0.0395698,-0.0116592,-0.0212329,1.90317,0.0186028,0,0
958959557,0,-0.699151,-0.304181,0.227318,0.58013,0.00388474,-0.00908579,0.814464,-0.0407205,-0.279122,0.055063,-0.0102944,-0.0168706,1.90383,0.0186028,0,0
958990691,0,-0.689671,-0.302314,0.229231,0.57952,0.00092141,-0.00996367,0.814896,-0.0448454,-0.28544,0.0443426,-0.0151726,-0.0130504,1.90534,0.0130504,0,0
959020950,0,-0.680054,-0.300542,0.23078,0.578493,-0.000746697,-0.00896012,0.815638,-0.0477288,-0.285081,0.0383043,-0.0154816,-0.00914878,1.90785,0.00779692,0,0
959059059,0,-0.670093,-0.298801,0.232139,0.577827,0.000337448,-0.00520451,0.816142,-0.0535616,-0.294143,0.03649,-0.00810553,-0.00656547,1.90947,0.00779692,0,0
959090492,0,-0.658851,-0.296905,0.23362,0.577283,0.00305065,0.000779108,0.816538,-0.0499881,-0.272468,0.0374538,0.00479457,-0.00408242,1.91078,0.00548308,0,0
959121383,0,-0.65016,-0.295613,0.234511,0.576732,0.00670714,0.0112626,0.816829,-0.0589653,-0.28675,0.0358013,0.0261388,0.00203387,1.91205,-0.00403866,0,0
959158679,0,-0.65016,-0.295613,0.234511,0.576732,0.00670714,0.0112626,0.816829,-0.0589653,-0.28675,0.0358013,0.0261388,0.00203387,1.91205,-0.00403866,0,0
959191580,0,-0.63024,-0.293947,0.237816,0.576347,0.00267873,0.0277685,0.816729,-0.0828566,-0.239239,0.0568114,0.0484839,0.0276364,1.91321,-0.0196762,0,0
959224458,0,-0.621815,-0.294219,0.239472,0.576295,-0.00179378,0.033374,0.816558,-0.100627,-0.217559,0.0474655,0.0525051,0.0414078,1.91352,-0.0414078,0,0
959267792,0,-0.613981,-0.295723,0.240799,0.576348,-0.00289123,0.0337972,0.8165,-0.122854,-0.178134,0.0412589,0.0519311,0.0436932,1.91341,-0.0414078,0,0
959295307,0,-0.613981,-0.295723,0.240799,0.576348,-0.00289123,0.0337972,0.8165,-0.122854,-0.178134,0.0412589,0.0519311,0.0436932,1.91341,-0.0421758,0,0
959323407,0,-0.600979,-0.300891,0.241831,0.577291,3.39431e-05,0.031368,0.815936,-0.139968,-0.141058,0.0080699,0.0512837,0.0361694,1.91101,-0.0363561,0,0
959359557,0,-0.600979,-0.300891,0.241831,0.577291,3.39431e-05,0.031368,0.815936,-0.139968,-0.141058,0.0080699,0.0512837,0.0361694,1.91101,-0.0363561,0,0
959391537,0,-0.594617,-0.304726,0.242148,0.578276,6.54868e-05,0.032224,0.815205,-0.158306,-0.113982,0.00766415,0.0526747,0.0371705,1.90861,-0.0371705,0,0
959420828,0,-0.589451,-0.309074,0.242393,0.579309,-0.000979498,0.0331484,0.814433,-0.176195,-0.0960768,0.00196379,0.0529264,0.0400125,1.90611,-0.041387,0,0
959458822,0,-0.585369,-0.313478,0.242568,0.580065,-0.00142285,0.0343099,0.813846,-0.193868,-0.0723373,0.0053861,0.05427,0.0421323,1.90428,-0.041387,0,0
959490910,0,-0.580781,-0.320379,0.243255,0.580255,-0.00275697,0.0322195,0.813793,-0.208929,-0.0348715,0.0183084,0.0493037,0.0418905,1.9038,-0.0419816,0,0
959522277,0,-0.577467,-0.327312,0.244744,0.579789,-0.00345033,0.0302252,0.814198,-0.230183,-0.0151084,0.0368069,0.0452706,0.0406782,1.90491,-0.0399163,0,0
959559008,0,-0.574571,-0.335029,0.246516,0.579159,0.000743326,0.0302347,0.814653,-0.248484,-0.00499051,0.0460778,0.0501723,0.0338167,1.9064,-0.0399163,0,0
959591156,0,-0.572092,-0.343687,0.248278,0.578693,0.011909,0.0249867,0.815076,-0.255555,0.0313568,0.0482553,0.0545449,0.00950588,1.90706,-0.0169589,0,0
959621338,0,-0.57081,-0.354122,0.250374,0.578263,0.015148,0.0122836,0.815618,-0.252227,0.0599171,0.0464251,0.0375674,-0.0105039,1.90793,0.0105039,0,0
959660506,0,-0.570446,-0.363161,0.251786,0.578008,0.0105891,0.000988145,0.815962,-0.244568,0.0812089,0.0349432,0.013856,-0.016139,1.90883,0.0105039,0,0
959700359,0,-0.570194,-0.372095,0.252676,0.577996,0.0042093,-0.00784182,0.815991,-0.239505,0.073547,0.0296631,-0.00793289,-0.0159352,1.90906,0.0171737,0,0
959722410,0,-0.569594,-0.380781,0.253477,0.578475,-0.00134436,-0.0110862,0.815624,-0.239998,0.0493295,0.0227627,-0.0196421,-0.0106334,1.90789,0.0115306,0,0
959758934,0,-0.569594,-0.380781,0.253477,0.578475,-0.00134436,-0.0110862,0.815624,-0.239998,0.0493295,0.0227627,-0.0196421,-0.0106334,1.90789,0.0115306,0,0
959791954,0,-0.566673,-0.397756,0.254858,0.580014,-0.00460667,-0.0109535,0.81452,-0.249098,0.0266255,0.0213542,-0.02319,-0.005202,1.90406,0.00589789,0,0
959820918,0,-0.564762,-0.406207,0.255269,0.580829,-0.00383631,-0.011131,0.81394,-0.252403,0.0151311,0.0142241,-0.0225789,-0.00668542,1.90208,0.0057809,0,0
959859107,0,-0.564762,-0.406207,0.255269,0.580829,-0.00383631,-0.011131,0.81394,-0.252403,0.0151311,0.0142241,-0.0225789,-0.00668542,1.90208,0.0057809,0,0
959891060,0,-0.562422,-0.414627,0.255791,0.581463,-0.00189867,-0.0118216,0.813485,-0.246607,0.0159278,0.0224837,-0.0214443,-0.0106588,1.90055,0.0116316,0,0
959921656,0,-0.559302,-0.423943,0.256692,0.582061,0.00171475,-0.012178,0.813052,-0.239965,-0.00670389,0.025223,-0.0178101,-0.0169659,1.89911,0.0187857,0,0
959959413,0,-0.557307,-0.430686,0.257308,0.582021,0.00337911,-0.0125949,0.81307,-0.233115,-0.0016356,0.0269328,-0.0165517,-0.0201572,1.89921,0.0187857,0,0
959992516,0,-0.554521,-0.440097,0.258227,0.581724,0.00468456,-0.0134203,0.813262,-0.214428,-0.000467714,0.0229853,-0.0163833,-0.0232354,1.89994,0.0223021,0,0
960020994,0,-0.552803,-0.445914,0.258699,0.581623,0.00483463,-0.0160158,0.813286,-0.202717,0.0043944,0.0223536,-0.0204357,-0.0264973,1.90022,0.0287172,0,0
960056121,0,-0.550732,-0.452281,0.259217,0.581465,0.00960417,-0.0202395,0.813263,-0.183042,-0.00849086,0.0185134,-0.0217695,-0.0391686,1.9006,0.0287172,0,0
960091276,0,-0.548531,-0.457744,0.259546,0.581166,0.0158808,-0.0243666,0.813265,-0.152062,-0.0154059,0.018916,-0.0212068,-0.0541792,1.90124,0.0511854,0,0
960123866,0,-0.546162,-0.462308,0.260246,0.581027,0.0146843,-0.0219464,0.813456,-0.116565,-0.0307816,0.0196366,-0.0186648,-0.0494132,1.90158,0.0494132,0,0
960156288,0,-0.546162,-0.462308,0.260246,0.581027,0.0146843,-0.0219464,0.813456,-0.116565,-0.0307816,0.0196366,-0.0186648,-0.0494132,1.90158,0.0494132,0,0
960190067,0,-0.541841,-0.467262,0.260843,0.581388,0.0102455,-0.0143273,0.813436,-0.0676078,-0.0438576,0.00823509,-0.011402,-0.0333338,1.90069,0.0369423,0,0
960219890,0,-0.539645,-0.468601,0.260854,0.580555,0.0114256,-0.007742,0.814104,-0.0517814,-0.050775,-0.00734301,0.000661091,-0.0275961,1.90263,0.0287293,0,0
960256750,0,-0.539645,-0.468601,0.260854,0.580555,0.0114256,-0.007742,0.814104,-0.0517814,-0.050775,-0.00734301,0.000661091,-0.0275961,1.90263,0.0287293,0,0
960289647,0,-0.534948,-0.470022,0.259918,0.579026,0.019161,0.00865244,0.815038,-0.0316218,-0.0391078,-0.00524506,0.0363097,-0.0212155,1.90583,0.0226021,0,0
960322305,0,-0.534948,-0.470022,0.259918,0.579026,0.019161,0.00865244,0.815038,-0.0316218,-0.0391078,-0.00524506,0.0363097,-0.0212155,1.90583,0.0184619,0,0
960359998,0,-0.533636,-0.470435,0.259653,0.579323,0.0206939,0.0137935,0.814719,-0.0246087,-0.0255183,-0.0046275,0.0464765,-0.0177386,1.90495,0.0184619,0,0
960392348,0,-0.533119,-0.470819,0.259392,0.579946,0.0219805,0.0153955,0.814213,-0.0138973,-0.00484539,-0.00642996,0.0505952,-0.0179374,1.9033,0.0182376,0,0
960419719,0,-0.534002,-0.471255,0.259349,0.58054,0.0223195,0.0117769,0.813841,0.00863059,0.0428501,0.00261395,0.0451106,-0.022657,1.90184,0.0247075,0,0
960454659,0,-0.535941,-0.471342,0.259732,0.580523,0.0185475,0.00378897,0.814024,0.02441,0.0685875,0.0197949,0.0277159,-0.0257999,1.90224,0.0247075,0,0
960488549,0,-0.538564,-0.470896,0.260631,0.579985,0.00860761,-0.0062426,0.814558,0.0399007,0.0610333,0.0195245,-0.000185392,-0.0212656,1.90409,0.0218179,0,0
960520738,0,-0.540691,-0.469941,0.261071,0.579226,0.00330243,-0.0102084,0.815097,0.0434393,0.0341376,0.00915547,-0.0128182,-0.0172104,1.90606,0.0166216,0,0
960559692,0,-0.542444,-0.468761,0.261162,0.578707,0.00238435,-0.0110818,0.815457,0.0482116,0.026635,-0.00295032,-0.0153165,-0.0167157,1.90734,0.0166216,0,0
960591969,0,-0.544046,-0.467421,0.261048,0.578356,0.00264801,-0.011786,0.815695,0.0541449,0.0290772,0.000167964,-0.0161679,-0.0179539,1.90821,0.017966,0,0
960621769,0,-0.545353,-0.466025,0.261397,0.578073,0.00147324,-0.0114824,0.815903,0.0528382,0.0249887,0.00916813,-0.0170367,-0.01568,1.9089,0.0154752,0,0
960660422,0,-0.546265,-0.464422,0.261487,0.577947,0.00227765,-0.0100537,0.816009,0.0541201,0.0110236,0.00379949,-0.0137772,-0.0153388,1.9092,0.0154752,0,0
960692301,0,-0.547159,-0.462683,0.261639,0.578381,0.00289232,-0.009238,0.815709,0.055454,0.00118932,0.00689281,-0.011727,-0.0154054,1.90813,0.0157154,0,0
960722864,0,-0.548344,-0.460562,0.261863,0.579488,0.00283589,-0.00922419,0.814924,0.0621613,0.0186473,0.00056383,-0.0117489,-0.0153133,1.90542,0.0148778,0,0
960754908,0,-0.548344,-0.460562,0.261863,0.579488,0.00283589,-0.00922419,0.814924,0.0621613,0.0186473,0.00056383,-0.0117489,-0.0153133,1.90542,0.0148778,0,0
960788750,0,-0.549572,-0.458673,0.261566,0.580599,0.00392559,-0.0109586,0.814107,0.0624331,0.0165405,-0.00653383,-0.0132874,-0.019118,1.9027,0.019813,0,0
960822252,0,-0.550976,-0.456525,0.2613,0.581435,0.0033615,-0.0118161,0.8135,0.0727506,0.0111938,-0.00789796,-0.0153192,-0.0192109,1.90065,0.0174828,0,0
960856202,0,-0.552443,-0.454115,0.261147,0.581584,0.00216092,-0.0115608,0.813401,0.0767379,0.00833104,-0.00507474,-0.0162966,-0.0169633,1.90028,0.0174828,0,0
960891221,0,-0.553848,-0.451625,0.261296,0.581303,0.00112321,-0.0113004,0.813608,0.0831915,0.0117608,0.00401022,-0.0170851,-0.0149662,1.90097,0.0150492,0,0
960920417,0,-0.555527,-0.448524,0.261566,0.580809,8.16017e-05,-0.0132782,0.813932,0.0878394,0.0103593,0.00296238,-0.0215245,-0.0155576,1.90219,0.0150492,0,0
960954846,0,-0.556635,-0.445518,0.261711,0.580377,0.000475118,-0.0122955,0.814255,0.0917219,-0.00649301,0.00613647,-0.0194752,-0.0150463,1.90325,0.0155078,0,0
960989498,0,-0.557721,-0.44237,0.262114,0.579947,0.00114267,-0.0105771,0.814585,0.0961942,-0.00225876,0.01063,-0.0159088,-0.0141304,1.9043,0.0142413,0,0
961020783,0,-0.559123,-0.439288,0.262621,0.579602,0.00197979,-0.00970337,0.81484,0.0987318,0.00358951,0.00888084,-0.0135202,-0.0144751,1.90514,0.0144706,0,0
961056204,0,-0.560674,-0.436252,0.262996,0.579612,0.00315878,-0.00860719,0.814841,0.100029,0.0217404,0.0056961,-0.0103666,-0.015126,1.90511,0.0144706,0,0
961091645,0,-0.562693,-0.433268,0.263132,0.579861,0.00476826,-0.00831301,0.814659,0.104758,0.0349757,0.00290626,-0.00801598,-0.0174107,1.90448,0.0167485,0,0
961120316,0,-0.565001,-0.43033,0.263318,0.580143,0.00437651,-0.00965796,0.814446,0.0995558,0.0424058,0.00730101,-0.0106558,-0.0183359,1.9038,0.0167485,0,0
961155957,0,-0.565001,-0.43033,0.263318,0.580143,0.00437651,-0.00965796,0.814446,0.0995558,0.0424058,0.00730101,-0.0106558,-0.0183359,1.9038,0.0183359,0,0
961188820,0,-0.569368,-0.424989,0.264746,0.58089,0.00387081,-0.0085558,0.813928,0.0916003,0.0320201,0.0224557,-0.00943196,-0.0162418,1.90196,0.0163685,0,0
961221154,0,-0.571632,-0.422228,0.265499,0.581214,0.00548496,-0.00874935,0.813686,0.0969034,0.0324787,0.0198418,-0.00786407,-0.0190977,1.90115,0.0184016,0,0
961256126,0,-0.571632,-0.422228,0.265499,0.581214,0.00548496,-0.00874935,0.813686,0.0969034,0.0324787,0.0198418,-0.00786407,-0.0190977,1.90115,0.0184016,0,0
961290808,0,-0.576895,-0.415525,0.267177,0.580577,0.000210619,-0.0148609,0.81407,0.113962,0.0373968,0.0132235,-0.0239571,-0.0175996,1.90277,0.0197753,0,0
961320189,0,-0.576895,-0.415525,0.267177,0.580577,0.000210619,-0.0148609,0.81407,0.113962,0.0373968,0.0132235,-0.0239571,-0.0175996,1.90277,0.0173144,0,0
961365419,0,-0.580464,-0.408388,0.267497,0.579214,0.00227959,-0.0151103,0.815032,0.109961,0.00861245,0.00258972,-0.0219968,-0.0212217,1.90613,0.0173144,0,0
961396588,0,-0.580464,-0.408388,0.267497,0.579214,0.00227959,-0.0151103,0.815032,0.109961,0.00861245,0.00258972,-0.0219968,-0.0212217,1.90613,0.0212217,0,0
961421514,0,-0.58181,-0.404697,0.267761,0.578592,0.00615574,-0.00991319,0.815534,0.111364,-0.00318609,0.0110829,-0.00904797,-0.0215135,1.90759,0.0200341,0,0
961458645,0,-0.583049,-0.400891,0.268417,0.578279,0.011441,-0.000441586,0.815759,0.111555,-0.00840484,0.0189758,0.0125143,-0.0191781,1.90814,0.0200341,0,0
961492553,0,-0.584563,-0.397075,0.269422,0.578128,0.0173819,0.00534208,0.815743,0.11918,0.0105429,0.0290393,0.0288246,-0.0221833,1.90817,0.0215199,0,0
961520523,0,-0.586934,-0.393333,0.270696,0.578635,0.0152102,0.000119874,0.815445,0.133081,0.0421319,0.030371,0.0178042,-0.02467,1.9071,0.0231689,0,0
961559042,0,-0.590465,-0.388768,0.272078,0.579515,0.00548763,-0.00799305,0.814904,0.132371,0.0278763,0.0230651,-0.00666797,-0.018209,1.90532,0.0231689,0,0
961592381,0,-0.592999,-0.384559,0.272678,0.580037,0.00385176,-0.00852188,0.814536,0.13995,0.0186764,0.0111033,-0.0094158,-0.0161615,1.90406,0.0166514,0,0
961621383,0,-0.595339,-0.380273,0.273197,0.580324,0.00505814,-0.00934268,0.814316,0.141269,0.0222939,0.0156547,-0.00934692,-0.0190826,1.90335,0.0190826,0,0
961655593,0,-0.595339,-0.380273,0.273197,0.580324,0.00505814,-0.00934268,0.814316,0.141269,0.0222939,0.0156547,-0.00934692,-0.0190826,1.90335,0.0190826,0,0
961691423,0,-0.600117,-0.37101,0.274574,0.580884,0.00117627,-0.0131654,0.813879,0.15552,0.0181988,0.0107218,-0.0200678,-0.0172107,1.90201,0.0200557,0,0
961720287,0,-0.601945,-0.365947,0.274924,0.580647,-0.00106145,-0.0113668,0.814075,0.152431,0.0057748,0.00808669,-0.0197421,-0.0114723,1.90257,0.0122047,0,0
961756078,0,-0.601945,-0.365947,0.274924,0.580647,-0.00106145,-0.0113668,0.814075,0.152431,0.0057748,0.00808669,-0.0197421,-0.0114723,1.90257,0.0122047,0,0
961789236,0,-0.604866,-0.3559,0.274227,0.579746,0.000474401,-0.00656692,0.814771,0.13368,-0.00787895,-0.0147163,-0.0101515,-0.00838744,1.90477,0.00741157,0,0
961821462,0,-0.606168,-0.352133,0.2741,0.579577,0.000279683,-0.00626544,0.814893,0.130401,-0.00748551,-0.0037149,-0.00988759,-0.00771852,1.90518,0.00829638,0,0
961855490,0,-0.606168,-0.352133,0.2741,0.579577,0.000279683,-0.00626544,0.814893,0.130401,-0.00748551,-0.0037149,-0.00988759,-0.00771852,1.90518,0.00829638,0,0
961890660,0,-0.607405,-0.346902,0.273968,0.579453,-0.00593943,-0.0017811,0.814982,0.140344,-0.0112999,-0.00954417,-0.00978681,0.007617,1.90541,-0.007617,0,0
961919632,0,-0.608373,-0.342242,0.273526,0.578942,-0.0154651,0.00507965,0.815206,0.128396,-0.0124936,-0.00874296,-0.00962973,0.0311012,1.90639,-0.0369696,0,0
961956241,0,-0.60913,-0.338319,0.273342,0.578096,-0.0214588,0.00479515,0.815672,0.103086,-0.0123374,0.005056,-0.0170028,0.040562,1.90812,-0.0369696,0,0
961990294,0,-0.608992,-0.335175,0.273271,0.577827,-0.0230846,0.00422382,0.815822,0.0742223,-0.0360154,0.000877018,-0.0198052,0.0425599,1.90865,-0.0429254,0,0
962020535,0,-0.608213,-0.332922,0.273091,0.578233,-0.0177867,0.00304419,0.815672,0.0378676,-0.0492607,-0.00476431,-0.0156125,0.0325425,1.90798,-0.0258351,0,0
962057233,0,-0.606839,-0.331514,0.272813,0.579217,-0.00695137,-0.00346472,0.815137,0.0253664,-0.0582427,-0.00183121,-0.0137019,0.00731905,1.90596,-0.0258351,0,0
962089657,0,-0.605369,-0.329968,0.272993,0.579846,-0.00144553,-0.011134,0.814649,0.0346585,-0.0700874,0.00187199,-0.0198194,-0.010557,1.90453,0.00695522,0,0
962123795,0,-0.603158,-0.32748,0.273426,0.579922,0.00218631,-0.0119146,0.814582,0.0405598,-0.0774529,0.00905352,-0.0168784,-0.0173818,1.90437,0.0173818,0,0
962154448,0,-0.603158,-0.32748,0.273426,0.579922,0.00218631,-0.0119146,0.814582,0.0405598,-0.0774529,0.00905352,-0.0168784,-0.0173818,1.90437,0.0173818,0,0
962188931,0,-0.598286,-0.322331,0.274108,0.57975,0.00433938,-0.0112321,0.814705,0.0485675,-0.105584,0.00755834,-0.0132732,-0.0200956,1.90478,0.0199745,0,0
962220188,0,-0.595441,-0.319454,0.274269,0.579624,0.00430188,-0.0100274,0.814811,0.0525347,-0.118932,-0.00422184,-0.0113562,-0.0186358,1.90508,0.019036,0,0
962258349,0,-0.595441,-0.319454,0.274269,0.579624,0.00430188,-0.0100274,0.814811,0.0525347,-0.118932,-0.00422184,-0.0113562,-0.0186358,1.90508,0.019036,0,0
962291972,0,-0.592191,-0.316209,0.27404,0.578956,0.00458364,-0.00838406,0.815303,0.0595496,-0.123779,-0.011342,-0.00836497,-0.017183,1.9067,0.0167319,0,0
962321519,0,-0.585004,-0.309366,0.27337,0.577811,0.00185923,-0.00536166,0.816151,0.0618415,-0.130539,-0.00950256,-0.00660361,-0.00923102,1.90951,0.0113717,0,0
962358365,0,-0.585004,-0.309366,0.27337,0.577811,0.00185923,-0.00536166,0.816151,0.0618415,-0.130539,-0.00950256,-0.00660361,-0.00923102,1.90951,0.0113717,0,0
962392291,0,-0.581064,-0.305659,0.273172,0.578319,-0.00362073,-0.00145312,0.815802,0.0565978,-0.148369,-0.00508221,-0.00655889,0.00422687,1.90824,0.0113717,0,0
962423828,0,-0.575642,-0.301582,0.272803,0.579068,-0.00846958,0.00689706,0.815206,0.048136,-0.159362,-0.00718035,0.00143647,0.0217984,1.90635,-0.0269174,0,0
962454766,0,-0.570352,-0.298535,0.272479,0.57972,-0.0067798,0.0187612,0.814571,0.0237629,-0.164694,-0.0020166,0.0227181,0.0328037,1.90491,-0.0269174,0,0
962486788,0,-0.565047,-0.296287,0.272333,0.579798,-0.00158802,0.0276904,0.814288,0.00221097,-0.150412,0.00861401,0.043294,0.0347029,1.90483,-0.0352454,0,0
962521621,0,-0.560406,-0.295015,0.272321,0.579899,0.0047411,0.027695,0.814204,-0.017594,-0.133449,0.00418738,0.0506342,0.0244026,1.90444,-0.0198835,0,0
962556593,0,-0.561162,-0.29593,0.271551,0.578799,0.00914459,0.0207852,0.815154,-0.0177915,0.149748,-0.0555417,0.0444886,0.00915253,1.90692,-0.0198835,0,0
962589442,0,-0.568569,-0.299283,0.269461,0.578707,0.0143678,0.0107282,0.815339,-0.0199103,0.173872,-0.05106,0.0341324,-0.0110125,1.90689,0.0031012,0,0
962621478,0,-0.573632,-0.301471,0.268113,0.578895,0.0115302,-0.000560184,0.81532,-0.00368855,0.18705,-0.042108,0.0124388,-0.0194514,1.90663,0.0198342,0,0
962655812,0,-0.573632,-0.301471,0.268113,0.578895,0.0115302,-0.000560184,0.81532,-0.00368855,0.18705,-0.042108,0.0124388,-0.0194514,1.90663,0.0198342,0,0
962687727,0,-0.586176,-0.305653,0.265282,0.57895,0.00247184,-0.0123315,0.815266,0.0117711,0.153096,-0.0321589,-0.0172484,-0.01831,1.90676,0.0177576,0,0
962726164,0,-0.591172,-0.306844,0.264362,0.578744,0.00289236,-0.0136545,0.81539,0.0231788,0.151145,-0.0213517,-0.0189247,-0.0205232,1.90727,0.0202246,0,0
962755161,0,-0.591172,-0.306844,0.264362,0.578744,0.00289236,-0.0136545,0.81539,0.0231788,0.151145,-0.0213517,-0.0189247,-0.0205232,1.90727,0.0202246,0,0
962786678,0,-0.595999,-0.307485,0.263637,0.578444,0.00368219,-0.0121245,0.815624,0.0300214,0.139143,-0.0134837,-0.0155219,-0.0200346,1.90799,0.0185918,0,0
962820103,0,-0.600569,-0.30783,0.263281,0.578558,0.00426727,-0.00709592,0.815599,0.0325874,0.123967,-0.0081924,-0.00663795,-0.0151721,1.90767,0.0109456,0,0
962855237,0,-0.605879,-0.307956,0.263041,0.578874,0.00329886,-0.00256201,0.815406,0.0434193,0.136379,-0.00451511,-0.000358922,-0.00834609,1.90689,0.0109456,0,0
962885791,0,-0.609885,-0.308003,0.262843,0.579295,0.00139601,0.000110853,0.815117,0.0465929,0.129017,-0.00510118,0.00179812,-0.00214738,1.90586,0.00214738,0,0
962924469,0,-0.615575,-0.308163,0.262925,0.57968,-0.00167164,-0.00050042,0.814842,0.0382109,0.127837,0.00609988,-0.00275357,0.00214408,1.90491,-0.00025898,0,0
962957394,0,-0.619796,-0.30843,0.263166,0.579951,-0.000609743,-0.0047941,0.814637,0.0348502,0.131268,0.0110012,-0.00851834,-0.00456727,1.90426,-0.00025898,0,0
962991559,0,-0.62501,-0.308572,0.263494,0.580178,0.000875534,-0.00862524,0.814444,0.0415562,0.128922,0.00539374,-0.0130348,-0.0114347,1.90372,0.00986198,0,0
963025318,0,-0.629123,-0.30856,0.263493,0.580083,0.00292541,-0.00910221,0.814502,0.036547,0.107522,0.00559664,-0.0114352,-0.0153262,1.90396,0.0154682,0,0
963057804,0,-0.632816,-0.308617,0.263875,0.58023,0.0028904,-0.0103837,0.814381,0.029113,0.0898675,0.0103869,-0.0135608,-0.0167585,1.9036,0.0154682,0,0
963088732,0,-0.635883,-0.308676,0.264139,0.580771,0.00274063,-0.00997676,0.814001,0.0284066,0.0720855,0.00491805,-0.0130609,-0.0160509,1.90227,0.0168523,0,0
963125925,0,-0.638511,-0.308579,0.264535,0.58135,0.00373318,-0.00725891,0.813613,0.0273956,0.0758364,0.00833886,-0.00747217,-0.0145152,1.90083,0.0145152,0,0
963156940,0,-0.638511,-0.308579,0.264535,0.58135,0.00373318,-0.00725891,0.813613,0.0273956,0.0758364,0.00833886,-0.00747217,-0.0145152,1.90083,0.0145152,0,0
963189063,0,-0.643533,-0.308265,0.264703,0.581317,-0.00484983,-0.00360728,0.813655,0.0237385,0.0616155,0.000412636,-0.0115091,0.00369823,1.90085,0.00353749,0,0
963225475,0,-0.645567,-0.308238,0.264445,0.580901,-0.0125579,0.00409129,0.813867,0.00850645,0.0542347,-0.00630827,-0.00793286,0.0251969,1.9017,-0.0222379,0,0
963256320,0,-0.645567,-0.308238,0.264445,0.580901,-0.0125579,0.00409129,0.813867,0.00850645,0.0542347,-0.00630827,-0.00793286,0.0251969,1.9017,-0.0222379,0,0
963286223,0,-0.648827,-0.310863,0.264397,0.580552,-0.0198487,0.00846308,0.813937,-0.0475173,0.0469067,0.00232058,-0.0092779,0.0421501,1.90225,-0.0406652,0,0
963326292,0,-0.649953,-0.313243,0.2646,0.580324,-0.022043,0.00687897,0.814058,-0.0567029,0.0446831,0.00220439,-0.0143988,0.0438868,1.90264,-0.0434872,0,0
963356522,0,-0.649953,-0.313243,0.2646,0.580324,-0.022043,0.00687897,0.814058,-0.0567029,0.0446831,0.00220439,-0.0143988,0.0438868,1.90264,-0.0434872,0,0
963387711,0,-0.650564,-0.316006,0.264794,0.580185,-0.0232117,0.00491791,0.814139,-0.0783435,0.0330874,0.000155965,-0.0189455,0.0435154,1.90287,-0.0432953,0,0
963425163,0,-0.650513,-0.319392,0.264836,0.580347,-0.0233668,0.00406686,0.814024,-0.0980828,0.0329236,-0.00313772,-0.0205208,0.0427756,1.90244,-0.04173,0,0
963462227,0,-0.649872,-0.32358,0.264579,0.580546,-0.0219998,0.00307345,0.813925,-0.124864,0.0272393,-0.00740228,-0.0205581,0.0393911,1.90204,-0.04173,0,0
963492910,0,-0.648875,-0.328524,0.264487,0.580623,-0.0154293,-0.00273274,0.814022,-0.148534,0.0275335,-0.000711017,-0.0223735,0.021948,1.90218,-0.021948,0,0
963520666,0,-0.647311,-0.334789,0.264539,0.580186,-0.00773711,-0.0133361,0.814338,-0.159101,1.32621e-05,0.00271904,-0.0307031,-0.00287362,1.90355,0.00820865,0,0
963554706,0,-0.645697,-0.339105,0.264523,0.579965,-0.0025514,-0.0172114,0.814455,-0.15034,-0.0106203,-0.00144815,-0.0310041,-0.0158087,1.90425,0.00820865,0,0
963587663,0,-0.642853,-0.343961,0.264242,0.580101,0.00103656,-0.0160662,0.814386,-0.128627,-0.0284849,-0.00680186,-0.0249734,-0.0203298,1.90396,0.0198033,0,0
963625072,0,-0.640429,-0.347575,0.263991,0.580031,0.00253819,-0.0153899,0.814445,-0.112038,-0.0373751,-0.0141616,-0.0221312,-0.0219895,1.90413,0.0226073,0,0
963656451,0,-0.638056,-0.350219,0.263407,0.579723,0.00388349,-0.0146083,0.814674,-0.107925,-0.0568347,-0.0205049,-0.0193058,-0.0232672,1.90488,0.0226073,0,0
963688446,0,-0.638056,-0.350219,0.263407,0.579723,0.00388349,-0.0146083,0.814674,-0.107925,-0.0568347,-0.0205049,-0.0193058,-0.0232672,1.90488,0.0215678,0,0
963719817,0,-0.631601,-0.354887,0.261645,0.578631,-0.00409285,-0.0106711,0.815509,-0.0806286,-0.0635688,-0.0303248,-0.0221434,-0.00567378,1.90746,0.00567378,0,0
963752972,0,-0.631601,-0.354887,0.261645,0.578631,-0.00409285,-0.0106711,0.815509,-0.0806286,-0.0635688,-0.0303248,-0.0221434,-0.00567378,1.90746,0.00567378,0,0
963786290,0,-0.623274,-0.358656,0.259276,0.577555,-0.0186952,0.00420191,0.816127,-0.11094,-0.105175,-0.0265603,-0.0147462,0.0353764,1.90961,-0.0271334,0,0
963825463,0,-0.61829,-0.361461,0.258698,0.577312,-0.0194267,0.00732674,0.81626,-0.132912,-0.111777,-0.0134221,-0.0104781,0.0401849,1.91021,-0.0403099,0,0
963857306,0,-0.61829,-0.361461,0.258698,0.577312,-0.0194267,0.00732674,0.81626,-0.132912,-0.111777,-0.0134221,-0.0104781,0.0401849,1.91021,-0.0403099,0,0
963887151,0,-0.613371,-0.364826,0.258464,0.577491,-0.0180625,0.00873751,0.816151,-0.143818,-0.105107,-0.0134135,-0.00660479,0.0395854,1.90987,-0.0390177,0,0
963924975,0,-0.603635,-0.372966,0.258035,0.578127,-0.0154718,0.00745891,0.815766,-0.162051,-0.0826515,-0.0098642,-0.00572319,0.0338736,1.90842,-0.0353485,0,0
963956818,0,-0.603635,-0.372966,0.258035,0.578127,-0.0154718,0.00745891,0.815766,-0.162051,-0.0826515,-0.0098642,-0.00572319,0.0338736,1.90842,-0.0353485,0,0
963988348,0,-0.598749,-0.377544,0.258089,0.578754,-0.00741658,0.00418656,0.815458,-0.176525,-0.0943414,0.00352048,-0.00175708,0.0169426,1.90713,-0.0132863,0,0
964025084,0,-0.592547,-0.382853,0.258076,0.579753,0.00196473,-0.00374853,0.814781,-0.16455,-0.102141,-0.000707962,-0.00383046,-0.00754818,1.90474,0.0107875,0,0
964056431,0,-0.587521,-0.386277,0.257665,0.58057,0.00921596,0.000476505,0.814158,-0.158993,-0.130287,-0.0212175,0.0114784,-0.0144537,1.90259,0.0107875,0,0
964086237,0,-0.581185,-0.390519,0.256768,0.581455,0.0159786,0.0023967,0.813418,-0.144327,-0.107674,-0.00981516,0.0224887,-0.0232095,1.90011,0.0225492,0,0
964125489,0,-0.576169,-0.393666,0.256244,0.582236,0.0154393,0.00383955,0.812864,-0.130728,-0.112026,-0.00898111,0.0242282,-0.0206304,1.89821,0.0199428,0,0
964158386,0,-0.57125,-0.396389,0.2557,0.582366,0.0176335,0.00771345,0.812699,-0.116103,-0.1101,-0.0135073,0.0330882,-0.0196787,1.89773,0.0199428,0,0
964186486,0,-0.566808,-0.398772,0.254861,0.58175,0.0216227,0.0121758,0.812989,-0.105706,-0.0974235,-0.0187678,0.0449807,-0.020993,1.89892,0.0206839,0,0
964225554,0,-0.563187,-0.401021,0.254101,0.580628,0.0225123,0.0147308,0.813725,-0.0925001,-0.0793319,-0.0166747,0.0501468,-0.0195326,1.90159,0.019254,0,0
964256684,0,-0.563187,-0.401021,0.254101,0.580628,0.0225123,0.0147308,0.813725,-0.0925001,-0.0793319,-0.0166747,0.0501468,-0.0195326,1.90159,0.019254,0,0
964288518,0,-0.559997,-0.403499,0.253461,0.579592,0.0217823,0.0153211,0.814472,-0.0812651,-0.0396263,-0.0139835,0.0502359,-0.0177232,1.90419,0.0173888,0,0
964325435,0,-0.561835,-0.407714,0.252209,0.576439,0.0179459,0.0067003,0.816916,-0.0212652,0.120223,-0.025111,0.0316492,-0.0215976,1.91226,0.0212284,0,0
964356808,0,-0.561835,-0.407714,0.252209,0.576439,0.0179459,0.0067003,0.816916,-0.0212652,0.120223,-0.025111,0.0316492,-0.0215976,1.91226,0.0212284,0,0
964387776,0,-0.570064,-0.411199,0.251677,0.577543,0.00255355,-0.0101514,0.816293,-0.00450227,0.102554,-0.00486443,-0.0136256,-0.0158953,1.91019,0.0172804,0,0
964425167,0,-0.573502,-0.412523,0.251516,0.577916,0.00304577,-0.0115927,0.816008,-0.00166688,0.106369,0.000593028,-0.0154023,-0.018371,1.90929,0.0175141,0,0
964458572,0,-0.573502,-0.412523,0.251516,0.577916,0.00304577,-0.0115927,0.816008,-0.00166688,0.106369,0.000593028,-0.0154023,-0.018371,1.90929,0.0175141,0,0
964487771,0,-0.576955,-0.413669,0.251826,0.578129,0.00159435,-0.0126425,0.815846,0.00496176,0.11049,0.0149434,-0.0187891,-0.0172204,1.90877,0.0168798,0,0
964528714,0,-0.582943,-0.415838,0.252641,0.579037,0.00231512,-0.0083614,0.815256,-0.00442751,0.0692718,0.00766111,-0.0109535,-0.0134583,1.90652,0.0151334,0,0
964561454,0,-0.582943,-0.415838,0.252641,0.579037,0.00231512,-0.0083614,0.815256,-0.00442751,0.0692718,0.00766111,-0.0109535,-0.0134583,1.90652,0.0151334,0,0
964587891,0,-0.585294,-0.41675,0.252791,0.579667,0.0073161,0.00392081,0.814811,-0.00490684,0.0732214,-0.00025718,0.0148722,-0.00737701,1.90485,0.00737701,0,0
964626221,0,-0.587968,-0.418001,0.253053,0.579987,0.0149058,0.0121329,0.814399,-0.00540239,0.107369,0.0093982,0.0370627,-0.0102049,1.90372,0.012253,0,0
964657645,0,-0.592405,-0.419795,0.253768,0.58019,0.0213816,0.0132033,0.814094,0.000713423,0.126742,0.0151839,0.0463336,-0.0194936,1.90277,0.012253,0,0
964686683,0,-0.592405,-0.419795,0.253768,0.58019,0.0213816,0.0132033,0.814094,0.000713423,0.126742,0.0151839,0.0463336,-0.0194936,1.90277,0.0237026,0,0
964729196,0,-0.602719,-0.422021,0.255417,0.580104,0.0138347,0.000806987,0.814425,0.02949,0.15742,0.0165379,0.0173705,-0.0216001,1.90356,0.0205859,0,0
964757033,0,-0.609472,-0.42288,0.256184,0.579824,0.00778129,0.000720345,0.814704,0.037545,0.174907,0.0179331,0.0101982,-0.0118438,1.90446,0.0205859,0,0
964785980,0,-0.615778,-0.423575,0.256806,0.579793,0.00222389,0.00311381,0.814755,0.0335533,0.16918,0.0159377,0.00765286,-1.31227e-05,1.90463,0.00675533,0,0
964825380,0,-0.622115,-0.424618,0.257246,0.57991,-0.00345459,0.00463396,0.81466,0.0252516,0.178783,0.010529,0.00354371,0.0110034,1.90435,-0.00898513,0,0
964858014,0,-0.622115,-0.424618,0.257246,0.57991,-0.00345459,0.00463396,0.81466,0.0252516,0.178783,0.010529,0.00354371,0.0110034,1.90435,-0.00898513,0,0
964887170,0,-0.628387,-0.426065,0.257621,0.580326,-0.0124822,0.00712134,0.814257,0.0147093,0.178753,0.00558159,-0.0028915,0.0285968,1.90315,-0.0328162,0,0
964924909,0,-0.639405,-0.430573,0.258425,0.580801,-0.0158173,0.0133994,0.813781,-0.0233202,0.181718,0.0239744,0.00343801,0.0413202,1.90193,-0.0410393,0,0
964958860,0,-0.639405,-0.430573,0.258425,0.580801,-0.0158173,0.0133994,0.813781,-0.0233202,0.181718,0.0239744,0.00343801,0.0413202,1.90193,-0.0410393,0,0
964986404,0,-0.645507,-0.434079,0.259037,0.580818,-0.0145516,0.0137725,0.813787,-0.0365457,0.175627,0.0035483,0.00551637,0.0396928,1.90195,-0.0396928,0,0
965025025,0,-0.651176,-0.437572,0.259312,0.580486,-0.0102019,0.0127462,0.814107,-0.0424356,0.195282,0.00756109,0.00891392,0.031414,1.90289,-0.0234155,0,0
965058024,0,-0.657276,-0.441646,0.259827,0.580086,-0.00414649,0.00312699,0.814538,-0.0521805,0.216183,0.0155123,0.000283479,0.010383,1.90391,-0.0234155,0,0
965087943,0,-0.66461,-0.446352,0.260258,0.579439,-0.00245975,-0.0100989,0.814949,-0.0419119,0.203361,0.0105754,-0.0193125,-0.00769435,1.90551,0.00448529,0,0
965122150,0,-0.670033,-0.449289,0.260477,0.578746,-0.00296632,-0.0146997,0.81537,-0.0337883,0.186622,0.0120606,-0.0274103,-0.0121778,1.90722,0.0129395,0,0
965155580,0,-0.675774,-0.45227,0.260911,0.57829,-0.00385935,-0.0187038,0.815608,-0.0239874,0.176535,0.0207269,-0.0349849,-0.0153376,1.90834,0.0129395,0,0
965188228,0,-0.681427,-0.454877,0.261518,0.578048,-0.00617899,-0.0264718,0.81555,-0.00715919,0.172127,0.0216519,-0.0503536,-0.0205269,1.90892,0.0196723,0,0
965225320,0,-0.686822,-0.456815,0.261914,0.577642,-0.00985196,-0.0300814,0.815676,0.00388352,0.161325,0.0185928,-0.0605027,-0.0186817,1.90977,0.0184199,0,0
965258815,0,-0.686822,-0.456815,0.261914,0.577642,-0.00985196,-0.0300814,0.815676,0.00388352,0.161325,0.0185928,-0.0605027,-0.0186817,1.90977,0.0184199,0,0
965286773,0,-0.692557,-0.458354,0.262127,0.577373,-0.0104947,-0.0315094,0.815805,0.0180775,0.143818,0.012719,-0.0635844,-0.0192632,1.91041,0.020892,0,0
965324177,0,-0.700782,-0.459674,0.262995,0.576974,-0.0107101,-0.0319317,0.816068,0.0296947,0.0865045,0.0150272,-0.0645326,-0.0193685,1.91138,0.0199697,0,0
965358734,0,-0.700782,-0.459674,0.262995,0.576974,-0.0107101,-0.0319317,0.816068,0.0296947,0.0865045,0.0150272,-0.0645326,-0.0193685,1.91138,0.0199697,0,0
965387726,0,-0.703724,-0.459326,0.263451,0.576874,-0.0037919,-0.0208504,0.816558,0.0412651,0.0760971,0.0134354,-0.0384416,-0.0178644,1.91183,0.0181656,0,0
965423804,0,-0.711231,-0.458192,0.266013,0.575855,-0.00708717,-0.0214147,0.817241,0.0550298,0.0989094,0.0484759,-0.0431814,-0.0130801,1.91422,0.0163575,0,0
965455242,0,-0.711231,-0.458192,0.266013,0.575855,-0.00708717,-0.0214147,0.817241,0.0550298,0.0989094,0.0484759,-0.0431814,-0.0130801,1.91422,0.0163575,0,0
965487492,0,-0.714812,-0.457354,0.267732,0.575819,-0.0170802,-0.0278021,0.816926,0.0522472,0.0663848,0.0532641,-0.0651414,-0.00411145,1.91376,0.00411145,0,0
965521636,0,-0.717335,-0.456258,0.269326,0.576154,-0.0228559,-0.0333909,0.816339,0.0520729,0.04925,0.041966,-0.0809421,-0.00116024,1.91245,0.000795652,0,0
965556348,0,-0.718867,-0.454925,0.270412,0.576989,-0.0238435,-0.0339007,0.8157,0.0458408,0.00664486,0.0330632,-0.0829153,-0.000222424,1.91031,0.000795652,0,0
965588763,0,-0.718867,-0.454925,0.270412,0.576989,-0.0238435,-0.0339007,0.8157,0.0458408,0.00664486,0.0330632,-0.0829153,-0.000222424,1.91031,-0.00104849,0,0
965624618,0,-0.718659,-0.451918,0.272429,0.57982,-0.0185414,-0.0243813,0.814169,0.0324778,-0.0463625,0.0104342,-0.0612408,0.00191815,1.90385,-0.00185198,0,0
965656355,0,-0.717162,-0.45001,0.27291,0.581501,-0.00839988,-0.0122657,0.81341,0.0293144,-0.0509929,0.015289,-0.0297276,-0.000600011,1.9003,-0.00185198,0,0
965686806,0,-0.717162,-0.45001,0.27291,0.581501,-0.00839988,-0.0122657,0.81341,0.0293144,-0.0509929,0.015289,-0.0297276,-0.000600011,1.9003,0.00322725,0,0
965721983,0,-0.715077,-0.447746,0.274066,0.581702,0.00175738,-0.00588788,0.813379,0.0173926,-0.018204,0.0147049,-0.00753404,-0.00970897,1.89996,0.00970897,0,0
965755483,0,-0.715077,-0.447746,0.274066,0.581702,0.00175738,-0.00588788,0.813379,0.0173926,-0.018204,0.0147049,-0.00753404,-0.00970897,1.89996,0.00970897,0,0
965786236,0,-0.714286,-0.446667,0.274475,0.580907,0.00114728,-0.00782166,0.813932,0.0102625,-0.00700994,-0.000813004,-0.0114006,-0.0109552,1.90193,0.0110443,0,0
965821721,0,-0.71418,-0.446482,0.274363,0.580636,-0.000206874,-0.00990991,0.814103,0.00440074,-0.00244826,-0.00459759,-0.0163774,-0.0111715,1.90259,0.0112287,0,0
965856279,0,-0.71418,-0.446482,0.274363,0.580636,-0.000206874,-0.00990991,0.814103,0.00440074,-0.00244826,-0.00459759,-0.0163774,-0.0111715,1.90259,0.0112287,0,0
965887490,0,-0.713865,-0.446318,0.273934,0.58034,-0.000304594,-0.0108511,0.814302,0.000442554,4.5773e-05,-0.0116365,-0.0180281,-0.0120989,1.90333,0.0129014,0,0
965922325,0,-0.71369,-0.446315,0.273578,0.579738,0.00320864,-0.0110043,0.814722,0.00119682,-0.0116788,-0.0094816,-0.0142133,-0.0179885,1.90481,0.0192005,0,0
965957467,0,-0.713361,-0.445821,0.273491,0.579145,0.0046383,-0.0097541,0.815153,0.0163,-0.0166346,0.000801687,-0.0105317,-0.0188611,1.90625,0.0192005,0,0
965986382,0,-0.713154,-0.445025,0.273983,0.578571,0.00674138,-0.00832667,0.815562,0.0279586,-0.00305945,0.0141296,-0.00578235,-0.0206326,1.90762,0.0206326,0,0
966023960,0,-0.713106,-0.443732,0.274425,0.578767,0.00838781,-0.00802292,0.81541,0.0410412,-0.0350516,0.0106211,-0.00337567,-0.0229678,1.9071,0.023982,0,0
966058830,0,-0.711954,-0.441644,0.274772,0.579084,0.00899582,-0.00831063,0.815176,0.0535449,-0.0508794,0.0103072,-0.00313151,-0.0242938,1.90631,0.023982,0,0
966086702,0,-0.711954,-0.441644,0.274772,0.579084,0.00899582,-0.00831063,0.815176,0.0535449,-0.0508794,0.0103072,-0.00313151,-0.0242938,1.90631,0.0204016,0,0
966126035,0,-0.710348,-0.436741,0.276299,0.580826,0.000976227,-0.0112661,0.81395,0.0602039,-0.0533261,0.0223137,-0.0172087,-0.014677,1.90214,0.014502,0,0
966158712,0,-0.709631,-0.434131,0.277144,0.581417,-0.000719729,-0.0153232,0.813461,0.0690017,-0.0311972,0.0218925,-0.025773,-0.0166482,1.9007,0.014502,0,0
966187084,0,-0.709451,-0.431251,0.277963,0.581568,-0.00706151,-0.026354,0.81304,0.0797967,-0.0416943,0.0208998,-0.0510988,-0.0191718,1.90024,0.0189518,0,0
966222924,0,-0.708252,-0.427151,0.278645,0.581671,-0.0130479,-0.0311969,0.812721,0.0894173,-0.0660653,0.0053099,-0.0659432,-0.0150846,1.89971,0.0150846,0,0
966253952,0,-0.708252,-0.427151,0.278645,0.581671,-0.0130479,-0.0311969,0.812721,0.0894173,-0.0660653,0.0053099,-0.0659432,-0.0150846,1.89971,0.0150846,0,0
966285939,0,-0.706943,-0.423723,0.278814,0.581952,-0.0155067,-0.0313838,0.812469,0.0984334,-0.0772301,-0.00133076,-0.0691044,-0.0113306,1.89885,0.0105385,0,0
966321340,0,-0.702085,-0.414274,0.279525,0.581883,-0.0177615,-0.0353613,0.812309,0.099493,-0.113186,0.00795282,-0.0782044,-0.0122969,1.89887,0.0125935,0,0
966354282,0,-0.702085,-0.414274,0.279525,0.581883,-0.0177615,-0.0353613,0.812309,0.099493,-0.113186,0.00795282,-0.0782044,-0.0122969,1.89887,0.0125935,0,0
966387011,0,-0.698485,-0.40954,0.280088,0.581975,-0.015145,-0.0274807,0.812601,0.0881927,-0.157816,0.00202415,-0.0623318,-0.00737258,1.89881,0.00738877,0,0
966421295,0,-0.693721,-0.404943,0.280384,0.5818,-0.00411498,-0.0161606,0.813161,0.0787642,-0.171779,0.00661158,-0.0310778,-0.0121125,1.8997,0.0159488,0,0
966453983,0,-0.689476,-0.400263,0.28117,0.580863,0.00167619,-0.0124292,0.813905,0.0949854,-0.152924,0.0221237,-0.0182888,-0.0171687,1.90206,0.0159488,0,0
966486621,0,-0.685924,-0.395345,0.282353,0.580455,0.00169204,-0.0134573,0.814179,0.104964,-0.131497,0.032544,-0.0199536,-0.0183789,1.90307,0.0183789,0,0
966520897,0,-0.682723,-0.390656,0.283565,0.580571,0.000842029,-0.0145542,0.814079,0.0950983,-0.134587,0.0291949,-0.0227245,-0.0182714,1.90279,0.0183789,0,0
966553362,0,-0.679372,-0.385976,0.28436,0.580557,0.00162344,-0.0147785,0.814084,0.10137,-0.143525,0.0143846,-0.022183,-0.0198041,1.90283,0.0190951,0,0
966585897,0,-0.676368,-0.381197,0.284747,0.580361,0.000229523,-0.0137642,0.814243,0.106161,-0.124584,0.00172319,-0.0221532,-0.0163509,1.9033,0.0176357,0,0
966627111,0,-0.673523,-0.376218,0.285033,0.580458,-0.00410268,-0.00853089,0.814235,0.110604,-0.112394,0.0108253,-0.0186563,-0.00322255,1.90298,-0.00105838,0,0
966665295,0,-0.67031,-0.37072,0.285523,0.581157,-0.00822514,0.00559537,0.813731,0.100053,-0.120983,0.00783599,-0.000454045,0.019891,1.90122,-0.00105838,0,0
966691816,0,-0.667617,-0.366599,0.285817,0.581818,-0.0097083,0.0220232,0.812963,0.0721091,-0.0935188,0.0148421,0.0245346,0.0414238,1.89976,-0.0335897,0,0
966723550,0,-0.665453,-0.363915,0.286264,0.581917,-0.0074751,0.0323521,0.81257,0.0411754,-0.0611313,0.0253434,0.0439456,0.0498212,1.89973,-0.0498212,0,0
966757025,0,-0.665453,-0.363915,0.286264,0.581917,-0.0074751,0.0323521,0.81257,0.0411754,-0.0611313,0.0253434,0.0439456,0.0498212,1.89973,-0.0498212,0,0
966792163,0,-0.663246,-0.362644,0.288027,0.581279,-0.00934362,0.0350194,0.812897,-0.0243116,-0.0226393,0.017346,0.0461604,0.055932,1.90135,-0.0557736,0,0
966822135,0,-0.662946,-0.364014,0.28844,0.581124,-0.0077258,0.0345205,0.813046,-0.0492577,0.0115809,0.0067526,0.0472372,0.0527086,1.90172,-0.0531741,0,0
966855793,0,-0.662946,-0.364014,0.28844,0.581124,-0.0077258,0.0345205,0.813046,-0.0492577,0.0115809,0.0067526,0.0472372,0.0527086,1.90172,-0.0531741,0,0
966893306,0,-0.664186,-0.370251,0.288631,0.580679,-0.000897044,0.0267704,0.813692,-0.0964686,0.0787296,0.00448185,0.0425593,0.0325556,1.90265,-0.0449068,0,0
966923042,0,-0.66587,-0.374999,0.288851,0.580449,0.00127591,0.0136398,0.814182,-0.114104,0.0979848,0.00587297,0.0236962,0.0137572,1.90306,-0.0177081,0,0
966955832,0,-0.66587,-0.374999,0.288851,0.580449,0.00127591,0.0136398,0.814182,-0.114104,0.0979848,0.00587297,0.0236962,0.0137572,1.90306,-0.0177081,0,0
966991974,0,-0.667771,-0.380113,0.28876,0.579684,-0.00281018,0.0050545,0.814821,-0.124762,0.0901844,-0.0217607,0.00497928,0.0104398,1.90491,-0.010575,0,0
967021406,0,-0.669316,-0.385424,0.287374,0.578659,-0.00386851,0.00286017,0.815556,-0.132758,0.0874696,-0.0492346,0.00018816,0.00962025,1.90741,-0.0070497,0,0
967054192,0,-0.671494,-0.391786,0.285086,0.578149,-0.00260139,-0.00345224,0.81592,-0.129747,0.111655,-0.0543889,-0.0086416,0.000253231,1.90866,-0.0070497,0,0
967092412,0,-0.673716,-0.397211,0.283199,0.577509,0.00259743,-0.00853235,0.816336,-0.120722,0.114776,-0.0406717,-0.0109317,-0.0140962,1.91027,0.0120448,0,0
967124172,0,-0.67619,-0.402113,0.281927,0.57652,0.00371158,-0.0131396,0.816969,-0.105629,0.106955,-0.0291511,-0.0171945,-0.0212166,1.91272,0.0215799,0,0
967154539,0,-0.67877,-0.406685,0.280958,0.575844,0.00194493,-0.0170067,0.817381,-0.0969977,0.109191,-0.0289997,-0.0255714,-0.0227679,1.91441,0.0215799,0,0
967191828,0,-0.681435,-0.411014,0.279785,0.575538,-0.000144018,-0.0243599,0.817412,-0.0854751,0.12507,-0.0247334,-0.040016,-0.0278082,1.91521,0.0265166,0,0
967223879,0,-0.684289,-0.414958,0.278751,0.575592,-0.00821249,-0.0333033,0.817018,-0.076704,0.094206,-0.0171927,-0.0639363,-0.0249213,1.91491,0.0237544,0,0
967255895,0,-0.686196,-0.418334,0.277997,0.576453,-0.0132908,-0.0359412,0.816231,-0.0723896,0.0734616,-0.0168627,-0.0740778,-0.0197415,1.91252,0.0237544,0,0
967292132,0,-0.6873,-0.421235,0.277155,0.57695,-0.0159623,-0.037951,0.815741,-0.066576,0.0554372,-0.0184987,-0.0804347,-0.0177503,1.91113,0.0184799,0,0
967322495,0,-0.687346,-0.423469,0.276056,0.577597,-0.0165746,-0.0325253,0.815505,-0.0609148,-0.00381118,-0.0368667,-0.0722629,-0.0105399,1.90947,0.0105399,0,0
967353549,0,-0.687346,-0.423469,0.276056,0.577597,-0.0165746,-0.0325253,0.815505,-0.0609148,-0.00381118,-0.0368667,-0.0722629,-0.0105399,1.90947,0.0105399,0,0
967390770,0,-0.684319,-0.427915,0.273656,0.579116,-0.00214902,-0.0147058,0.81511,-0.0707251,-0.00794084,-0.0148315,-0.0264682,-0.0135297,1.90633,0.00979028,0,0
967424329,0,-0.683219,-0.430182,0.273373,0.579443,-0.00105633,-0.0160632,0.814854,-0.069372,-0.00497217,-0.0041484,-0.0274099,-0.0168947,1.90555,0.0159669,0,0
967455914,0,-0.683219,-0.430182,0.273373,0.579443,-0.00105633,-0.0160632,0.814854,-0.069372,-0.00497217,-0.0041484,-0.0274099,-0.0168947,1.90555,0.0159669,0,0
967491597,0,-0.682204,-0.43227,0.273168,0.579557,-0.00144185,-0.0211061,0.814657,-0.0649318,-0.0151297,-0.00772812,-0.0360765,-0.022117,1.9053,0.02265,0,0
967522748,0,-0.681058,-0.434222,0.272507,0.579996,-0.00713252,-0.0306309,0.814012,-0.0529725,-0.0306808,-0.0240032,-0.058191,-0.023922,1.90414,0.0235528,0,0
967552429,0,-0.679567,-0.435219,0.27166,0.580222,-0.0103474,-0.0346018,0.813657,-0.0477355,-0.0454241,-0.0279085,-0.0683874,-0.0233171,1.90346,0.0235528,0,0
967591672,0,-0.67716,-0.436003,0.270794,0.580441,-0.0121127,-0.0354455,0.81344,-0.0423972,-0.0685162,-0.0261961,-0.0718052,-0.0214439,1.90282,0.0214439,0,0
967621786,0,-0.674232,-0.436305,0.270037,0.580349,-0.0119805,-0.0346644,0.813542,-0.0326435,-0.0718549,-0.0232911,-0.0703808,-0.020743,1.90305,0.0199143,0,0
967652531,0,-0.670136,-0.436187,0.269115,0.580344,-0.0113482,-0.0291706,0.81377,-0.0267112,-0.0984678,-0.0270127,-0.0606925,-0.0153888,1.90306,0.0199143,0,0
967701747,0,-0.666658,-0.43589,0.268457,0.580787,-0.00713595,-0.0213885,0.813743,-0.0292082,-0.115108,-0.0314212,-0.0431156,-0.0132311,1.90212,0.0131286,0,0
967735031,0,-0.661826,-0.435572,0.267641,0.580872,-0.00161462,-0.0155207,0.813845,-0.0307755,-0.113522,-0.0161285,-0.0271452,-0.0154035,1.90203,0.0158307,0,0
967757335,0,-0.658013,-0.435315,0.267122,0.58098,-0.000343719,-0.0154493,0.813771,-0.0240971,-0.0983491,-0.0214244,-0.0255504,-0.0173929,1.90178,0.0158307,0,0
967787693,0,-0.65428,-0.434886,0.266244,0.581089,0.000219143,-0.0145898,0.813709,-0.0213628,-0.105667,-0.0291652,-0.0234948,-0.0173135,1.90151,0.0177568,0,0
967820910,0,-0.650738,-0.43421,0.265083,0.581295,-0.00265042,-0.0140773,0.813567,-0.0147316,-0.107984,-0.0421841,-0.0259919,-0.0120539,1.90096,0.0120539,0,0
967858394,0,-0.650738,-0.43421,0.265083,0.581295,-0.00265042,-0.0140773,0.813567,-0.0147316,-0.107984,-0.0421841,-0.0259919,-0.0120539,1.90096,0.0120539,0,0
967890298,0,-0.647278,-0.43323,0.263247,0.581373,-0.00856832,-0.00778038,0.813555,0.00174,-0.0957496,-0.0588069,-0.0226245,0.00489502,1.90061,-0.015674,0,0
967921607,0,-0.641217,-0.431823,0.258979,0.581577,-0.0212114,0.00747418,0.81318,-0.0274761,-0.0784344,-0.0679174,-0.0125284,0.0432044,1.89963,-0.0421213,0,0
967957279,0,-0.641217,-0.431823,0.258979,0.581577,-0.0212114,0.00747418,0.81318,-0.0274761,-0.0784344,-0.0679174,-0.0125284,0.0432044,1.89963,-0.0421213,0,0
967988892,0,-0.63839,-0.432354,0.256414,0.581636,-0.023734,0.00718428,0.813071,-0.0454144,-0.0803828,-0.0782731,-0.0159447,0.0469694,1.8993,-0.0466977,0,0
968020664,0,-0.635186,-0.433536,0.253699,0.581556,-0.0219687,0.00728952,0.813177,-0.0672392,-0.078357,-0.0841328,-0.0137105,0.0442218,1.89962,-0.0412345,0,0
968055554,0,-0.631889,-0.43556,0.250802,0.581559,-0.0189423,0.00825239,0.813242,-0.0835337,-0.0647168,-0.0892313,-0.00861692,0.0404189,1.89982,-0.0412345,0,0
968088841,0,-0.629038,-0.438131,0.247748,0.581416,-0.0189424,0.00773909,0.813349,-0.0931797,-0.0442606,-0.0936968,-0.0094453,0.0398234,1.90017,-0.0398078,0,0
968120911,0,-0.626061,-0.441963,0.244276,0.581392,-0.0197002,0.00804345,0.813345,-0.122794,-0.0404799,-0.102649,-0.00983154,0.0414108,1.90019,-0.0414564,0,0
968159154,0,-0.623464,-0.446031,0.240442,0.58134,-0.018894,0.0091662,0.81339,-0.137969,-0.0326842,-0.11162,-0.00706236,0.0414055,1.90038,-0.0414564,0,0
968187888,0,-0.620948,-0.450742,0.236972,0.581237,-0.0197247,0.00865075,0.813449,-0.155662,-0.0244289,-0.102693,-0.0088635,0.0421588,1.90058,-0.0417441,0,0
968219697,0,-0.618553,-0.456028,0.233694,0.580994,-0.0218335,0.0085022,0.81357,-0.174216,-0.0196006,-0.10594,-0.0115481,0.0454212,1.90104,-0.0463207,0,0
968258619,0,-0.615993,-0.462064,0.230239,0.5803,-0.0241031,0.00942764,0.813991,-0.19478,-0.0125334,-0.108862,-0.0126423,0.0502022,1.9026,-0.0463207,0,0
968289503,0,-0.613353,-0.46906,0.226893,0.579929,-0.0250933,0.00790983,0.814242,-0.22543,-0.00780781,-0.103061,-0.0162447,0.0500592,1.90341,-0.0507341,0,0
968321953,0,-0.610298,-0.47672,0.223895,0.579692,-0.0246576,0.00697094,0.814433,-0.24271,-0.0155941,-0.0911681,-0.0172538,0.0482646,1.90401,-0.0482646,0,0
968358526,0,-0.606818,-0.485045,0.221742,0.579477,-0.0235606,0.00680497,0.81462,-0.268671,-0.0182228,-0.0705069,-0.0162368,0.046289,1.90462,-0.0482646,0,0
968390625,0,-0.603039,-0.494149,0.220253,0.579061,-0.0240133,0.00454928,0.814918,-0.29083,-0.0214011,-0.0473064,-0.0204173,0.044421,1.90556,-0.0454481,0,0
968422712,0,-0.598868,-0.504054,0.219417,0.578595,-0.0237973,0.00248276,0.815264,-0.318044,-0.0282566,-0.0429623,-0.0235124,0.0416872,1.90669,-0.0423531,0,0
968458873,0,-0.594311,-0.514588,0.218234,0.57848,-0.0208022,0.00363756,0.815423,-0.32954,-0.0306359,-0.0478642,-0.0181491,0.0381429,1.9072,-0.0423531,0,0
968489530,0,-0.590067,-0.525324,0.217038,0.578552,-0.0172612,0.00481395,0.815449,-0.333566,-0.0188886,-0.0467661,-0.0121292,0.0337279,1.90726,-0.0368759,0,0
968519499,0,-0.590067,-0.525324,0.217038,0.578552,-0.0172612,0.00481395,0.815449,-0.333566,-0.0188886,-0.0467661,-0.0121292,0.0337279,1.90726,-0.0327814,0,0
968558933,0,-0.585827,-0.536245,0.215994,0.578504,-0.0166635,0.00530004,0.815492,-0.330549,-0.0142025,-0.0389975,-0.0106417,0.0333163,1.90741,-0.0327814,0,0
968590699,0,-0.582069,-0.546014,0.215389,0.578383,-0.0180356,0.0043345,0.815555,-0.302797,-0.00893773,-0.0338436,-0.0138015,0.0344388,1.90762,-0.0340921,0,0
968622369,0,-0.578206,-0.555991,0.214645,0.578454,-0.0184275,0.00327406,0.8155,-0.300698,-0.00687589,-0.0312282,-0.0159888,0.0338495,1.90741,-0.0332928,0,0
968659087,0,-0.574272,-0.566162,0.214001,0.578611,-0.0173156,0.00237998,0.815417,-0.312347,0.00103082,-0.024666,-0.0161652,0.0309981,1.90708,-0.0332928,0,0
968688957,0,-0.570404,-0.576076,0.213538,0.579249,-0.00854194,-0.000575894,0.815106,-0.307152,0.000801553,-0.0166296,-0.0108358,0.0132584,1.90586,-0.0132584,0,0
968720818,0,-0.566479,-0.587569,0.212588,0.579567,0.00261432,-0.00986919,0.814861,-0.285915,0.0037821,-0.0164979,-0.0130557,-0.015701,1.90523,0.0186565,0,0
968761118,0,-0.563514,-0.596678,0.21172,0.579309,0.00546017,-0.0154017,0.814944,-0.266974,0.00138536,-0.0289789,-0.0187845,-0.0267473,1.90589,0.0186565,0,0
968790347,0,-0.560597,-0.60511,0.210492,0.579283,0.0149876,-0.0197402,0.81475,-0.240489,0.0055893,-0.0197868,-0.0148196,-0.0473103,1.90581,0.0403624,0,0
968818983,0,-0.558273,-0.612484,0.2094,0.578672,0.0244334,-0.0263349,0.814769,-0.199527,0.0169116,-0.0168403,-0.0146726,-0.0703517,1.90699,0.0403624,0,0
968854272,0,-0.55662,-0.618089,0.207982,0.578018,0.0278169,-0.0295697,0.815013,-0.148142,0.0134528,-0.0320443,-0.0160937,-0.0796099,1.90847,0.0726125,0,0
968887788,0,-0.55662,-0.618089,0.207982,0.578018,0.0278169,-0.0295697,0.815013,-0.148142,0.0134528,-0.0320443,-0.0160937,-0.0796099,1.90847,0.0824376,0,0
968919388,0,-0.554633,-0.623981,0.204625,0.577919,0.0311602,-0.031668,0.814884,-0.0494346,-0.000726924,-0.0416216,-0.0156558,-0.0874985,1.90852,0.0874985,0,0
968958749,0,-0.554439,-0.624427,0.202924,0.578047,0.0298786,-0.0337365,0.814758,-0.00118652,-0.0122839,-0.0552791,-0.0205122,-0.087803,1.90839,0.0874985,0,0
968987864,0,-0.554256,-0.623244,0.201302,0.578329,0.0295948,-0.0338744,0.814563,0.0442594,-0.022929,-0.0445424,-0.0210367,-0.0875064,1.90772,0.0877719,0,0
969018577,0,-0.554272,-0.620832,0.200108,0.57858,0.028327,-0.0317952,0.814513,0.0827196,-0.0226354,-0.040695,-0.0190832,-0.083033,1.90712,0.0839577,0,0
969058879,0,-0.554272,-0.620832,0.200108,0.57858,0.028327,-0.0317952,0.814513,0.0827196,-0.0226354,-0.040695,-0.0190832,-0.083033,1.90712,0.0839577,0,0
969089320,0,-0.555289,-0.611857,0.198788,0.578208,0.0248315,-0.027975,0.815031,0.162978,-0.028375,-0.0165901,-0.0169313,-0.0728922,1.90816,0.0805202,0,0
969119017,0,-0.555289,-0.611857,0.198788,0.578208,0.0248315,-0.027975,0.815031,0.162978,-0.028375,-0.0165901,-0.0169313,-0.0728922,1.90816,0.0551424,0,0
969158511,0,-0.556385,-0.605204,0.198986,0.578194,0.0141625,-0.0215867,0.815491,0.190242,-0.0460233,-0.00516099,-0.0188531,-0.0480798,1.90855,0.0551424,0,0
969188444,0,-0.557418,-0.597792,0.199591,0.57851,0.00886547,-0.0159146,0.815472,0.212019,-0.0418012,0.0167378,-0.0157075,-0.0328785,1.90782,0.0319524,0,0
969219008,0,-0.558907,-0.590058,0.200706,0.579282,0.00717095,-0.0127891,0.814995,0.230728,-0.0252588,0.028799,-0.0125429,-0.0265087,1.90591,0.0230903,0,0
969259294,0,-0.560885,-0.58223,0.202162,0.580202,0.00622291,-0.00959667,0.814392,0.234474,-0.00833043,0.0369085,-0.00841182,-0.0212734,1.90364,0.0230903,0,0
969289724,0,-0.563506,-0.574317,0.203438,0.580599,0.00575989,-0.0084953,0.814125,0.237868,-0.00708001,0.0289439,-0.00714546,-0.0192445,1.90266,0.0192445,0,0
969318395,0,-0.566345,-0.566542,0.204157,0.580507,0.00444147,-0.00989776,0.814183,0.241982,-0.0007235,0.0102735,-0.0109627,-0.0187249,1.90291,0.0192529,0,0
969358701,0,-0.569564,-0.55847,0.204523,0.580695,0.00648325,-0.00905789,0.814045,0.259589,0.0182792,0.00258773,-0.00721914,-0.0210766,1.90242,0.0192529,0,0
969391164,0,-0.573027,-0.550128,0.204692,0.580796,0.00748933,-0.00954846,0.813958,0.268323,0.0285799,0.00386349,-0.00684645,-0.0232855,1.90215,0.0232327,0,0
969421428,0,-0.577178,-0.541594,0.204919,0.580977,0.00505049,-0.00956746,0.813848,0.269225,0.0332451,-0.00279571,-0.00970643,-0.0193388,1.90175,0.0179986,0,0
969459238,0,-0.581639,-0.53311,0.205022,0.580942,0.00400832,-0.00838303,0.813892,0.271319,0.0386589,0.00209024,-0.00898988,-0.0162655,1.90183,0.0179986,0,0
969489495,0,-0.581639,-0.53311,0.205022,0.580942,0.00400832,-0.00838303,0.813892,0.271319,0.0386589,0.00209024,-0.00898988,-0.0162655,1.90183,0.0161821,0,0
969519971,0,-0.591609,-0.516957,0.205526,0.579635,0.00185987,-0.0112799,0.814796,0.269666,0.0658618,0.00606775,-0.0162284,-0.016108,1.90507,0.0161821,0,0
969556924,0,-0.596643,-0.508827,0.205784,0.578101,0.000970117,-0.0120789,0.815875,0.267934,0.0609376,0.00315659,-0.0185914,-0.0155493,1.90883,0.0161765,0,0
969591169,0,-0.601586,-0.500582,0.205843,0.576666,0.00228184,-0.0108835,0.816904,0.268264,0.0470176,-0.00457903,-0.0151524,-0.0162811,1.91234,0.0155642,0,0
969622100,0,-0.606582,-0.492091,0.205647,0.575362,0.00355831,-0.0103396,0.817826,0.287099,0.053509,-0.00798741,-0.0128197,-0.0177191,1.91553,0.0177191,0,0
969658464,0,-0.61184,-0.483133,0.205653,0.573922,0.00309703,-0.010936,0.818831,0.291674,0.056654,-0.000542908,-0.0143573,-0.0176257,1.91906,0.0177191,0,0
969689379,0,-0.617232,-0.474165,0.206039,0.573305,0.00550295,-0.0103471,0.819258,0.293035,0.0479394,0.0106521,-0.0106466,-0.0208822,1.92054,0.0183332,0,0
969723731,0,-0.622509,-0.464914,0.20678,0.574109,0.00681491,-0.00862707,0.818705,0.304581,0.0658479,0.0209816,-0.00630251,-0.0210661,1.91854,0.0215257,0,0
969758021,0,-0.622509,-0.464914,0.20678,0.574109,0.00681491,-0.00862707,0.818705,0.304581,0.0658479,0.0209816,-0.00630251,-0.0210661,1.91854,0.0215257,0,0
969794083,0,-0.634345,-0.446561,0.208637,0.577765,-0.0113995,-0.00914094,0.816073,0.292711,0.0709319,0.0247692,-0.0280964,0.00804307,1.90935,0.00565453,0,0
969830684,0,-0.639785,-0.437898,0.209488,0.579547,-0.017724,-0.00373362,0.814737,0.270275,0.058276,0.0351211,-0.0266388,0.0245556,1.90469,-0.021552,0,0
969854979,0,-0.639785,-0.437898,0.209488,0.579547,-0.017724,-0.00373362,0.814737,0.270275,0.058276,0.0351211,-0.0266388,0.0245556,1.90469,-0.021552,0,0
969884699,0,-0.644823,-0.430152,0.210772,0.580823,-0.0156628,-0.0011007,0.813878,0.247197,0.0747717,0.0544658,-0.0199935,0.024219,1.90169,-0.0242189,0,0
969918523,0,-0.649962,-0.423164,0.212452,0.581664,-0.00999755,-0.00349678,0.813361,0.236279,0.0653534,0.0510684,-0.0173209,0.0121956,1.89986,-0.00796218,0,0
969958525,0,-0.655086,-0.416455,0.21409,0.582024,-0.00544984,-0.00526753,0.813136,0.226742,0.0859723,0.0492028,-0.0149109,0.00273127,1.8991,-0.00796218,0,0
969990289,0,-0.660313,-0.410227,0.215841,0.582018,-0.00102037,-0.00744398,0.813142,0.212499,0.0775661,0.0515212,-0.0132945,-0.00700571,1.89918,0.0054721,0,0
970018379,0,-0.665463,-0.404224,0.21761,0.582017,0.000650047,-0.0106318,0.813107,0.210758,0.0882058,0.0471469,-0.0165352,-0.0134334,1.89921,0.0054721,0,0
970059170,0,-0.671439,-0.397841,0.21943,0.582067,0.000677667,-0.012138,0.81305,0.193722,0.0809272,0.0371043,-0.0189521,-0.0152328,1.89909,0.0142946,0,0
970091421,0,-0.676329,-0.392772,0.221019,0.581912,0.000567327,-0.0116486,0.813168,0.186759,0.0921934,0.0411993,-0.0182872,-0.0144801,1.89947,0.015185,0,0
970119752,0,-0.680886,-0.388179,0.222221,0.581594,-0.00220503,-0.0111195,0.8134,0.16225,0.0729423,0.0313078,-0.0206564,-0.00934706,1.90022,0.00934706,0,0
970159278,0,-0.685065,-0.383911,0.22324,0.581337,-0.00404092,-0.0111738,0.813576,0.149977,0.0700883,0.0250653,-0.0228822,-0.00641634,1.90082,0.00934706,0,0
970190940,0,-0.688997,-0.3802,0.223913,0.581136,-0.00150163,-0.0109737,0.813731,0.13595,0.080169,0.0183885,-0.0196069,-0.0103108,1.90136,0.00771303,0,0
970218855,0,-0.693571,-0.376498,0.224447,0.580561,0.00375637,-0.00983633,0.814149,0.126378,0.0861749,0.0135608,-0.0116569,-0.0175386,1.90278,0.0156779,0,0
970257958,0,-0.693571,-0.376498,0.224447,0.580561,0.00375637,-0.00983633,0.814149,0.126378,0.0861749,0.0135608,-0.0116569,-0.0175386,1.90278,0.0156779,0,0
970291051,0,-0.698033,-0.373537,0.224857,0.579534,0.00431522,-0.0100981,0.814874,0.120444,0.0967256,0.00601167,-0.011458,-0.0187382,1.9053,0.0177644,0,0
970320512,0,-0.702546,-0.370776,0.224953,0.578462,0.000570411,-0.0102061,0.815645,0.11498,0.0851964,-0.00319483,-0.0159912,-0.0127385,1.90794,0.0113872,0,0
970357713,0,-0.706931,-0.368255,0.224814,0.577823,-0.000804356,-0.0112889,0.816084,0.107813,0.100959,-0.00351342,-0.0193574,-0.0117334,1.9095,0.0113872,0,0
970391418,0,-0.711231,-0.366164,0.224694,0.577666,-0.000790329,-0.0127448,0.816173,0.0900992,0.0875278,-0.00181543,-0.0217207,-0.0134348,1.90989,0.0134348,0,0
970418885,0,-0.712629,-0.363253,0.223525,0.576317,0.00191769,-0.010504,0.817157,0.0743006,-0.0905243,-0.05662,-0.0149587,-0.0152419,1.9132,0.0134348,0,0
970457192,0,-0.71016,-0.35974,0.221567,0.57648,0.0025224,-0.0096758,0.81705,0.0692312,-0.0794702,-0.0511924,-0.0129049,-0.0152783,1.91279,0.0149849,0,0
970491588,0,-0.708615,-0.356833,0.220322,0.57659,0.00306739,-0.010347,0.816962,0.0594354,-0.0670956,-0.0301824,-0.0133712,-0.0169446,1.91253,0.0164716,0,0
970519552,0,-0.707028,-0.354141,0.219834,0.577063,0.00227359,-0.012555,0.8166,0.055325,-0.0727158,-0.016258,-0.0178848,-0.0182043,1.91138,0.0185559,0,0
970556755,0,-0.70514,-0.351281,0.219514,0.577842,0.00316658,-0.013567,0.81603,0.053268,-0.0656614,-0.00835363,-0.0184877,-0.0208488,1.90948,0.0185559,0,0
970591305,0,-0.703245,-0.34881,0.21945,0.578325,0.00493266,-0.0131085,0.815686,0.0526119,-0.0797334,0.000582224,-0.0156844,-0.0232111,1.90829,0.0222464,0,0
970618642,0,-0.701322,-0.346068,0.21997,0.578693,0.00402405,-0.0114318,0.815455,0.0603486,-0.0735529,0.0200622,-0.01399,-0.0197951,1.90738,0.0208108,0,0
970657887,0,-0.701322,-0.346068,0.21997,0.578693,0.00402405,-0.0114318,0.815455,0.0603486,-0.0735529,0.0200622,-0.01399,-0.0197951,1.90738,0.0208108,0,0
970689853,0,-0.699585,-0.343454,0.221199,0.579256,-0.000409744,-0.0117754,0.815061,0.0509476,-0.0734748,0.039159,-0.0196729,-0.0129743,1.90599,0.0109918,0,0
970719862,0,-0.697368,-0.340877,0.222981,0.58016,-0.00714107,-0.0165273,0.814304,0.03457,-0.076419,0.0432048,-0.0352108,-0.00754707,1.90364,0.00838677,0,0
970757784,0,-0.695038,-0.33881,0.224472,0.58082,-0.0105877,-0.0232278,0.813632,0.0342832,-0.0938856,0.0330109,-0.0501202,-0.00975343,1.9019,0.00838677,0,0
970790054,0,-0.692004,-0.3366,0.22564,0.581239,-0.0116237,-0.0281327,0.813163,0.0313577,-0.110987,0.0228711,-0.0593056,-0.0138002,1.90084,0.0138002,0,0
970818778,0,-0.688279,-0.334247,0.226378,0.581841,-0.010032,-0.0275573,0.812773,0.0295032,-0.135646,0.0104489,-0.0565067,-0.0157611,1.89944,0.0159156,0,0
970860897,0,-0.683777,-0.33198,0.226914,0.582268,-0.00590099,-0.021425,0.812693,0.014656,-0.13802,0.00742297,-0.0417128,-0.0153594,1.89853,0.0159156,0,0
970891945,0,-0.678548,-0.329946,0.22713,0.581936,-0.00150399,-0.0148732,0.813097,0.00752899,-0.12707,-0.00358218,-0.025943,-0.0148653,1.89941,0.0143391,0,0
970919181,0,-0.67407,-0.328417,0.226793,0.580866,0.00475571,-0.0115907,0.813903,-0.00291391,-0.142473,-0.00904192,-0.0133459,-0.0212082,1.90204,0.022026,0,0
970957830,0,-0.669744,-0.32681,0.226606,0.579444,0.00964238,-0.0095426,0.814899,0.00895728,-0.121647,0.00399283,-0.00437965,-0.0267771,1.90543,0.022026,0,0
970991202,0,-0.666015,-0.324959,0.227026,0.578171,0.00924019,-0.0110784,0.815788,0.0171893,-0.117959,0.00449467,-0.00739334,-0.0278901,1.90858,0.0277382,0,0
971018661,0,-0.662384,-0.32289,0.227008,0.577155,0.00847855,-0.0114336,0.816511,0.024572,-0.120456,-0.000393845,-0.00888786,-0.0270469,1.91109,0.0270469,0,0
971057701,0,-0.662384,-0.32289,0.227008,0.577155,0.00847855,-0.0114336,0.816511,0.024572,-0.120456,-0.000393845,-0.00888786,-0.0270469,1.91109,0.0270469,0,0
971091864,0,-0.654842,-0.318549,0.22793,0.576289,0.00623718,-0.0104826,0.817155,0.018518,-0.11513,0.0211685,-0.00994568,-0.0222774,1.91324,0.0250146,0,0
971119740,0,-0.651569,-0.316639,0.228787,0.576791,0.00494443,-0.00895171,0.816828,0.0191864,-0.0955423,0.018446,-0.00892184,-0.0184051,1.91201,0.0190986,0,0
971156792,0,-0.651569,-0.316639,0.228787,0.576791,0.00494443,-0.00895171,0.816828,0.0191864,-0.0955423,0.018446,-0.00892184,-0.0184051,1.91201,0.0190986,0,0
971191299,0,-0.648667,-0.314811,0.229403,0.577499,0.00157814,-0.00944214,0.816335,0.0226047,-0.104355,0.0208397,-0.0135948,-0.0134826,1.9103,0.011869,0,0
971219448,0,-0.645724,-0.312828,0.230404,0.578562,-0.00428705,-0.00805438,0.815587,0.0209061,-0.0942074,0.0285877,-0.0180998,-0.002327,1.90763,0.011869,0,0
971257014,0,-0.64261,-0.310979,0.231485,0.579477,-0.0109875,-0.0050195,0.814899,0.0182699,-0.103414,0.034165,-0.0209179,0.0120904,1.90519,-0.00445147,0,0
971291870,0,-0.638783,-0.308975,0.232858,0.580404,-0.0197037,0.00291359,0.814085,0.0090366,-0.115907,0.0225446,-0.0181408,0.0354705,1.90254,-0.0329555,0,0
971320362,0,-0.635484,-0.307988,0.233478,0.580988,-0.0178492,0.00958575,0.81366,-0.0135981,-0.105918,0.0146939,-0.00514548,0.0401956,1.90131,-0.0376764,0,0
971357505,0,-0.631285,-0.307627,0.233772,0.581259,-0.0116421,0.0109907,0.813561,-0.0280465,-0.0931058,0.00970291,0.00435119,0.0317253,1.90093,-0.0376764,0,0
971391180,0,-0.627997,-0.307889,0.234107,0.580887,-0.00629861,0.00391149,0.81395,-0.0442146,-0.0884474,0.00922456,-0.00095015,0.0147983,1.90191,-0.0206595,0,0
971419556,0,-0.624713,-0.308475,0.234129,0.580744,-0.00191057,-0.0049025,0.81407,-0.0419533,-0.0803936,-0.00429305,-0.0102013,-0.00258352,1.9023,0.00441767,0,0
971457549,0,-0.621341,-0.308809,0.233567,0.580934,-0.000495027,-0.00926743,0.813898,-0.0408276,-0.0970905,-0.0286459,-0.015662,-0.0099619,1.90186,0.00441767,0,0
971489789,0,-0.617604,-0.309095,0.232436,0.5814,-0.000450078,-0.0123376,0.813524,-0.0410217,-0.0946857,-0.0365395,-0.0206006,-0.0136143,1.90073,0.0121213,0,0
971518745,0,-0.613209,-0.309502,0.231001,0.581554,-0.00252782,-0.0164988,0.813337,-0.0430282,-0.105257,-0.0412973,-0.029786,-0.0150785,1.90034,0.0153941,0,0
971557691,0,-0.613209,-0.309502,0.231001,0.581554,-0.00252782,-0.0164988,0.813337,-0.0430282,-0.105257,-0.0412973,-0.029786,-0.0150785,1.90034,0.0153941,0,0
971589452,0,-0.603874,-0.309368,0.227839,0.581966,0.000318654,-0.0146625,0.813081,-0.0385714,-0.138288,-0.051647,-0.0234785,-0.0175852,1.89936,0.0144001,0,0
971618833,0,-0.603874,-0.309368,0.227839,0.581966,0.000318654,-0.0146625,0.813081,-0.0385714,-0.138288,-0.051647,-0.0234785,-0.0175852,1.89936,0.0222407,0,0
971651680,0,-0.59891,-0.308961,0.226069,0.581994,0.00515277,-0.012898,0.813074,-0.0292887,-0.130368,-0.0554122,-0.014981,-0.0233945,1.89927,0.0222407,0,0
971686330,0,-0.59419,-0.308297,0.223912,0.581518,0.00636772,-0.00954994,0.813453,-0.0297636,-0.134443,-0.0621255,-0.00813294,-0.0214682,1.9004,0.0214682,0,0
971719554,0,-0.589381,-0.307612,0.221951,0.581215,0.0021557,-0.00799532,0.813708,-0.02928,-0.142507,-0.057335,-0.0105069,-0.0128026,1.90117,0.00712512,0,0
971753183,0,-0.584293,-0.306953,0.220145,0.581397,-0.00453174,-0.0049948,0.813592,-0.0314783,-0.145973,-0.050795,-0.0133974,0.00156607,1.90066,0.00712512,0,0
971785128,0,-0.578498,-0.306545,0.218628,0.581557,-0.0111038,0.00249623,0.813426,-0.0473293,-0.158801,-0.0409847,-0.00885601,0.0209691,1.90013,-0.018079,0,0
971820305,0,-0.572316,-0.306601,0.217458,0.581419,-0.015735,0.0125586,0.813356,-0.0746268,-0.184043,-0.0346921,0.00213365,0.0402107,1.9004,-0.0426711,0,0
971854785,0,-0.565144,-0.307499,0.216406,0.581378,-0.00782446,0.0263189,0.81317,-0.09762,-0.176758,-0.0222037,0.0337437,0.0433413,1.90094,-0.0426711,0,0
971894574,0,-0.5591,-0.309604,0.21626,0.580467,-0.00372724,0.0267428,0.813836,-0.117177,-0.0675431,0.0131639,0.0392386,0.0371219,1.9032,-0.039818,0,0
971925336,0,-0.558747,-0.315565,0.216226,0.576472,0.00119574,0.0174533,0.816929,-0.151051,0.0912446,-0.0270898,0.0299042,0.01817,1.91284,-0.01817,0,0
971958612,0,-0.560926,-0.3224,0.215447,0.575744,0.00552224,0.0030273,0.817606,-0.159147,0.120788,-0.0168149,0.0113095,-0.00554415,1.91451,-0.01817,0,0
971988167,0,-0.562777,-0.329042,0.214828,0.576517,0.00400402,-0.00800613,0.817036,-0.157518,0.0890525,-0.0134037,-0.00846698,-0.0157748,1.91268,0.0123122,0,0
972025505,0,-0.564242,-0.336177,0.21465,0.577224,0.00312991,-0.00996274,0.816519,-0.160866,0.0896613,0.00632884,-0.0126583,-0.0166135,1.91097,0.0157951,0,0
972054696,0,-0.564242,-0.336177,0.21465,0.577224,0.00312991,-0.00996274,0.816519,-0.160866,0.0896613,0.00632884,-0.0126583,-0.0166135,1.91097,0.0157951,0,0
972086439,0,-0.565283,-0.341475,0.215018,0.577679,0.00549853,-0.0120649,0.816157,-0.156459,0.0839856,0.0218254,-0.0133449,-0.0229167,1.90986,0.0246573,0,0
972125273,0,-0.5662,-0.347113,0.215608,0.578852,0.00800546,-0.0121243,0.815303,-0.136141,0.0766031,0.0250361,-0.010506,-0.0270934,1.90695,0.0268616,0,0
972156508,0,-0.567192,-0.352773,0.216523,0.580428,0.00808252,-0.0106155,0.814202,-0.11674,0.0656729,0.0217174,-0.00790625,-0.0254874,1.90306,0.0268616,0,0
972185599,0,-0.568056,-0.357215,0.217175,0.581153,0.00746108,-0.00900728,0.81371,-0.108836,0.069281,0.0210706,-0.00598815,-0.0226135,1.90127,0.0226135,0,0
972225116,0,-0.569013,-0.361359,0.21777,0.581466,0.00803244,-0.0070295,0.813501,-0.105252,0.0574289,0.0191278,-0.00209629,-0.0212452,1.90047,0.0204932,0,0
972258517,0,-0.569944,-0.365295,0.218327,0.581568,0.00818209,-0.00504617,0.813441,-0.0915693,0.0657751,0.0193706,0.0013076,-0.0191819,1.9002,0.0204932,0,0
972288687,0,-0.571301,-0.369539,0.218712,0.581168,0.0117548,-0.00304081,0.813693,-0.0841618,0.0596432,0.00168185,0.00871676,-0.0226659,1.90106,0.0208498,0,0
972326010,0,-0.572672,-0.372707,0.21859,0.579992,0.0141414,-0.00157541,0.814498,-0.0615297,0.0794338,0.00746878,0.0138422,-0.0248663,1.90384,0.0243196,0,0
972355964,0,-0.574424,-0.375328,0.219065,0.578348,0.0114203,-0.000142928,0.81571,-0.0564352,0.062754,0.0195066,0.0129793,-0.0187978,1.90797,0.0243196,0,0
972385307,0,-0.575841,-0.377817,0.22019,0.577182,0.0107961,0.00068646,0.816544,-0.0531712,0.0639049,0.0406132,0.013586,-0.0168393,1.91085,0.0170794,0,0
972425182,0,-0.577341,-0.380315,0.222327,0.576564,0.00725653,-0.00315186,0.817013,-0.0493293,0.0711509,0.0682575,0.00321788,-0.0154925,1.91249,0.0154925,0,0
972456163,0,-0.577341,-0.380315,0.222327,0.576564,0.00725653,-0.00315186,0.817013,-0.0493293,0.0711509,0.0682575,0.00321788,-0.0154925,1.91249,0.0154925,0,0
972485715,0,-0.578956,-0.382535,0.224953,0.576467,0.00246739,-0.00790293,0.817079,-0.0361374,0.0529365,0.0723035,-0.0100709,-0.013144,1.91281,0.0122651,0,0
972522610,0,-0.581011,-0.385248,0.229378,0.577019,-0.000136327,-0.0106063,0.816662,-0.0175879,0.026336,0.0551242,-0.0174831,-0.0120177,1.91147,0.0119292,0,0
972556182,0,-0.581011,-0.385248,0.229378,0.577019,-0.000136327,-0.0106063,0.816662,-0.0175879,0.026336,0.0551242,-0.0174831,-0.0120177,1.91147,0.0119292,0,0
972586496,0,-0.581252,-0.385792,0.231078,0.577734,0.000280852,-0.00991885,0.816165,-0.0050847,0.00979691,0.0349244,-0.0158681,-0.0119196,1.90972,0.0117267,0,0
972623266,0,-0.581161,-0.385716,0.231855,0.57869,0.00166713,-0.006926,0.815516,0.000549337,-0.0142278,0.0156189,-0.0093677,-0.0107354,1.90736,0.0111192,0,0
972656284,0,-0.580979,-0.385299,0.232148,0.579584,0.0032801,-0.00580103,0.814885,0.0155016,-0.00188795,0.00372909,-0.0056526,-0.0120705,1.90516,0.0111192,0,0
972686304,0,-0.581053,-0.38455,0.23181,0.580282,0.0041977,-0.00744256,0.814371,0.027434,-0.0156546,-0.0190705,-0.00725124,-0.0154752,1.90345,0.0154752,0,0
972723734,0,-0.580871,-0.382944,0.230387,0.580707,0.00281679,-0.0120505,0.814019,0.0393082,-0.0304744,-0.0532103,-0.0163508,-0.0185825,1.90244,0.0183334,0,0
972756224,0,-0.580394,-0.381196,0.228279,0.580787,0.00183663,-0.0132569,0.813946,0.0505791,-0.0463688,-0.0802458,-0.0194519,-0.0183897,1.90225,0.0183334,0,0
972787021,0,-0.579236,-0.378458,0.224587,0.580383,0.000522751,-0.0154834,0.814196,0.057966,-0.0638771,-0.0971704,-0.0246131,-0.018825,1.90326,0.0190717,0,0
972825472,0,-0.577507,-0.375574,0.221159,0.579491,-0.00133025,-0.017251,0.814795,0.0648039,-0.0784342,-0.111626,-0.0296629,-0.0178268,1.90544,0.0176631,0,0
972855332,0,-0.577507,-0.375574,0.221159,0.579491,-0.00133025,-0.017251,0.814795,0.0648039,-0.0784342,-0.111626,-0.0296629,-0.0178268,1.90544,0.0176631,0,0
972889599,0,-0.571354,-0.368567,0.211553,0.578388,0.00119652,-0.0121773,0.81567,0.0647828,-0.11363,-0.158095,-0.0184846,-0.016039,1.90813,0.0157116,0,0
972926189,0,-0.567975,-0.365133,0.2057,0.578625,0.00280209,-0.0103862,0.815523,0.0605736,-0.132729,-0.175435,-0.0137,-0.0165905,1.90754,0.0165905,0,0
972962223,0,-0.567975,-0.365133,0.2057,0.578625,0.00280209,-0.0103862,0.815523,0.0605736,-0.132729,-0.175435,-0.0137,-0.0165905,1.90754,0.0165905,0,0
972994363,0,-0.564553,-0.361795,0.199352,0.579422,0.00423207,-0.00908191,0.814966,0.0594124,-0.114525,-0.183746,-0.00990026,-0.0174234,1.90557,0.0174765,0,0
973024980,0,-0.564967,-0.356839,0.187723,0.57783,-0.00571505,-0.0209992,0.815867,0.0747672,0.175631,-0.116946,-0.0408857,-0.0149431,1.90943,0.0153385,0,0
973057821,0,-0.564967,-0.356839,0.187723,0.57783,-0.00571505,-0.0209992,0.815867,0.0747672,0.175631,-0.116946,-0.0408857,-0.0149431,1.90943,0.0153385,0,0
973087857,0,-0.571439,-0.356444,0.183585,0.578004,-0.00526536,-0.0190459,0.815795,0.0712278,0.136221,-0.116602,-0.0371739,-0.0134267,1.90901,0.0133161,0,0
973125441,0,-0.581149,-0.355108,0.176972,0.578765,-0.00270679,-0.0121479,0.8154,0.059419,0.117815,-0.0823072,-0.0229471,-0.00964751,1.90717,0.0110939,0,0
973157860,0,-0.581149,-0.355108,0.176972,0.578765,-0.00270679,-0.0121479,0.8154,0.059419,0.117815,-0.0823072,-0.0229471,-0.00964751,1.90717,0.0110939,0,0
973187457,0,-0.584936,-0.354451,0.174179,0.579401,0.00265972,-0.00108138,0.815038,0.0524276,0.0978586,-0.0816694,0.00131938,-0.00558868,1.9056,0.00558868,0,0
973224426,0,-0.588939,-0.353808,0.171682,0.579502,0.0107906,0.00911011,0.814849,0.0552967,0.110368,-0.0596306,0.0273572,-0.00702684,1.90512,0.00693174,0,0
973258053,0,-0.594001,-0.353416,0.170177,0.579202,0.0121595,0.0127289,0.814994,0.0602394,0.148292,-0.0409198,0.0348411,-0.00507472,1.90579,0.00693174,0,0
973285834,0,-0.599829,-0.353365,0.169201,0.579269,0.0126225,0.0161256,0.814879,0.0551578,0.152332,-0.0351944,0.040916,-0.00188955,1.90559,0.00213881,0,0
973323334,0,-0.606852,-0.35365,0.168279,0.579535,0.0133581,0.0147978,0.814704,0.0489601,0.166865,-0.0306784,0.0396055,-0.0046141,1.9049,0.0050993,0,0
973358661,0,-0.61318,-0.354231,0.167222,0.579705,0.012157,0.00967071,0.814678,0.0457538,0.188706,-0.0330145,0.0298575,-0.00859584,1.90456,0.0050993,0,0
973385951,0,-0.619933,-0.355089,0.166349,0.579718,0.00792091,-0.000290579,0.814779,0.0386873,0.181444,-0.0236599,0.00871114,-0.0132449,1.90473,0.010716,0,0
973423303,0,-0.626437,-0.356003,0.165535,0.579992,0.00447848,-0.00896856,0.81456,0.0402125,0.183239,-0.0247876,-0.00941751,-0.0177003,1.90417,0.0174217,0,0
973458186,0,-0.626437,-0.356003,0.165535,0.579992,0.00447848,-0.00896856,0.81456,0.0402125,0.183239,-0.0247876,-0.00941751,-0.0177003,1.90417,0.0174217,0,0
973486050,0,-0.632422,-0.356699,0.164305,0.580574,0.00481348,-0.00897826,0.814144,0.0358662,0.154966,-0.0433705,-0.00903165,-0.0182638,1.90273,0.0186894,0,0
973520130,0,-0.64347,-0.357285,0.160916,0.58134,0.00693021,-0.00819382,0.81359,0.0484435,0.148299,-0.0410785,-0.00527637,-0.020805,1.90082,0.0210576,0,0
973554377,0,-0.64347,-0.357285,0.160916,0.58134,0.00693021,-0.00819382,0.81359,0.0484435,0.148299,-0.0410785,-0.00527637,-0.020805,1.90082,0.0210576,0,0
973586102,0,-0.649129,-0.357262,0.159777,0.581406,0.00668997,-0.00798663,0.813547,0.0578922,0.155938,-0.0322411,-0.00521691,-0.0201735,1.90066,0.0204711,0,0
973623420,0,-0.654751,-0.35706,0.159223,0.581226,0.00680293,-0.00869169,0.813667,0.0596667,0.154866,-0.0113279,-0.00623766,-0.0211759,1.9011,0.0237685,0,0
973656314,0,-0.66096,-0.356767,0.15938,0.581058,0.00919076,-0.0119533,0.813722,0.0634579,0.152625,0.00700135,-0.00877638,-0.0288526,1.9015,0.0237685,0,0
973685867,0,-0.666644,-0.356244,0.159795,0.580515,0.013875,-0.0150733,0.813992,0.0701477,0.143356,0.0184943,-0.00843671,-0.0400996,1.90274,0.0378827,0,0
973721263,0,-0.672506,-0.355432,0.160766,0.580267,0.0198162,-0.0212289,0.813908,0.0863791,0.144218,0.0344037,-0.0115785,-0.0569248,1.90321,0.0378827,0,0
973751065,0,-0.678327,-0.353971,0.16227,0.580452,0.023306,-0.0288658,0.813449,0.106777,0.142551,0.0403062,-0.0199579,-0.0714878,1.90276,0.0616833,0,0
973788506,0,-0.683991,-0.351605,0.163794,0.580636,0.023731,-0.0323608,0.813174,0.12686,0.115466,0.0383419,-0.0251474,-0.0762484,1.90238,0.0754177,0,0
973823176,0,-0.689255,-0.348394,0.165479,0.580467,0.0248435,-0.031776,0.813284,0.147951,0.106637,0.047119,-0.0229147,-0.0773766,1.90271,0.0777547,0,0
973857549,0,-0.69453,-0.344603,0.167665,0.579817,0.0260456,-0.0332443,0.813652,0.16341,0.105971,0.0544528,-0.0239762,-0.0810239,1.90429,0.0777547,0,0
973885868,0,-0.69453,-0.344603,0.167665,0.579817,0.0260456,-0.0332443,0.813652,0.16341,0.105971,0.0544528,-0.0239762,-0.0810239,1.90429,0.0818886,0,0
973918925,0,-0.704092,-0.334512,0.172686,0.579085,0.0266774,-0.0309347,0.814243,0.203515,0.0702986,0.064625,-0.0195425,-0.0793547,1.90597,0.0793547,0,0
973955777,0,-0.704092,-0.334512,0.172686,0.579085,0.0266774,-0.0309347,0.814243,0.203515,0.0702986,0.064625,-0.0195425,-0.0793547,1.90597,0.0793547,0,0
973985280,0,-0.708526,-0.328525,0.175506,0.579475,0.025341,-0.0294276,0.814064,0.212379,0.0637706,0.0712121,-0.0185968,-0.075435,1.90505,0.0742983,0,0
974019250,0,-0.718343,-0.313387,0.182297,0.580518,0.0170364,-0.0163068,0.813906,0.255982,0.0533162,0.0755311,-0.00677197,-0.0466817,1.90262,0.0544164,0,0
974052942,0,-0.718343,-0.313387,0.182297,0.580518,0.0170364,-0.0163068,0.813906,0.255982,0.0533162,0.0755311,-0.00677197,-0.0466817,1.90262,0.0544164,0,0
974088869,0,-0.723419,-0.305674,0.185196,0.580945,0.0101678,-0.00649447,0.813853,0.250788,0.0749315,0.0647898,0.00124308,-0.0240983,1.9017,0.0222643,0,0
974123864,0,-0.728958,-0.298719,0.187101,0.581341,0.00696687,-0.00353407,0.813622,0.231804,0.0945076,0.0495396,0.00234975,-0.0154464,1.90078,0.0132244,0,0
974155758,0,-0.735763,-0.291636,0.188647,0.581791,0.00252941,-0.00660234,0.813307,0.215781,0.116786,0.0349588,-0.00779691,-0.011797,1.89974,0.0132244,0,0
974192330,0,-0.74202,-0.286384,0.189272,0.581859,-0.00215136,-0.0166942,0.813116,0.192636,0.111137,0.015311,-0.0296603,-0.0159294,1.8996,0.0150085,0,0
974220237,0,-0.747985,-0.281377,0.189636,0.581489,-0.00784447,-0.0268045,0.813075,0.190895,0.106057,0.0128776,-0.0527445,-0.0184179,1.9004,0.0189398,0,0
974252222,0,-0.753364,-0.276163,0.190036,0.581203,-0.0120585,-0.0340946,0.812955,0.19444,0.0917122,0.013872,-0.0695216,-0.0200271,1.90094,0.0189398,0,0
974292382,0,-0.757889,-0.270735,0.190555,0.581061,-0.0129463,-0.0372605,0.812904,0.185043,0.0606273,0.0211334,-0.0757147,-0.0222549,1.90126,0.0218201,0,0
974320526,0,-0.761461,-0.265566,0.191468,0.581059,-0.0117764,-0.0345174,0.813044,0.167591,0.0278067,0.0256732,-0.0698862,-0.0209654,1.90132,0.0202638,0,0
974352160,0,-0.761461,-0.265566,0.191468,0.581059,-0.0117764,-0.0345174,0.813044,0.167591,0.0278067,0.0256732,-0.0698862,-0.0209654,1.90132,0.0202638,0,0
974390768,0,-0.767757,-0.254903,0.193473,0.581079,0.00143765,-0.0120548,0.813757,0.150669,0.037899,0.0323009,-0.0179519,-0.0163501,1.90153,0.0165352,0,0
974421742,0,-0.771229,-0.250612,0.194786,0.581292,0.00250388,-0.00722225,0.813659,0.141903,0.0552957,0.0390766,-0.00884273,-0.0124714,1.90097,0.0132252,0,0
974451879,0,-0.771229,-0.250612,0.194786,0.581292,0.00250388,-0.00722225,0.813659,0.141903,0.0552957,0.0390766,-0.00884273,-0.0124714,1.90097,0.0132252,0,0
974492219,0,-0.778858,-0.244052,0.19855,0.58188,-0.000158294,-0.00823512,0.813233,0.111595,0.0829628,0.0590712,-0.0135794,-0.00932638,1.89953,0.00930365,0,0
974523599,0,-0.782684,-0.241827,0.200609,0.58203,-0.00173974,-0.00972237,0.813108,0.0887593,0.0899735,0.0562516,-0.0178374,-0.00848832,1.89915,0.0087461,0,0
974553668,0,-0.782684,-0.241827,0.200609,0.58203,-0.00173974,-0.00972237,0.813108,0.0887593,0.0899735,0.0562516,-0.0178374,-0.00848832,1.89915,0.0087461,0,0
974591915,0,-0.78648,-0.240499,0.202117,0.582162,1.65648e-05,-0.0090131,0.813023,0.0631242,0.0931969,0.0431365,-0.0146377,-0.0105213,1.89884,0.0107372,0,0
974623621,0,-0.790563,-0.23981,0.203651,0.582076,0.0017262,-0.00937752,0.813079,0.0448171,0.0927863,0.0420835,-0.0132414,-0.0137244,1.89906,0.0147417,0,0
974655740,0,-0.794096,-0.2398,0.205357,0.581442,0.0025111,-0.00986052,0.813524,0.0358587,0.100662,0.0477219,-0.0131254,-0.015553,1.90062,0.0147417,0,0
974690734,0,-0.795804,-0.239464,0.206733,0.580677,0.0022452,-0.0117738,0.814046,0.0231861,-0.0633035,0.0210037,-0.0165646,-0.0173298,1.90251,0.0170148,0,0
974721499,0,-0.790886,-0.237155,0.207113,0.580082,0.0037301,-0.0112576,0.814472,0.0132695,-0.121607,0.0131484,-0.0140135,-0.0191379,1.90397,0.0199921,0,0
974751190,0,-0.786631,-0.235414,0.207684,0.579427,0.00677222,-0.0102382,0.814932,0.00517418,-0.1264,0.0210188,-0.00884123,-0.0229043,1.90554,0.0199921,0,0
974790216,0,-0.782606,-0.233938,0.20846,0.578906,0.00797059,-0.00976692,0.815297,-0.00050331,-0.121537,0.0245915,-0.00669946,-0.0243075,1.90679,0.0242451,0,0
974824154,0,-0.778586,-0.232699,0.209357,0.578696,0.00634735,-0.00938557,0.815465,-0.0121817,-0.126442,0.0205261,-0.00796271,-0.0212165,1.90733,0.020322,0,0
974854052,0,-0.778586,-0.232699,0.209357,0.578696,0.00634735,-0.00938557,0.815465,-0.0121817,-0.126442,0.0205261,-0.00796271,-0.0212165,1.90733,0.020322,0,0
974890257,0,-0.769898,-0.231471,0.210596,0.578681,0.00433664,-0.00975828,0.815484,-0.0306591,-0.109806,0.0164086,-0.0108984,-0.0183678,1.90739,0.0162762,0,0
974924144,0,-0.765794,-0.231182,0.211095,0.578583,0.00804941,-0.00904788,0.815534,-0.0318944,-0.113858,0.0185067,-0.00544474,-0.0236012,1.90757,0.0227385,0,0
974955808,0,-0.765794,-0.231182,0.211095,0.578583,0.00804941,-0.00904788,0.815534,-0.0318944,-0.113858,0.0185067,-0.00544474,-0.0236012,1.90757,0.0227385,0,0
974990638,0,-0.761902,-0.230907,0.211747,0.578561,0.00885917,-0.0104946,0.815524,-0.0292685,-0.112199,0.0179004,-0.00686852,-0.0265964,1.90762,0.0265163,0,0
975021014,0,-0.758131,-0.230646,0.212451,0.578964,0.00766159,-0.0108981,0.815244,-0.0277973,-0.109164,0.0193649,-0.00890065,-0.025114,1.90666,0.0255387,0,0
975057322,0,-0.754056,-0.230283,0.213473,0.579163,0.00914858,-0.00992047,0.8151,-0.0240601,-0.0988251,0.0255116,-0.0055773,-0.0264082,1.90613,0.0255387,0,0
975095169,0,-0.751551,-0.229726,0.214442,0.579102,0.00680165,-0.0127546,0.815127,-0.00337063,-0.0776753,0.036559,-0.0129203,-0.0258638,1.90636,0.0252995,0,0
975121254,0,-0.748195,-0.228573,0.215862,0.579427,0.00138541,-0.0165798,0.814854,0.00110328,-0.101229,0.0271275,-0.0254233,-0.021473,1.90562,0.0190155,0,0
975152545,0,-0.744623,-0.22743,0.216842,0.579807,-0.00115511,-0.0147979,0.814619,-0.00451578,-0.101713,0.0265405,-0.0254546,-0.0152786,1.90465,0.0190155,0,0
975191708,0,-0.740912,-0.226635,0.217846,0.580318,-0.000866891,-0.0121881,0.814298,-0.0170641,-0.105296,0.0268474,-0.0208589,-0.0127345,1.90338,0.0128623,0,0
975222331,0,-0.737098,-0.226196,0.218791,0.580765,0.00212049,-0.00918477,0.814017,-0.0289825,-0.111155,0.0285941,-0.0124917,-0.0141211,1.90228,0.0139294,0,0
975251397,0,-0.733294,-0.225996,0.219763,0.580963,0.00581659,-0.00506989,0.813893,-0.031781,-0.108144,0.0288428,-0.00149442,-0.0153596,1.90174,0.0139294,0,0
975290716,0,-0.729701,-0.225956,0.220748,0.581194,0.0112904,0.00106349,0.813686,-0.0311976,-0.0925462,0.025988,0.0148572,-0.0171383,1.90098,0.0164552,0,0
975322527,0,-0.726918,-0.226147,0.221662,0.581384,0.0127874,0.00179258,0.813527,-0.0270196,-0.0628746,0.0255819,0.0177894,-0.0187225,1.90045,0.0187225,0,0
975352469,0,-0.726918,-0.226147,0.221662,0.581384,0.0127874,0.00179258,0.813527,-0.0270196,-0.0628746,0.0255819,0.0177894,-0.0187225,1.90045,0.0187225,0,0
975392324,0,-0.722642,-0.227511,0.222344,0.582398,0.00392913,-0.0078013,0.812857,-0.041999,-0.0404445,0.00155402,-0.00810711,-0.0154752,1.89825,0.0173446,0,0
975422345,0,-0.720226,-0.22891,0.222387,0.582451,0.000351847,-0.0114791,0.812785,-0.0576702,-0.0557921,0.00423763,-0.018253,-0.0139444,1.89814,0.0140731,0,0
975451228,0,-0.720226,-0.22891,0.222387,0.582451,0.000351847,-0.0114791,0.812785,-0.0576702,-0.0557921,0.00423763,-0.018253,-0.0139444,1.89814,0.0140731,0,0
975490966,0,-0.714697,-0.231574,0.222839,0.582153,0.00574763,-0.00457622,0.813046,-0.0705085,-0.0761311,0.00179337,-0.000749421,-0.0146748,1.89881,0.0135942,0,0
975522426,0,-0.714697,-0.231574,0.222839,0.582153,0.00574763,-0.00457622,0.813046,-0.0705085,-0.0761311,0.00179337,-0.000749421,-0.0146748,1.89881,0.0145296,0,0
975555506,0,-0.711588,-0.233085,0.222645,0.581836,0.0150818,0.00762578,0.813131,-0.0754624,-0.0601196,-0.00524646,0.0299599,-0.0156536,1.89919,0.0145296,0,0
975588986,0,-0.70975,-0.235256,0.222471,0.581118,0.0197274,0.0101602,0.813517,-0.0783004,-0.00416011,0.00488946,0.0394774,-0.02029,1.90064,0.02029,0,0
975622296,0,-0.709568,-0.23797,0.222708,0.58048,0.014877,0.000713211,0.814138,-0.0734779,0.0240145,0.010661,0.018439,-0.0233979,1.90258,0.0227062,0,0
975651803,0,-0.709716,-0.240539,0.222851,0.580115,0.0107536,-0.00365503,0.814456,-0.066388,0.0328695,0.00121389,0.00652456,-0.0217591,1.90369,0.0227062,0,0
975691200,0,-0.71029,-0.243312,0.222735,0.579407,0.00938416,-0.00468175,0.814971,-0.0573773,0.0367979,0.00161164,0.00324421,-0.0207224,1.90548,0.0208784,0,0
975722271,0,-0.711508,-0.245447,0.223077,0.578966,0.00664789,-0.00917092,0.815273,-0.0570597,0.0696643,0.0129883,-0.00725755,-0.0214606,1.90666,0.0219625,0,0
975752817,0,-0.713383,-0.24822,0.223491,0.57854,0.0021764,-0.0172517,0.815468,-0.0547621,0.0884876,0.0211972,-0.025628,-0.0235133,1.9078,0.0219625,0,0
975790397,0,-0.716181,-0.251375,0.224051,0.578389,-0.0069057,-0.0279655,0.815252,-0.04632,0.0781023,0.0116673,-0.0536238,-0.0210916,1.90806,0.0232987,0,0
975821779,0,-0.718269,-0.253776,0.224053,0.578416,-0.0114922,-0.0299315,0.815112,-0.0468729,0.0628116,-0.00384614,-0.0621374,-0.0158914,1.90779,0.0158914,0,0
975851240,0,-0.718269,-0.253776,0.224053,0.578416,-0.0114922,-0.0299315,0.815112,-0.0468729,0.0628116,-0.00384614,-0.0621374,-0.0158914,1.90779,0.0158914,0,0
975890536,0,-0.719632,-0.255983,0.223589,0.578243,-0.00753206,-0.023434,0.815494,-0.049675,0.0511544,-0.0179612,-0.0469537,-0.014817,1.90836,0.0165846,0,0
975921774,0,-0.722845,-0.260789,0.221648,0.576973,0.00473557,-0.0125281,0.816653,-0.0377076,0.0910128,-0.0313867,-0.0150019,-0.0221932,1.9116,0.0221921,0,0
975952078,0,-0.722845,-0.260789,0.221648,0.576973,0.00473557,-0.0125281,0.816653,-0.0377076,0.0910128,-0.0313867,-0.0150019,-0.0221932,1.9116,0.0221921,0,0
975990405,0,-0.728917,-0.265811,0.218678,0.576263,0.00500891,-0.0102981,0.817184,-0.0381996,0.117788,-0.0351018,-0.0110605,-0.0200566,1.91331,0.0212095,0,0
976022441,0,-0.728917,-0.265811,0.218678,0.576263,0.00500891,-0.0102981,0.817184,-0.0381996,0.117788,-0.0351018,-0.0110605,-0.0200566,1.91331,0.0194743,0,0
976052395,0,-0.732508,-0.268486,0.217258,0.576356,0.00370111,-0.0115204,0.81711,-0.0436896,0.115983,-0.0454855,-0.0145638,-0.0193293,1.91311,0.0194743,0,0
976090453,0,-0.736189,-0.271325,0.21539,0.576592,0.00400502,-0.0103308,0.816957,-0.0407455,0.128803,-0.0551587,-0.0122635,-0.0184582,1.91252,0.0186765,0,0
976125332,0,-0.736189,-0.271325,0.21539,0.576592,0.00400502,-0.0103308,0.816957,-0.0407455,0.128803,-0.0551587,-0.0122635,-0.0184582,1.91252,0.0169635,0,0
976155141,0,-0.745477,-0.278502,0.211565,0.578223,0.00326558,-0.00986359,0.815812,-0.056496,0.147744,-0.0456424,-0.0123192,-0.0167357,1.90852,0.0169635,0,0
976190168,0,-0.749359,-0.281719,0.210117,0.579034,0.00377702,-0.00983684,0.815236,-0.0674711,0.157815,-0.0459732,-0.0116667,-0.017551,1.90653,0.0175509,0,0
976222451,0,-0.754843,-0.286569,0.208127,0.579863,0.00242363,-0.0127528,0.814611,-0.069454,0.183498,-0.0430104,-0.0179705,-0.0187395,1.90452,0.0191504,0,0
976251312,0,-0.75466,-0.288661,0.206138,0.585456,0.00556971,-0.00968456,0.810627,-0.0563901,-0.136612,-0.0659814,-0.00918152,-0.0203711,1.89071,0.0191504,0,0
976290365,0,-0.747451,-0.287644,0.204349,0.589877,0.00417138,-0.0130599,0.807377,-0.0312964,-0.147769,-0.0371422,-0.0161719,-0.022145,1.87982,0.0220694,0,0
976322564,0,-0.742843,-0.28695,0.203298,0.589155,-0.00560402,-0.0259975,0.807582,-0.0190194,-0.130829,-0.0368879,-0.048624,-0.0215834,1.88158,0.0220694,0,0
976352170,0,-0.742843,-0.28695,0.203298,0.589155,-0.00560402,-0.0259975,0.807582,-0.0190194,-0.130829,-0.0368879,-0.048624,-0.0215834,1.88158,0.0216349,0,0
976389648,0,-0.731972,-0.284152,0.201128,0.582464,-0.0037375,-0.02449,0.812479,-0.0128394,-0.170412,-0.0219818,-0.0441747,-0.0224577,1.89814,0.0227825,0,0
976422621,0,-0.726096,-0.282643,0.200972,0.580785,5.77137e-05,-0.0180304,0.813858,-0.0105058,-0.156248,-0.00412284,-0.029292,-0.0210391,1.90228,0.0210391,0,0
976451502,0,-0.726096,-0.282643,0.200972,0.580785,5.77137e-05,-0.0180304,0.813858,-0.0105058,-0.156248,-0.00412284,-0.029292,-0.0210391,1.90228,0.0210391,0,0
976491222,0,-0.715273,-0.279562,0.201033,0.579656,-0.000267948,-0.0166084,0.814692,-0.00814642,-0.152835,0.000212101,-0.0273804,-0.0188188,1.90504,0.0199289,0,0
976522828,0,-0.709901,-0.278119,0.201231,0.579727,0.000130558,-0.0162898,0.814648,-0.01038,-0.155242,0.00955883,-0.0263974,-0.0191011,1.90487,0.0187834,0,0
976551644,0,-0.709901,-0.278119,0.201231,0.579727,0.000130558,-0.0162898,0.814648,-0.01038,-0.155242,0.00955883,-0.0263974,-0.0191011,1.90487,0.0187834,0,0
976590176,0,-0.704255,-0.276668,0.202052,0.579948,0.000570261,-0.0161981,0.814492,-0.0115717,-0.163758,0.027157,-0.0257329,-0.0197184,1.90433,0.0198894,0,0
976621909,0,-0.698721,-0.275061,0.203306,0.579997,0.000769583,-0.0168181,0.814445,-0.00552019,-0.165804,0.0377746,-0.026511,-0.020764,1.90422,0.0199955,0,0
976651764,0,-0.693344,-0.273084,0.205082,0.580295,-0.000654439,-0.0181475,0.814204,0.00556366,-0.167025,0.0520905,-0.0303218,-0.0199975,1.90348,0.0199955,0,0
976690489,0,-0.687918,-0.270726,0.207273,0.580733,-0.00379355,-0.0226876,0.813769,0.0149077,-0.17876,0.0551272,-0.0413512,-0.0201781,1.90237,0.0199156,0,0
976721583,0,-0.68152,-0.267331,0.209702,0.58162,-0.00889063,-0.0269372,0.812966,0.0350362,-0.184573,0.0526592,-0.0541743,-0.0168797,1.90004,0.0166062,0,0
976751056,0,-0.675338,-0.264036,0.212103,0.582055,-0.00893548,-0.0270534,0.81265,0.0353873,-0.200953,0.0600007,-0.0544065,-0.0169711,1.89897,0.0166062,0,0
976790214,0,-0.668897,-0.260635,0.214214,0.581941,-0.00377795,-0.0217879,0.81293,0.0396136,-0.2073,0.0406315,-0.039839,-0.0192173,1.8994,0.0188637,0,0
976823185,0,-0.662938,-0.257345,0.215363,0.58152,0.000754057,-0.0172519,0.813349,0.0432761,-0.224968,0.0343115,-0.0271962,-0.0212929,1.90048,0.0207703,0,0
976851833,0,-0.656398,-0.253382,0.21679,0.581059,0.000106639,-0.0162897,0.813698,0.0427382,-0.224782,0.028824,-0.0263937,-0.0191052,1.9016,0.0207703,0,0
976890517,0,-0.648807,-0.248917,0.218026,0.57977,0.00293128,-0.0111327,0.814699,0.0444775,-0.21278,0.0207236,-0.0147434,-0.0176859,1.90474,0.0174848,0,0
976922848,0,-0.642283,-0.245055,0.218632,0.578444,0.00481163,-0.00918488,0.815656,0.0484576,-0.194522,0.0180192,-0.00941864,-0.0184762,1.90796,0.0184762,0,0
976952069,0,-0.642283,-0.245055,0.218632,0.578444,0.00481163,-0.00918488,0.815656,0.0484576,-0.194522,0.0180192,-0.00941864,-0.0184762,1.90796,0.0184762,0,0
976990445,0,-0.631031,-0.238052,0.218799,0.577825,0.00500872,-0.0100467,0.816084,0.0420969,-0.169022,-0.00495553,-0.0106118,-0.0197868,1.90949,0.0185139,0,0
977022623,0,-0.625796,-0.234659,0.21852,0.577935,0.00525946,-0.00970093,0.816009,0.0446619,-0.168002,-0.00947921,-0.0097549,-0.0197978,1.90921,0.0199061,0,0
977051842,0,-0.625796,-0.234659,0.21852,0.577935,0.00525946,-0.00970093,0.816009,0.0446619,-0.168002,-0.00947921,-0.0097549,-0.0197978,1.90921,0.0199061,0,0
977090440,0,-0.61651,-0.227178,0.216662,0.57878,0.00610836,-0.00523887,0.815444,0.0599109,-0.152176,-0.0253304,-0.00147341,-0.016027,1.9071,0.018673,0,0
977122642,0,-0.612138,-0.223521,0.215917,0.578523,0.00660602,-0.000958189,0.815639,0.0551292,-0.136802,-0.0120241,0.00608087,-0.0118852,1.90769,0.0128254,0,0
977152346,0,-0.612138,-0.223521,0.215917,0.578523,0.00660602,-0.000958189,0.815639,0.0551292,-0.136802,-0.0120241,0.00608087,-0.0118852,1.90769,0.0128254,0,0
977195036,0,-0.608259,-0.220139,0.215736,0.578346,0.00614981,-0.00199261,0.815766,0.0555752,-0.128526,0.00739229,0.00386273,-0.0123388,1.90814,0.0125669,0,0
977222774,0,-0.604588,-0.217025,0.215783,0.578375,0.00447177,-0.00624663,0.815735,0.0444966,-0.128282,0.00305334,-0.00501902,-0.0145219,1.90812,0.0147131,0,0
977251836,0,-0.600214,-0.213562,0.215805,0.578707,0.000770967,-0.0119221,0.815448,0.0486047,-0.131984,-0.00400939,-0.0185546,-0.0150568,1.90735,0.0147131,0,0
977289230,0,-0.596037,-0.210442,0.215721,0.57888,-0.00085653,-0.01625,0.815251,0.0466459,-0.143879,-0.00838025,-0.027495,-0.0174179,1.90694,0.0171323,0,0
977322554,0,-0.591128,-0.207111,0.21563,0.579036,-0.00112388,-0.0179347,0.815104,0.0454759,-0.16552,-0.00311051,-0.0305491,-0.0189387,1.90656,0.0193552,0,0
977350971,0,-0.585785,-0.203814,0.215694,0.579227,0.000446197,-0.0182127,0.814963,0.037209,-0.181849,-0.0011367,-0.0291796,-0.0218276,1.90611,0.0193552,0,0
977390702,0,-0.579696,-0.200174,0.215651,0.579479,0.00216588,-0.0162193,0.814823,0.0412327,-0.210511,-0.0133598,-0.0239298,-0.022329,1.90549,0.0227588,0,0
977421609,0,-0.572895,-0.196167,0.21531,0.579875,0.0053796,-0.00907115,0.814638,0.0419851,-0.226365,-0.00997294,-0.00854211,-0.0192863,1.90445,0.0189031,0,0
977451691,0,-0.573697,-0.194869,0.215332,0.581192,0.00581393,-0.00843694,0.813702,0.0383366,0.21925,-0.0047798,-0.00697365,-0.0192698,1.9012,0.0189031,0,0
977490048,0,-0.583978,-0.196895,0.215024,0.581646,0.00839901,-0.00423957,0.813387,0.0402367,0.238421,-0.0219544,0.00287419,-0.0185962,1.9,0.019021,0,0
977522511,0,-0.591938,-0.198114,0.213965,0.580892,0.0155565,0.00301836,0.813826,0.0421376,0.230255,-0.0416366,0.0229937,-0.0218156,1.90151,0.0218156,0,0
977551106,0,-0.591938,-0.198114,0.213965,0.580892,0.0155565,0.00301836,0.813826,0.0421376,0.230255,-0.0416366,0.0229937,-0.0218156,1.90151,0.0218156,0,0
977590591,0,-0.600906,-0.199353,0.212695,0.579957,0.0204663,0.00589994,0.814369,0.0591,0.259956,-0.0466948,0.0333665,-0.0264939,1.90348,0.0254055,0,0
977622407,0,-0.621327,-0.201266,0.211098,0.578494,0.023777,0.0118497,0.815254,0.0824198,0.303044,-0.0292979,0.0468626,-0.0250613,1.90674,0.0247007,0,0
977652045,0,-0.621327,-0.201266,0.211098,0.578494,0.023777,0.0118497,0.815254,0.0824198,0.303044,-0.0292979,0.0468626,-0.0250613,1.90674,0.0247007,0,0
977690395,0,-0.632966,-0.202066,0.210966,0.577989,0.0238077,0.0111616,0.815621,0.0974408,0.339689,-0.0158297,0.0457599,-0.0259365,1.90798,0.024927,0,0
977725887,0,-0.646937,-0.202702,0.211398,0.577321,0.0200845,0.00869033,0.816224,0.105478,0.336853,-0.000161354,0.0373953,-0.0227547,1.90994,0.0222746,0,0
977752751,0,-0.660001,-0.20328,0.212372,0.576594,0.0135931,0.000157419,0.816918,0.114289,0.369128,0.0221081,0.0159371,-0.0220291,1.91218,0.0222746,0,0
977789638,0,-0.673588,-0.203778,0.213382,0.576238,0.00664317,-0.0072322,0.817223,0.118979,0.366791,0.0194531,-0.00416532,-0.019194,1.91333,0.019194,0,0
977823376,0,-0.684839,-0.203988,0.213749,0.576271,0.002951,-0.0080933,0.817214,0.117755,0.362856,0.0109639,-0.00982789,-0.0141515,1.91329,0.0124515,0,0
977851999,0,-0.699636,-0.204483,0.213917,0.576682,0.00120201,-0.00849951,0.816923,0.111861,0.3608,0.00452074,-0.0125017,-0.0117672,1.91229,0.0124515,0,0
977889536,0,-0.712163,-0.205048,0.213883,0.577169,0.00176815,-0.00869779,0.816577,0.104198,0.339602,-0.00381452,-0.0121651,-0.0129282,1.9111,0.0126159,0,0
977922944,0,-0.724443,-0.205478,0.21319,0.577851,0.00183561,-0.0090169,0.81609,0.106024,0.33083,-0.0257509,-0.0125973,-0.0134173,1.90943,0.0130007,0,0
977951782,0,-0.736358,-0.206125,0.212186,0.578479,0.000108185,-0.0102253,0.815633,0.0963233,0.340857,-0.0273723,-0.016557,-0.012007,1.90789,0.0130007,0,0
977988418,0,-0.748025,-0.207178,0.210704,0.578981,-0.000372535,-0.0121213,0.815251,0.0785064,0.315905,-0.0448133,-0.0201984,-0.013429,1.90667,0.0125575,0,0
978022775,0,-0.760781,-0.208412,0.207952,0.579537,0.0018494,-0.0133302,0.814835,0.0829676,0.319221,-0.0686991,-0.0195848,-0.0184656,1.90532,0.0184656,0,0
978051500,0,-0.760781,-0.208412,0.207952,0.579537,0.0018494,-0.0133302,0.814835,0.0829676,0.319221,-0.0686991,-0.0195848,-0.0184656,1.90532,0.0184656,0,0
978087888,0,-0.772055,-0.209137,0.205381,0.579815,0.00323265,-0.0144009,0.814614,0.0868472,0.30678,-0.061528,-0.0197197,-0.0219682,1.90465,0.0238013,0,0
978123040,0,-0.795028,-0.210175,0.201612,0.579828,-0.00407177,-0.0284092,0.814234,0.0961081,0.3232,-0.0300236,-0.0510251,-0.0263172,1.90464,0.0264746,0,0
978151069,0,-0.795028,-0.210175,0.201612,0.579828,-0.00407177,-0.0284092,0.814234,0.0961081,0.3232,-0.0300236,-0.0510251,-0.0263172,1.90464,0.0264746,0,0
978189809,0,-0.799031,-0.208659,0.199346,0.57466,-0.00126109,-0.0215848,0.818107,0.0584314,-0.163382,-0.109585,-0.0367845,-0.0227464,1.9173,0.0211013,0,0
978228987,0,-0.776095,-0.196618,0.193612,0.572593,-0.00780442,-0.0255755,0.819404,0.0449911,-0.311633,-0.0643676,-0.0508796,-0.0164995,1.92218,0.0171281,0,0
978257413,0,-0.776095,-0.196618,0.193612,0.572593,-0.00780442,-0.0255755,0.819404,0.0449911,-0.311633,-0.0643676,-0.0508796,-0.0164995,1.92218,0.0171281,0,0
978289610,0,-0.766549,-0.191371,0.192157,0.575891,-0.00990138,-0.0287631,0.81696,0.0487969,-0.309757,-0.0550963,-0.0584425,-0.0169516,1.91405,0.0169516,0,0
978322027,0,-0.756106,-0.185889,0.191453,0.579006,-0.0103576,-0.0297687,0.814714,0.0495435,-0.336411,-0.034049,-0.0605465,-0.0175966,1.9064,0.0170831,0,0
978351609,0,-0.745323,-0.180326,0.191496,0.581581,-0.00798831,-0.0255147,0.813049,0.0449305,-0.345866,-0.0078473,-0.0508101,-0.0166887,1.90016,0.0170831,0,0
978387143,0,-0.734187,-0.174943,0.192486,0.583041,-0.00417443,-0.0184019,0.812223,0.0368076,-0.357848,0.0207719,-0.0347714,-0.0146775,1.89666,0.0150009,0,0
978420525,0,-0.72296,-0.17006,0.194135,0.583075,-0.000863569,-0.013523,0.812306,0.0331297,-0.348352,0.0416639,-0.022981,-0.0143673,1.89661,0.0140726,0,0
978450444,0,-0.72296,-0.17006,0.194135,0.583075,-0.000863569,-0.013523,0.812306,0.0331297,-0.348352,0.0416639,-0.022981,-0.0143673,1.89661,0.0140726,0,0
978485363,0,-0.712038,-0.165384,0.196147,0.582185,0.0013749,-0.0102316,0.812991,0.0249586,-0.330799,0.052677,-0.0150375,-0.0141494,1.8988,0.015635,0,0
978519324,0,-0.689496,-0.156115,0.201217,0.580666,0.00514678,-0.00866424,0.814079,0.0268774,-0.316094,0.0727214,-0.00813111,-0.0184429,1.9025,0.0184429,0,0
978550939,0,-0.689496,-0.156115,0.201217,0.580666,0.00514678,-0.00866424,0.814079,0.0268774,-0.316094,0.0727214,-0.00813111,-0.0184429,1.9025,0.0184429,0,0
978585333,0,-0.670383,-0.147218,0.206582,0.580981,0.00314468,-0.0115471,0.813829,0.0382275,-0.292913,0.0685221,-0.0151439,-0.0185368,1.90176,0.0194907,0,0
978618736,0,-0.670383,-0.147218,0.206582,0.580981,0.00314468,-0.0115471,0.813829,0.0382275,-0.292913,0.0685221,-0.0151439,-0.0185368,1.90176,0.0170784,0,0
978650806,0,-0.661116,-0.142513,0.208832,0.580996,0.00196474,-0.0118932,0.813817,0.0393757,-0.305412,0.0527679,-0.0170781,-0.0170185,1.90173,0.0170784,0,0
978685971,0,-0.650591,-0.137248,0.210992,0.580983,0.00334318,-0.0108322,0.813837,0.0397342,-0.287715,0.050617,-0.0137492,-0.0180292,1.90175,0.0180292,0,0
978719322,0,-0.641506,-0.132867,0.212876,0.580875,0.00472021,-0.00935207,0.813925,0.0317861,-0.292013,0.0479502,-0.0097419,-0.0185496,1.902,0.0176618,0,0
978752440,0,-0.632392,-0.128601,0.214713,0.580904,0.00676233,-0.00519113,0.813928,0.0292645,-0.289763,0.046509,-0.000593968,-0.01704,1.90187,0.0176618,0,0
978785777,0,-0.623504,-0.124609,0.216402,0.580836,0.00671675,-0.00384481,0.813984,0.0220161,-0.282549,0.0425942,0.00154362,-0.0154017,1.90203,0.0160514,0,0
978819709,0,-0.614704,-0.121084,0.217763,0.580522,0.0051263,-0.00300196,0.814223,0.00984975,-0.264737,0.0405687,0.0010634,-0.0118336,1.90282,0.0160514,0,0
978853537,0,-0.606085,-0.118188,0.219089,0.579832,0.0023263,-0.00489414,0.814718,-0.00260359,-0.25976,0.0312273,-0.00527723,-0.00946626,1.90455,0.0111501,0,0
978889950,0,-0.596974,-0.115697,0.220064,0.579468,0.0026211,-0.0032159,0.814985,-0.0257217,-0.267856,0.024414,-0.00220421,-0.00799942,1.90544,0.0082298,0,0
978923040,0,-0.586095,-0.113625,0.220653,0.579211,0.0071471,0.00146077,0.815145,-0.0403401,-0.277085,0.0143092,0.0106616,-0.00995983,1.90598,0.00995983,0,0
978952161,0,-0.586095,-0.113625,0.220653,0.579211,0.0071471,0.00146077,0.815145,-0.0403401,-0.277085,0.0143092,0.0106616,-0.00995983,1.90598,0.00995983,0,0
978988940,0,-0.576126,-0.113134,0.220384,0.577654,0.0107405,-0.000137673,0.816211,-0.0305352,0.215161,-0.0462349,0.0121861,-0.0176931,1.9097,0.0145853,0,0
979018998,0,-0.585452,-0.117461,0.218671,0.577133,0.00725877,-0.00910784,0.816567,-0.0249851,0.253215,-0.0319874,-0.00649745,-0.0223693,1.91114,0.0217266,0,0
979054458,0,-0.585452,-0.117461,0.218671,0.577133,0.00725877,-0.00910784,0.816567,-0.0249851,0.253215,-0.0319874,-0.00649745,-0.0223693,1.91114,0.0217266,0,0
979089195,0,-0.59966,-0.123529,0.216675,0.578467,-0.00176705,-0.0221819,0.815403,-0.0130941,0.197609,-0.0123882,-0.0382379,-0.0227832,1.90798,0.0243053,0,0
979121195,0,-0.59966,-0.123529,0.216675,0.578467,-0.00176705,-0.0221819,0.815403,-0.0130941,0.197609,-0.0123882,-0.0382379,-0.0227832,1.90798,0.0217396,0,0
979151759,0,-0.606653,-0.126516,0.216402,0.578162,-0.00413864,-0.0243211,0.815549,-0.0114547,0.181763,0.0138576,-0.0444805,-0.0213741,1.90869,0.0217396,0,0
979185282,0,-0.611545,-0.128864,0.217168,0.578132,-0.00331875,-0.021999,0.81564,-0.0143903,0.14964,0.0369039,-0.0397423,-0.0200242,1.90876,0.0200242,0,0
979218398,0,-0.615779,-0.130684,0.218679,0.578387,-0.000297481,-0.0185647,0.815551,-0.0101687,0.130989,0.0595313,-0.0306366,-0.0209915,1.90817,0.0200242,0,0
979253248,0,-0.619779,-0.132402,0.221073,0.578864,0.00238,-0.0150715,0.815282,-0.00684791,0.109587,0.0771546,-0.0218263,-0.021331,1.90699,0.0211753,0,0
979293801,0,-0.623775,-0.134017,0.223992,0.579115,0.00405823,-0.0129788,0.815132,0.000155277,0.125356,0.0901562,-0.0164631,-0.0216501,1.90635,0.0216182,0,0
979324129,0,-0.627757,-0.135406,0.227222,0.579233,0.00347063,-0.0129728,0.815052,0.00457081,0.122466,0.098449,-0.017131,-0.0206875,1.90607,0.0201521,0,0
979351341,0,-0.631975,-0.136664,0.231935,0.579424,0.00279683,-0.0133315,0.814912,0.0110044,0.104791,0.116741,-0.0184917,-0.0200089,1.9056,0.0201521,0,0
979385081,0,-0.634965,-0.137326,0.235306,0.579773,0.00434347,-0.0118587,0.81468,0.0152647,0.0914778,0.106684,-0.0142892,-0.0208293,1.90473,0.0207077,0,0
979418390,0,-0.638785,-0.137851,0.239201,0.579912,0.00508533,-0.00867345,0.814617,0.0199862,0.0891783,0.0915772,-0.00823448,-0.0183459,1.90436,0.0183459,0,0
979455231,0,-0.638785,-0.137851,0.239201,0.579912,0.00508533,-0.00867345,0.814617,0.0199862,0.0891783,0.0915772,-0.00823448,-0.0183459,1.90436,0.0183459,0,0
979487692,0,-0.642112,-0.138114,0.241996,0.57996,0.00611778,-0.00545387,0.814604,0.0267629,0.0925138,0.0703302,-0.0017896,-0.0162939,1.9042,0.0163096,0,0
979519734,0,-0.64881,-0.138572,0.245268,0.580071,0.00497117,-0.00835586,0.814508,0.0181404,0.0877372,0.0356741,-0.00784588,-0.017793,1.90396,0.0172514,0,0
979556499,0,-0.64881,-0.138572,0.245268,0.580071,0.00497117,-0.00835586,0.814508,0.0181404,0.0877372,0.0356741,-0.00784588,-0.017793,1.90396,0.0172514,0,0
979587500,0,-0.651865,-0.138908,0.246161,0.58007,0.0033032,-0.0111825,0.814484,0.0220502,0.075672,0.0223566,-0.0143866,-0.0183551,1.904,0.0181778,0,0
979620281,0,-0.655065,-0.139018,0.246801,0.579987,0.000962209,-0.0137146,0.81451,0.0186857,0.0687594,0.0126262,-0.02123,-0.0174769,1.90422,0.0168748,0,0
979656237,0,-0.657058,-0.138958,0.246931,0.579826,-0.00129039,-0.0156333,0.814589,0.0245352,0.0662053,0.00920233,-0.0269726,-0.0160276,1.9046,0.0168748,0,0
979687280,0,-0.659257,-0.138697,0.247187,0.579732,-0.00498326,-0.0155015,0.814644,0.0260211,0.0422022,0.00832965,-0.0310408,-0.00985442,1.90476,0.00985442,0,0
979720076,0,-0.660575,-0.13845,0.247456,0.579787,-0.0059794,-0.0131074,0.814641,0.0174278,0.037072,0.00757686,-0.0282933,-0.00545685,1.90459,0.00304716,0,0
979756304,0,-0.661469,-0.138358,0.24747,0.579928,-0.00787897,-0.0100061,0.814569,0.0030582,0.0162969,-0.00263992,-0.0254426,0.00123024,1.90418,0.00304716,0,0
979785282,0,-0.661791,-0.138498,0.247121,0.580011,-0.0095717,-0.00605399,0.81453,-0.00862196,0.000432593,-0.0134487,-0.020968,0.00857022,1.90393,-0.00806686,0,0
979819840,0,-0.661712,-0.13901,0.246572,0.579849,-0.00695537,-0.00542327,0.814676,-0.0139676,0.00216382,-0.0142013,-0.0169036,0.00504342,1.90441,-0.0033322,0,0
979856161,0,-0.661734,-0.139906,0.246132,0.579384,-0.00721274,-0.00998458,0.814962,-0.0249674,0.00074801,-0.011766,-0.0246345,0.000186412,1.90554,-0.0033322,0,0
979888029,0,-0.661734,-0.139906,0.246132,0.579384,-0.00721274,-0.00998458,0.814962,-0.0249674,0.00074801,-0.011766,-0.0246345,0.000186412,1.90554,0.00140235,0,0
979917764,0,-0.660366,-0.141746,0.245122,0.578637,-0.0082829,-0.0173129,0.815359,-0.0461247,-0.0356452,-0.0215191,-0.0378278,-0.00652873,1.90734,0.00668747,0,0
979956665,0,-0.660366,-0.141746,0.245122,0.578637,-0.0082829,-0.0173129,0.815359,-0.0461247,-0.0356452,-0.0215191,-0.0378278,-0.00652873,1.90734,0.00668747,0,0
979986919,0,-0.655293,-0.143735,0.245503,0.578793,-0.00632623,-0.016302,0.815287,-0.0528704,-0.0834009,0.0169052,-0.0339125,-0.00855568,1.90702,0.00790574,0,0
980016587,0,-0.651673,-0.144604,0.246627,0.579211,8.89853e-05,-0.00957463,0.815122,-0.0609681,-0.0927505,0.0356626,-0.0155075,-0.0112368,1.90609,0.01077,0,0
980056272,0,-0.651673,-0.144604,0.246627,0.579211,8.89853e-05,-0.00957463,0.815122,-0.0609681,-0.0927505,0.0356626,-0.0155075,-0.0112368,1.90609,0.01077,0,0
980087109,0,-0.648171,-0.14582,0.248404,0.579354,0.00405314,-0.00689384,0.815037,-0.067012,-0.0788379,0.0574159,-0.00654182,-0.0145954,1.90572,0.0160052,0,0
980119372,0,-0.644592,-0.147646,0.25119,0.579505,0.00818807,-0.00629633,0.814903,-0.0691148,-0.0763029,0.0746125,-0.000771925,-0.0206439,1.90528,0.0229862,0,0
980154592,0,-0.642187,-0.148923,0.253489,0.579618,0.00893698,-0.00810495,0.814799,-0.0651884,-0.0649242,0.0770546,-0.00284858,-0.0239615,1.905,0.0229862,0,0
980187128,0,-0.638924,-0.150326,0.256403,0.57991,0.00829779,-0.0100484,0.814576,-0.0544793,-0.0599584,0.0725254,-0.00674866,-0.0251754,1.90432,0.0251754,0,0
980220129,0,-0.636394,-0.151205,0.258647,0.580124,0.00796301,-0.00867481,0.814443,-0.0489377,-0.0647698,0.0630686,-0.00489254,-0.0230378,1.90379,0.0220231,0,0
980255403,0,-0.633963,-0.151863,0.260617,0.579891,0.00645955,-0.00888658,0.81462,-0.0388415,-0.0678718,0.056126,-0.00698828,-0.0208322,1.90439,0.0220231,0,0
980286979,0,-0.631375,-0.152511,0.262695,0.579574,0.00447155,-0.0127296,0.814808,-0.0388499,-0.0586069,0.0610476,-0.0155655,-0.0220442,1.90522,0.0215621,0,0
980317048,0,-0.628709,-0.15308,0.264785,0.579431,0.00302892,-0.0143051,0.81489,-0.0380504,-0.0765511,0.0585597,-0.01981,-0.0215158,1.90559,0.0188933,0,0
980363552,0,-0.625941,-0.153289,0.26679,0.579631,-0.00217866,-0.0131384,0.81477,-0.0320306,-0.0815111,0.0467078,-0.023939,-0.0116808,1.90506,0.0188933,0,0
980386259,0,-0.625941,-0.153289,0.26679,0.579631,-0.00217866,-0.0131384,0.81477,-0.0320306,-0.0815111,0.0467078,-0.023939,-0.0116808,1.90506,0.00257754,0,0
980416988,0,-0.619504,-0.153285,0.269144,0.580273,-0.0196614,-0.00202142,0.814182,-0.0460934,-0.103614,0.0205745,-0.026124,0.0296743,1.9028,-0.0296743,0,0
980456355,0,-0.619504,-0.153285,0.269144,0.580273,-0.0196614,-0.00202142,0.814182,-0.0460934,-0.103614,0.0205745,-0.026124,0.0296743,1.9028,-0.0296743,0,0
980485918,0,-0.61449,-0.154295,0.270011,0.580098,-0.0228535,0.00153302,0.814224,-0.0781358,-0.102478,0.0262989,-0.0240387,0.0390043,1.90305,-0.0384558,0,0
980517200,0,-0.604973,-0.158074,0.2721,0.580385,-0.0167808,0.000283793,0.814169,-0.111077,-0.119399,0.0294631,-0.019025,0.0276578,1.90273,-0.0298506,0,0
980556188,0,-0.598626,-0.160974,0.273212,0.580585,-0.00520706,-0.00445122,0.814171,-0.115471,-0.128262,0.0235115,-0.0132948,0.00331025,1.90264,-0.0298506,0,0
980586653,0,-0.598626,-0.160974,0.273212,0.580585,-0.00520706,-0.00445122,0.814171,-0.115471,-0.128262,0.0235115,-0.0132948,0.00331025,1.90264,-6.90928e-05,0,0
980616820,0,-0.592893,-0.163317,0.274199,0.580327,-0.000586119,-0.011682,0.8143,-0.107508,-0.132519,0.028721,-0.0197085,-0.0126046,1.90336,0.0156934,0,0
980656187,0,-0.58673,-0.165184,0.27529,0.579895,0.00103631,-0.013536,0.814578,-0.110462,-0.161774,0.0282596,-0.0208551,-0.0173881,1.90444,0.0156934,0,0
980698183,0,-0.579851,-0.166749,0.276126,0.579397,0.00308852,-0.0122235,0.814948,-0.104978,-0.180593,0.0202223,-0.0163479,-0.0191997,1.90566,0.0191997,0,0
980719529,0,-0.571899,-0.168153,0.276762,0.578949,0.00210247,-0.0124861,0.815266,-0.103568,-0.187804,0.00737885,-0.0179284,-0.0178867,1.90676,0.0191997,0,0
980755973,0,-0.565518,-0.169142,0.276351,0.578633,0.00324601,-0.0106241,0.815512,-0.103359,-0.189984,-0.0200528,-0.0135743,-0.0175902,1.90752,0.0176686,0,0
980787336,0,-0.556724,-0.170449,0.274987,0.578556,0.00290967,-0.00749167,0.815603,-0.103482,-0.191891,-0.0356002,-0.00885455,-0.0134154,1.90769,0.0145806,0,0
980817508,0,-0.549911,-0.17151,0.273625,0.578775,0.00401921,-0.00216624,0.815475,-0.110184,-0.201391,-0.0543966,0.00111947,-0.00906278,1.90712,0.00665359,0,0
980856088,0,-0.541596,-0.172978,0.271518,0.579037,0.0068471,0.00868194,0.815226,-0.115256,-0.201698,-0.0536993,0.0220868,-0.00110952,1.9064,0.00665359,0,0
980887405,0,-0.542974,-0.176904,0.269375,0.570131,0.00102855,0.00476159,0.821539,-0.0759704,0.248211,-0.0597698,0.00899667,0.00373949,1.92826,-0.00320882,0,0
980918184,0,-0.542974,-0.176904,0.269375,0.570131,0.00102855,0.00476159,0.821539,-0.0759704,0.248211,-0.0597698,0.00899667,0.00373949,1.92826,-0.00320882,0,0
980954505,0,-0.549919,-0.182567,0.266702,0.566812,0.00458416,0.0104281,0.823769,-0.0882519,0.191293,-0.0837042,0.0223794,0.00426896,1.93629,-0.00426896,0,0
980990990,0,-0.562319,-0.194542,0.261736,0.573734,0.0149307,0.00627642,0.818882,-0.0976857,0.258755,-0.0588267,0.0274193,-0.0172519,1.91906,0.0110347,0,0
981017804,0,-0.569861,-0.200482,0.260098,0.577373,0.00894607,-0.00389177,0.816422,-0.0851973,0.240911,-0.0520898,0.00397653,-0.0191027,1.91047,0.0194739,0,0
981055841,0,-0.569861,-0.200482,0.260098,0.577373,0.00894607,-0.00389177,0.816422,-0.0851973,0.240911,-0.0520898,0.00397653,-0.0191027,1.91047,0.0194739,0,0
981087362,0,-0.578185,-0.206723,0.258407,0.579886,0.00712742,-0.00671246,0.814639,-0.0812224,0.242858,-0.0317322,-0.00267078,-0.0193987,1.90437,0.0195749,0,0
981117386,0,-0.585204,-0.211919,0.257831,0.581061,0.00517634,-0.00977515,0.813785,-0.0700119,0.233222,-0.00450742,-0.0098963,-0.0197861,1.90154,0.0193469,0,0
981156108,0,-0.592245,-0.216789,0.258116,0.581575,0.00292762,-0.0126953,0.813389,-0.0586771,0.23764,0.0195105,-0.0172513,-0.0195304,1.90031,0.0193469,0,0
981187413,0,-0.599129,-0.221251,0.258966,0.581791,0.00367686,-0.013808,0.813213,-0.0535473,0.229517,0.0362895,-0.0181848,-0.0220487,1.89979,0.0220487,0,0
981216701,0,-0.605704,-0.225211,0.260344,0.581704,0.00549754,-0.0123492,0.813288,-0.044421,0.214141,0.0511243,-0.0136952,-0.0233115,1.89998,0.0220487,0,0
981256196,0,-0.612519,-0.228805,0.262441,0.581102,0.00741423,-0.0103295,0.813732,-0.0305551,0.213479,0.0677362,-0.00819652,-0.0240737,1.90141,0.0233472,0,0
981286108,0,-0.612519,-0.228805,0.262441,0.581102,0.00741423,-0.0103295,0.813732,-0.0305551,0.213479,0.0677362,-0.00819652,-0.0240737,1.90141,0.0234161,0,0
981316853,0,-0.62074,-0.232407,0.265461,0.58058,0.00632241,-0.0105676,0.81411,-0.0129089,0.230381,0.087951,-0.00986778,-0.0225669,1.90271,0.0234161,0,0
981356595,0,-0.634162,-0.237405,0.270808,0.580078,0.00212769,-0.0135136,0.814446,0.00145072,0.215586,0.0783955,-0.0195485,-0.0191448,1.904,0.0192749,0,0
981394055,0,-0.641082,-0.239249,0.272842,0.579965,0.00190396,-0.0148391,0.814504,0.0151428,0.194238,0.0561113,-0.0219709,-0.0203153,1.90429,0.0198276,0,0
981420460,0,-0.648971,-0.241044,0.274338,0.579769,0.00106872,-0.0145982,0.814649,0.0215484,0.199951,0.0382193,-0.0225515,-0.0186695,1.90476,0.0186695,0,0
981455792,0,-0.648971,-0.241044,0.274338,0.579769,0.00106872,-0.0145982,0.814649,0.0215484,0.199951,0.0382193,-0.0225515,-0.0186695,1.90476,0.0186695,0,0
981488778,0,-0.655804,-0.242455,0.275136,0.579139,-0.0019966,-0.0186748,0.815013,0.0253585,0.194635,0.0269337,-0.0327645,-0.0183772,1.9063,0.0198008,0,0
981517638,0,-0.668935,-0.244722,0.276248,0.578187,-0.0131367,-0.033965,0.815091,0.0350683,0.167844,0.0213288,-0.0706301,-0.0178621,1.90827,0.0186082,0,0
981555417,0,-0.668935,-0.244722,0.276248,0.578187,-0.0131367,-0.033965,0.815091,0.0350683,0.167844,0.0213288,-0.0706301,-0.0178621,1.90827,0.0186082,0,0
981588925,0,-0.67802,-0.246206,0.276799,0.579395,-0.0141234,-0.0286618,0.81442,0.018105,0.104327,0.0188948,-0.0630968,-0.0102085,1.90522,0.0108113,0,0
981616557,0,-0.67802,-0.246206,0.276799,0.579395,-0.0141234,-0.0286618,0.81442,0.018105,0.104327,0.0188948,-0.0630968,-0.0102085,1.90522,0.0129546,0,0
981656209,0,-0.682127,-0.24688,0.277694,0.57962,-0.0100709,-0.0276843,0.814354,0.0172389,0.0907575,0.0338586,-0.0568017,-0.0156908,1.9049,0.0129546,0,0
981688873,0,-0.684888,-0.247254,0.278667,0.579256,-0.00946779,-0.0303448,0.814525,0.0174604,0.0862145,0.0357876,-0.0604504,-0.0197326,1.90584,0.0194668,0,0
981720766,0,-0.687949,-0.247407,0.279713,0.579275,-0.0111109,-0.0309581,0.814468,0.0262902,0.0651596,0.0258757,-0.0633536,-0.0177685,1.90571,0.0174383,0,0
981753242,0,-0.689806,-0.247152,0.280369,0.579558,-0.0110459,-0.0308443,0.814272,0.0231663,0.0382567,0.0236556,-0.0630866,-0.0177643,1.90502,0.0174383,0,0
981788773,0,-0.691023,-0.246716,0.281043,0.579621,-0.0109453,-0.0317127,0.814196,0.027914,0.0203511,0.0198872,-0.0643849,-0.0189406,1.90488,0.0189723,0,0
981817790,0,-0.692039,-0.245857,0.282086,0.579481,-0.0120716,-0.0339548,0.814189,0.0380573,0.0162982,0.027614,-0.0693507,-0.0196965,1.90517,0.0194013,0,0
981854619,0,-0.692348,-0.244258,0.283119,0.579394,-0.011216,-0.0299258,0.814421,0.0443376,-0.0280101,0.0214679,-0.0617889,-0.0164093,1.9054,0.0194013,0,0
981888853,0,-0.691848,-0.242301,0.283833,0.579136,-0.00524731,-0.0203694,0.81496,0.0522046,-0.0248267,0.0177205,-0.0392929,-0.0150412,1.90624,0.0147362,0,0
981917131,0,-0.69157,-0.240187,0.28461,0.578628,0.000599322,-0.014188,0.815468,0.0565528,-0.0210232,0.0262901,-0.0224514,-0.0173974,1.90755,0.0173974,0,0
981951022,0,-0.69157,-0.240187,0.28461,0.578628,0.000599322,-0.014188,0.815468,0.0565528,-0.0210232,0.0262901,-0.0224514,-0.0173974,1.90755,0.0173974,0,0
981983806,0,-0.691808,-0.237842,0.28565,0.578276,0.00392997,-0.0117598,0.815747,0.0667897,-0.0205982,0.0319445,-0.0146444,-0.0200139,1.9084,0.0206262,0,0
982017788,0,-0.693466,-0.232831,0.289027,0.578931,0.00362727,-0.00912174,0.815317,0.0740297,0.00862446,0.048304,-0.010676,-0.0164772,1.90678,0.0166447,0,0
982056916,0,-0.693466,-0.232831,0.289027,0.578931,0.00362727,-0.00912174,0.815317,0.0740297,0.00862446,0.048304,-0.010676,-0.0164772,1.90678,0.0166447,0,0
982087394,0,-0.694729,-0.230437,0.290502,0.579431,0.00367553,-0.00950079,0.814957,0.0764313,0.00853654,0.040997,-0.0112279,-0.0170017,1.90555,0.0175219,0,0
982116606,0,-0.696181,-0.228041,0.291983,0.579972,0.00264528,-0.0120536,0.814543,0.0820795,0.0217732,0.0369248,-0.0165715,-0.0182919,1.90425,0.0184435,0,0
982152046,0,-0.697717,-0.225305,0.293251,0.580487,0.00184408,-0.0126573,0.814169,0.0761098,0.00639259,0.0232149,-0.0184734,-0.0176985,1.90299,0.0184435,0,0
982185726,0,-0.698729,-0.22336,0.293872,0.580377,0.00124434,-0.0130617,0.814242,0.0740944,0.000712943,0.0187337,-0.0198306,-0.0171886,1.90326,0.0171886,0,0
982217160,0,-0.69994,-0.220776,0.294604,0.58004,-0.000196174,-0.0192168,0.814362,0.0713378,0.00517177,0.0206823,-0.0315393,-0.0219753,1.90412,0.0171886,0,0
982251506,0,-0.700955,-0.218142,0.295294,0.579935,-0.0049966,-0.0282398,0.814158,0.0851315,-0.0127913,0.00812299,-0.0518177,-0.024621,1.90435,0.0232073,0,0
982285826,0,-0.701093,-0.214904,0.295509,0.580406,-0.00828975,-0.0325762,0.813634,0.0953692,-0.0299546,-0.0016989,-0.0626926,-0.0243276,1.9031,0.0244465,0,0
982316215,0,-0.70046,-0.211109,0.295639,0.58096,-0.0103573,-0.0352223,0.813103,0.0981347,-0.0653837,-0.003589,-0.069389,-0.0240848,1.90165,0.023914,0,0
982351547,0,-0.698729,-0.206722,0.295545,0.581304,-0.0108735,-0.0356465,0.812832,0.105567,-0.106573,-0.0132875,-0.0706696,-0.0237686,1.90078,0.023914,0,0
982384143,0,-0.696259,-0.201895,0.295458,0.581536,-0.011275,-0.0362106,0.812636,0.110827,-0.121842,-0.0111178,-0.0720484,-0.0237927,1.90019,0.0240357,0,0
982416599,0,-0.693341,-0.196686,0.295679,0.58182,-0.0135821,-0.036612,0.81238,0.118081,-0.135423,-0.00349675,-0.0753777,-0.020537,1.89935,0.020537,0,0
982459817,0,-0.693341,-0.196686,0.295679,0.58182,-0.0135821,-0.036612,0.81238,0.118081,-0.135423,-0.00349675,-0.0753777,-0.020537,1.89935,0.020537,0,0
982484097,0,-0.689269,-0.190809,0.29609,0.582218,-0.0116488,-0.0287918,0.81244,0.125577,-0.167243,-0.000275162,-0.0603906,-0.0145989,1.89844,0.0139391,0,0
982518192,0,-0.683691,-0.183633,0.296823,0.58228,-0.00336303,-0.0180121,0.812782,0.124354,-0.191642,0.0167022,-0.0332064,-0.01551,1.89855,0.018007,0,0
982552164,0,-0.679047,-0.177246,0.297978,0.582137,0.00174768,-0.0140215,0.812968,0.138058,-0.179798,0.028842,-0.0207687,-0.0191677,1.89894,0.018007,0,0
982585573,0,-0.675486,-0.17156,0.299176,0.581947,0.00340337,-0.0129718,0.813116,0.143152,-0.183303,0.0334274,-0.0171385,-0.0206339,1.8994,0.0204265,0,0
982618727,0,-0.670991,-0.163628,0.300671,0.581915,0.00357999,-0.0112594,0.813164,0.154281,-0.164204,0.0241461,-0.014148,-0.0189274,1.89946,0.0204265,0,0
982654456,0,-0.667207,-0.156664,0.301011,0.58212,0.00405945,-0.00842574,0.813049,0.152196,-0.167995,0.000962615,-0.00897625,-0.0164114,1.89894,0.0174609,0,0
982689045,0,-0.663613,-0.149622,0.300952,0.58187,0.00470803,-0.00640926,0.813243,0.155023,-0.166261,-0.0056686,-0.00494624,-0.0151168,1.89953,0.0151168,0,0
982716554,0,-0.660339,-0.142706,0.300563,0.581509,0.00584705,-0.00620394,0.813495,0.155036,-0.155114,-0.0191467,-0.003294,-0.0167292,1.9004,0.0181409,0,0
982750952,0,-0.657373,-0.136029,0.299492,0.580822,0.0074143,-0.00606777,0.813974,0.159831,-0.146012,-0.0364046,-0.00126547,-0.0191199,1.90206,0.0181409,0,0
982785689,0,-0.654684,-0.128998,0.298284,0.579856,0.00955154,-0.000709878,0.814663,0.170174,-0.135094,-0.0361735,0.0099219,-0.0163866,1.90434,0.0170159,0,0
982818256,0,-0.652457,-0.121859,0.297491,0.579397,0.0154877,0.00694523,0.814869,0.175417,-0.110865,-0.0131348,0.0292745,-0.0171937,1.90516,0.0182099,0,0
982850867,0,-0.652457,-0.121859,0.297491,0.579397,0.0154877,0.00694523,0.814869,0.175417,-0.110865,-0.0131348,0.0292745,-0.0171937,1.90516,0.0182099,0,0
982883631,0,-0.651291,-0.114017,0.297309,0.579317,0.0181645,0.00816404,0.814859,0.177939,-0.0841826,-0.00668259,0.0343648,-0.0201452,1.90518,0.0191294,0,0
982922204,0,-0.65281,-0.10135,0.296941,0.579292,0.0129533,0.000817586,0.815017,0.178201,-0.0149728,-0.00245709,0.0163442,-0.0201684,1.90559,0.0201684,0,0
982953628,0,-0.65281,-0.10135,0.296941,0.579292,0.0129533,0.000817586,0.815017,0.178201,-0.0149728,-0.00245709,0.0163442,-0.0201684,1.90559,0.0201684,0,0
982986205,0,-0.656668,-0.0891935,0.29685,0.579234,0.00313647,-0.0112157,0.815078,0.176485,-0.0110859,-0.0153538,-0.0146528,-0.018107,1.90605,0.019259,0,0
983022205,0,-0.658489,-0.0833915,0.296507,0.579251,0.0028759,-0.00891368,0.815096,0.173386,-0.00651464,-0.0097926,-0.0112008,-0.0150153,1.906,0.0158168,0,0
983054268,0,-0.658489,-0.0833915,0.296507,0.579251,0.0028759,-0.00891368,0.815096,0.173386,-0.00651464,-0.0097926,-0.0112008,-0.0150153,1.906,0.0158168,0,0
983087650,0,-0.660516,-0.077968,0.29691,0.579479,0.00377853,-0.00470766,0.814965,0.164237,0.0148403,0.0148753,-0.00329422,-0.011615,1.90541,0.0105954,0,0
983116937,0,-0.663036,-0.0731251,0.297789,0.579728,0.00107759,-0.00455717,0.814797,0.152847,0.0325681,0.028198,-0.00617711,-0.00703992,1.90481,0.000131299,0,0
983150761,0,-0.665751,-0.0686043,0.29901,0.579973,-0.00503646,-0.00312861,0.814614,0.1485,0.0375258,0.0431346,-0.0109396,0.00457655,1.90415,0.000131299,0,0
983183854,0,-0.66847,-0.0643199,0.301021,0.580175,-0.0142874,0.000452147,0.814366,0.129732,0.0404918,0.0667809,-0.0158471,0.0237972,1.90337,-0.0265106,0,0
983218686,0,-0.671026,-0.0608675,0.303311,0.580486,-0.0230442,0.00295002,0.813939,0.0993819,0.0347672,0.0696674,-0.0219716,0.0409495,1.90211,-0.0484998,0,0
983251155,0,-0.673223,-0.0583333,0.305639,0.580712,-0.0276791,0.00607523,0.813615,0.0592982,0.0302561,0.0577758,-0.0222935,0.0521198,1.90123,-0.0484998,0,0
983284723,0,-0.674842,-0.0575946,0.307564,0.580238,-0.0279382,0.00567603,0.813948,0.0213756,0.0406135,0.0585757,-0.0232152,0.052091,1.90237,-0.0518671,0,0
983323143,0,-0.676231,-0.0583165,0.309397,0.579369,-0.0277422,0.00594846,0.814571,-0.0166871,0.0509208,0.0520769,-0.0224875,0.0521124,1.90452,-0.0516609,0,0
983352606,0,-0.677561,-0.0601256,0.311379,0.578695,-0.0265051,0.00564102,0.815094,-0.0499266,0.0614323,0.0561071,-0.0215091,0.0497577,1.90628,-0.0516609,0,0
983384689,0,-0.678654,-0.0630116,0.313164,0.578304,-0.0261816,0.0044125,0.815389,-0.0826134,0.061442,0.0551233,-0.0231145,0.0478182,1.90724,-0.0481632,0,0
983422279,0,-0.679414,-0.0662959,0.315081,0.578264,-0.0268285,0.00444234,0.815396,-0.102206,0.0589469,0.0606042,-0.0238141,0.0489089,1.90729,-0.0491588,0,0
983452580,0,-0.679978,-0.0717848,0.317498,0.578493,-0.0270151,0.00412911,0.81523,-0.142565,0.046317,0.0484631,-0.0245555,0.0488438,1.9067,-0.0491588,0,0
983494573,0,-0.679824,-0.0773339,0.319479,0.578922,-0.027986,0.0044328,0.81489,-0.171418,0.0396073,0.0486251,-0.0252141,0.0507653,1.90557,-0.0500703,0,0
983521376,0,-0.679824,-0.0773339,0.319479,0.578922,-0.027986,0.0044328,0.81489,-0.171418,0.0396073,0.0486251,-0.0252141,0.0507653,1.90557,-0.0500703,0,0
983550145,0,-0.679026,-0.0840497,0.321343,0.579186,-0.0271026,0.00449281,0.814732,-0.202818,0.0349485,0.043003,-0.0241057,0.0493871,1.905,-0.0493871,0,0
983583025,0,-0.676089,-0.100699,0.325423,0.579041,-0.0239647,0.00594063,0.814925,-0.262794,0.0498602,0.0511276,-0.0180908,0.0459548,1.90564,-0.0468506,0,0
983622082,0,-0.674459,-0.110509,0.327621,0.578683,-0.0214209,0.00492045,0.815257,-0.297832,0.052805,0.0483528,-0.0167835,0.0406329,1.90668,-0.0425501,0,0
983652991,0,-0.674459,-0.110509,0.327621,0.578683,-0.0214209,0.00492045,0.815257,-0.297832,0.052805,0.0483528,-0.0167835,0.0406329,1.90668,-0.0425501,0,0
983682466,0,-0.672355,-0.12295,0.32951,0.578406,-0.0140922,-0.00190278,0.815625,-0.316712,0.0586653,0.0454684,-0.0194113,0.0207883,1.9077,-0.0425501,0,0
983725561,0,-0.668193,-0.144441,0.332311,0.578049,-0.00298488,-0.0108488,0.815924,-0.333779,0.0466465,0.0410214,-0.0211566,-0.00767152,1.90891,0.00348874,0,0
983752830,0,-0.668193,-0.144441,0.332311,0.578049,-0.00298488,-0.0108488,0.815924,-0.333779,0.0466465,0.0410214,-0.0211566,-0.00767152,1.90891,0.00348874,0,0
983781422,0,-0.665243,-0.15762,0.333836,0.578389,0.0026887,-0.0117641,0.815672,-0.33275,0.0305529,0.0416322,-0.0160844,-0.0179956,1.90813,0.0179956,0,0
983822039,0,-0.662871,-0.168919,0.335031,0.579205,0.00449404,-0.0099193,0.815109,-0.32142,0.0454649,0.0347155,-0.0109668,-0.018818,1.9061,0.0178973,0,0
983852410,0,-0.660819,-0.179814,0.336203,0.57957,0.00429768,-0.00832373,0.814869,-0.313997,0.0569231,0.0416079,-0.00858518,-0.0166532,1.9052,0.0178973,0,0
983883473,0,-0.660819,-0.179814,0.336203,0.57957,0.00429768,-0.00832373,0.814869,-0.313997,0.0569231,0.0416079,-0.00858518,-0.0166532,1.9052,0.0178973,0,0
983920868,0,-0.658159,-0.201176,0.338272,0.580267,0.0036735,-0.0104653,0.814351,-0.293763,0.0632503,0.0306216,-0.0127841,-0.0181294,1.90351,0.0188348,0,0
983952662,0,-0.657286,-0.211602,0.338605,0.580324,0.00344579,-0.0120383,0.814289,-0.287654,0.0694027,0.00543146,-0.0156096,-0.0195853,1.90338,0.0188348,0,0
983983608,0,-0.656814,-0.221525,0.337826,0.580165,0.00339542,-0.0115824,0.814409,-0.268323,0.0807422,-0.0280757,-0.0149291,-0.0189711,1.90377,0.0195675,0,0
984021011,0,-0.656849,-0.231094,0.335847,0.579932,0.00309439,-0.00978253,0.8146,-0.257098,0.102124,-0.0550263,-0.0123506,-0.0163885,1.90433,0.0163885,0,0
984052867,0,-0.656849,-0.231094,0.335847,0.579932,0.00309439,-0.00978253,0.8146,-0.257098,0.102124,-0.0550263,-0.0123506,-0.0163885,1.90433,0.0163885,0,0
984084943,0,-0.657169,-0.241807,0.33313,0.579464,0.00200849,-0.0102779,0.814931,-0.252835,0.0892187,-0.0632334,-0.014426,-0.0151855,1.90548,0.015179,0,0
984121428,0,-0.657749,-0.258545,0.329135,0.578455,0.00198405,-0.0126059,0.815615,-0.243935,0.0938311,-0.0394203,-0.0182717,-0.0178212,1.90797,0.0172286,0,0
984152763,0,-0.657749,-0.258545,0.329135,0.578455,0.00198405,-0.0126059,0.815615,-0.243935,0.0938311,-0.0394203,-0.0182717,-0.0178212,1.90797,0.0172286,0,0
984184164,0,-0.658095,-0.268599,0.328175,0.578348,0.00449479,-0.0123317,0.815685,-0.229528,0.0928011,-0.0131023,-0.0149224,-0.0215983,1.90823,0.0223835,0,0
984222429,0,-0.65871,-0.276143,0.327866,0.578269,0.00524353,-0.0140115,0.815709,-0.229652,0.0977325,0.000976326,-0.0168001,-0.0247617,1.90843,0.0258777,0,0
984253342,0,-0.659964,-0.285768,0.327919,0.578411,0.00242721,-0.0192394,0.815515,-0.20986,0.116177,0.0129267,-0.0285859,-0.0262185,1.90814,0.0258777,0,0
984285707,0,-0.66114,-0.293656,0.327973,0.578914,-0.00240329,-0.0232281,0.815054,-0.184895,0.0721552,0.00680535,-0.0406689,-0.0229786,1.90688,0.0229786,0,0
984323049,0,-0.658018,-0.29735,0.327847,0.582691,-0.00342997,-0.0140725,0.812565,-0.0920726,-0.124895,-0.0172172,-0.0268717,-0.0108259,1.89752,0.00906047,0,0
984352134,0,-0.650502,-0.296264,0.327199,0.586524,-0.00546168,-0.0131763,0.809806,-0.0316337,-0.249028,-0.0153452,-0.0277515,-0.00661071,1.88802,0.00906047,0,0
984383561,0,-0.642362,-0.294545,0.327658,0.586011,-0.00849797,-0.0220329,0.809959,-0.0341866,-0.223582,0.00996767,-0.0456705,-0.0120573,1.88921,0.0104494,0,0
984421973,0,-0.63442,-0.29296,0.328392,0.583177,-0.0101473,-0.0310034,0.81169,-0.0268475,-0.253693,0.00421761,-0.0622178,-0.0196892,1.89617,0.0207732,0,0
984453767,0,-0.625527,-0.29066,0.329082,0.581425,-0.00494176,-0.0270686,0.813135,-0.0199857,-0.268351,0.0119738,-0.0498016,-0.0234422,1.90068,0.0207732,0,0
984481911,0,-0.625527,-0.29066,0.329082,0.581425,-0.00494176,-0.0270686,0.813135,-0.0199857,-0.268351,0.0119738,-0.0498016,-0.0234422,1.90068,0.0257987,0,0
984522119,0,-0.607252,-0.284596,0.331329,0.579775,0.00396139,-0.0185513,0.814556,0.0101603,-0.244087,0.0161715,-0.0256416,-0.0279684,1.90479,0.0279684,0,0
984553385,0,-0.599252,-0.281397,0.331984,0.57914,0.00713063,-0.0152017,0.815055,0.0164184,-0.237664,0.0196469,-0.016529,-0.0292357,1.90629,0.0279684,0,0
984590717,0,-0.591599,-0.277986,0.332958,0.578811,0.00716204,-0.0131851,0.815324,0.0266826,-0.229115,0.0284293,-0.0132145,-0.0269454,1.90707,0.0292253,0,0
984618920,0,-0.584051,-0.274232,0.334085,0.578941,0.00541295,-0.012045,0.815262,0.0350952,-0.233292,0.02547,-0.0133759,-0.0227746,1.90676,0.0230418,0,0
984650293,0,-0.584051,-0.274232,0.334085,0.578941,0.00541295,-0.012045,0.815262,0.0350952,-0.233292,0.02547,-0.0133759,-0.0227746,1.90676,0.0230418,0,0
984682393,0,-0.576721,-0.270371,0.335099,0.579169,0.00429864,-0.0121258,0.815106,0.0362616,-0.231696,0.0349467,-0.0147921,-0.021055,1.90621,0.0196244,0,0
984721892,0,-0.569257,-0.26603,0.336771,0.579665,-0.0025063,-0.0103551,0.814785,0.0524556,-0.247823,0.0494491,-0.0197819,-0.00792089,1.90495,-0.0068132,0,0
984753443,0,-0.561591,-0.261282,0.338891,0.580158,-0.00865079,-0.00193379,0.814456,0.0462804,-0.256538,0.0545049,-0.0131889,0.0118478,1.90361,-0.0068132,0,0
984784163,0,-0.553901,-0.256827,0.34103,0.58055,-0.010342,0.00610656,0.814136,0.0401839,-0.248103,0.0676794,-0.00206557,0.0239322,1.90266,-0.0250629,0,0
984820583,0,-0.545675,-0.252377,0.343921,0.580511,-0.0126725,0.00715971,0.814122,0.0320157,-0.221866,0.0693541,-0.00305657,0.0289505,1.90269,-0.0250629,0,0
984853632,0,-0.539397,-0.249562,0.345641,0.580719,-0.00888628,0.00472539,0.814042,0.0211918,-0.231721,0.0560625,-0.00262807,0.0199572,1.90227,-0.0253387,0,0
984882954,0,-0.539397,-0.249562,0.345641,0.580719,-0.00888628,0.00472539,0.814042,0.0211918,-0.231721,0.0560625,-0.00262807,0.0199572,1.90227,-0.0253387,0,0
984920166,0,-0.523537,-0.242368,0.349945,0.582069,-0.003214,-0.00685371,0.813104,0.0233326,-0.239058,0.0506222,-0.0148877,-0.00275203,1.89903,0.00489522,0,0
984953110,0,-0.515548,-0.238641,0.351378,0.582031,-1.00288e-05,-0.00762173,0.813131,0.0275263,-0.252172,0.0360602,-0.0124074,-0.00885597,1.89916,0.00489522,0,0
984983190,0,-0.507738,-0.23483,0.352443,0.581265,0.00194265,-0.00755641,0.813677,0.0305509,-0.244362,0.0232287,-0.0100395,-0.0119462,1.90105,0.0112416,0,0
985021786,0,-0.499184,-0.230691,0.353398,0.580637,0.00276513,-0.00843816,0.814114,0.0316281,-0.240624,0.0138571,-0.0105294,-0.0143018,1.90259,0.0143018,0,0
985053584,0,-0.499184,-0.230691,0.353398,0.580637,0.00276513,-0.00843816,0.814114,0.0316281,-0.240624,0.0138571,-0.0105294,-0.0143018,1.90259,0.0143018,0,0
985082846,0,-0.493027,-0.227514,0.353779,0.580145,0.00285991,-0.00886599,0.81446,0.0326963,-0.232426,0.00757686,-0.0111251,-0.0149462,1.9038,0.0137925,0,0
985121960,0,-0.476096,-0.218589,0.354102,0.578146,-0.000382013,-0.0117717,0.815849,0.0365531,-0.270489,-0.00315461,-0.0196524,-0.0129885,1.90871,0.0129615,0,0
985153812,0,-0.476096,-0.218589,0.354102,0.578146,-0.000382013,-0.0117717,0.815849,0.0365531,-0.270489,-0.00315461,-0.0196524,-0.0129885,1.90871,0.0129615,0,0
985183855,0,-0.467597,-0.214391,0.354228,0.578165,0.000490224,-0.012578,0.815823,0.0339854,-0.259257,-0.00361719,-0.0199596,-0.0153448,1.90868,0.0155972,0,0
985221687,0,-0.464892,-0.211192,0.35355,0.581389,-0.00135473,-0.0152072,0.813482,0.108518,0.0738937,-0.043529,-0.0263231,-0.0154792,1.90076,0.0142243,0,0
985254232,0,-0.476452,-0.208694,0.351923,0.58411,-0.00640906,-0.0216598,0.81136,0.147509,0.227313,-0.0336522,-0.0426527,-0.0149039,1.89398,0.0142243,0,0
985282908,0,-0.484632,-0.2061,0.35053,0.583654,-0.00218707,-0.0177776,0.811805,0.146044,0.198833,-0.0198692,-0.0314267,-0.0172018,1.89519,0.0172018,0,0
985322426,0,-0.492533,-0.203416,0.350191,0.582882,0.000600395,-0.016573,0.812388,0.146975,0.182722,-0.00328781,-0.0262359,-0.0202971,1.89712,0.0204057,0,0
985354401,0,-0.500287,-0.200694,0.350517,0.58182,0.00145444,-0.0153544,0.813171,0.145887,0.179641,0.0139634,-0.0232859,-0.0202338,1.89973,0.0204057,0,0
985383093,0,-0.507967,-0.197937,0.351298,0.580439,0.00181864,-0.0144278,0.814174,0.14509,0.189493,0.0279097,-0.021388,-0.0197115,1.90312,0.0195689,0,0
985422140,0,-0.516813,-0.194677,0.35258,0.578883,0.00156473,-0.0144119,0.815282,0.154526,0.177775,0.0364935,-0.0216937,-0.0192382,1.90694,0.0181827,0,0
985454229,0,-0.523791,-0.191862,0.353763,0.577905,-0.00205616,-0.0112596,0.816024,0.168738,0.191119,0.0407051,-0.0207552,-0.0096584,1.90928,0.0181827,0,0
985482644,0,-0.523791,-0.191862,0.353763,0.577905,-0.00205616,-0.0112596,0.816024,0.168738,0.191119,0.0407051,-0.0207552,-0.0096584,1.90928,-0.00183299,0,0
985522044,0,-0.541007,-0.184863,0.356553,0.576903,-0.0174475,0.00201337,0.816624,0.143968,0.182102,0.0425654,-0.0168515,0.0308241,1.91125,-0.0308241,0,0
985554604,0,-0.541007,-0.184863,0.356553,0.576903,-0.0174475,0.00201337,0.816624,0.143968,0.182102,0.0425654,-0.0168515,0.0308241,1.91125,-0.0308241,0,0
985583147,0,-0.548975,-0.182508,0.357835,0.576815,-0.0190757,0.00376297,0.816644,0.13033,0.186603,0.0448764,-0.0158709,0.0355046,1.9114,-0.0356743,0,0
985622533,0,-0.563956,-0.179158,0.360034,0.576267,-0.0183121,0.00133636,0.817055,0.101082,0.168431,0.0386534,-0.0189321,0.0314694,1.91275,-0.0327805,0,0
985654915,0,-0.563956,-0.179158,0.360034,0.576267,-0.0183121,0.00133636,0.817055,0.101082,0.168431,0.0386534,-0.0189321,0.0314694,1.91275,-0.0327805,0,0
985683151,0,-0.57174,-0.178156,0.361351,0.576403,-0.00882612,-0.00621299,0.817094,0.0918313,0.176235,0.0356704,-0.0203299,0.00726123,1.9128,-0.00373834,0,0
985720104,0,-0.578475,-0.177034,0.362112,0.576294,-0.00134196,-0.0124293,0.817147,0.102218,0.165436,0.0271105,-0.0218632,-0.012133,1.91324,0.015316,0,0
985754727,0,-0.585239,-0.175386,0.36279,0.57623,7.68664e-05,-0.0147208,0.817155,0.112207,0.152655,0.0102615,-0.0239756,-0.0170916,1.91343,0.015316,0,0
985785446,0,-0.591858,-0.173244,0.362807,0.576219,0.00278171,-0.0125674,0.817194,0.133418,0.15961,-0.00629594,-0.0173383,-0.0190307,1.91345,0.0190897,0,0
985821739,0,-0.599007,-0.170577,0.362781,0.576379,0.00050074,-0.016585,0.817014,0.143119,0.176583,0.00681093,-0.0265316,-0.0199381,1.91308,0.019258,0,0
985853219,0,-0.607198,-0.167444,0.362908,0.576694,-0.00856772,-0.0259719,0.816502,0.145362,0.154256,0.00252201,-0.0523246,-0.0159652,1.91213,0.019258,0,0
985883395,0,-0.607198,-0.167444,0.362908,0.576694,-0.00856772,-0.0259719,0.816502,0.145362,0.154256,0.00252201,-0.0523246,-0.0159652,1.91213,0.0139143,0,0
985922132,0,-0.619374,-0.160847,0.36171,0.576957,-0.0183528,-0.0383631,0.815667,0.148119,0.102646,-0.0160931,-0.0838675,-0.0143286,1.91092,0.0143286,0,0
985953526,0,-0.619374,-0.160847,0.36171,0.576957,-0.0183528,-0.0383631,0.815667,0.148119,0.102646,-0.0160931,-0.0838675,-0.0143286,1.91092,0.0143286,0,0
985982557,0,-0.623613,-0.156716,0.36079,0.576812,-0.0176329,-0.0396644,0.815723,0.14856,0.0569227,-0.0174452,-0.0851672,-0.0169915,1.91134,0.0181876,0,0
986022120,0,-0.62906,-0.146821,0.359853,0.57667,-0.0123661,-0.0337427,0.816187,0.152974,-0.00574922,-0.016555,-0.0694109,-0.0187318,1.91204,0.0199285,0,0
986054542,0,-0.62906,-0.146821,0.359853,0.57667,-0.0123661,-0.0337427,0.816187,0.152974,-0.00574922,-0.016555,-0.0694109,-0.0187318,1.91204,0.0199285,0,0
986082573,0,-0.630532,-0.141585,0.359317,0.577297,-0.00802526,-0.022533,0.816184,0.156924,-0.0076584,-0.0169856,-0.0460682,-0.0129167,1.91066,0.012546,0,0
986122117,0,-0.632892,-0.131433,0.359116,0.578846,0.00280832,-0.00740904,0.815398,0.145955,-0.00922657,0.00486841,-0.00883234,-0.0131576,1.90698,0.0123731,0,0
986154971,0,-0.632892,-0.131433,0.359116,0.578846,0.00280832,-0.00740904,0.815398,0.145955,-0.00922657,0.00486841,-0.00883234,-0.0131576,1.90698,0.0123731,0,0
986182670,0,-0.634655,-0.126631,0.359539,0.579831,0.00498345,-0.00532347,0.814704,0.152041,0.0174011,0.0120837,-0.00289528,-0.014294,1.90453,0.014294,0,0
986221754,0,-0.636839,-0.121892,0.36035,0.580534,0.00639573,-0.00655506,0.814185,0.15051,0.0152576,0.0235599,-0.00324872,-0.0180265,1.90279,0.0199068,0,0
986254533,0,-0.639285,-0.117239,0.361145,0.581062,0.00749286,-0.00811378,0.813785,0.151668,0.0198944,0.0181494,-0.00449918,-0.021626,1.90149,0.0199068,0,0
986283008,0,-0.639285,-0.117239,0.361145,0.581062,0.00749286,-0.00811378,0.813785,0.151668,0.0198944,0.0181494,-0.00449918,-0.021626,1.90149,0.0199068,0,0
986321926,0,-0.645144,-0.108044,0.361771,0.581378,0.00748364,-0.00709413,0.813568,0.147593,0.0403085,-0.00953325,-0.00284206,-0.0204271,1.9007,0.0207008,0,0
986354672,0,-0.64878,-0.10296,0.361283,0.581541,0.00827301,-0.00791175,0.813437,0.151486,0.0543182,-0.0237401,-0.00325007,-0.0226631,1.90029,0.0207008,0,0
986384893,0,-0.652308,-0.0985067,0.359879,0.581727,0.0064244,-0.00977973,0.8133,0.152612,0.0481125,-0.0492048,-0.00843533,-0.0218299,1.89989,0.0226256,0,0
986420853,0,-0.656151,-0.0938755,0.35782,0.581842,0.00448341,-0.0108584,0.813217,0.164227,0.0632293,-0.0689272,-0.012446,-0.019929,1.89964,0.019929,0,0
986454525,0,-0.656151,-0.0938755,0.35782,0.581842,0.00448341,-0.0108584,0.813217,0.164227,0.0632293,-0.0689272,-0.012446,-0.019929,1.89964,0.019929,0,0
986482702,0,-0.660265,-0.0889957,0.355427,0.581765,0.00403794,-0.0117868,0.813261,0.175327,0.0744146,-0.0734519,-0.0144768,-0.0202835,1.89983,0.0202916,0,0
986520432,0,-0.670163,-0.0784219,0.351378,0.582084,0.00174457,-0.0155801,0.812978,0.182055,0.090321,-0.0306781,-0.0233088,-0.020976,1.89908,0.0203591,0,0
986554780,0,-0.670163,-0.0784219,0.351378,0.582084,0.00174457,-0.0155801,0.812978,0.182055,0.090321,-0.0306781,-0.0233088,-0.020976,1.89908,0.0203591,0,0
986582619,0,-0.674797,-0.074201,0.350861,0.582188,-0.0047004,-0.0242551,0.812679,0.183659,0.0901867,-0.0143868,-0.0449209,-0.0206037,1.89878,0.0195777,0,0
986622093,0,-0.680835,-0.0682884,0.350596,0.582194,-0.0134936,-0.0330566,0.812265,0.187955,0.0968586,-0.00268293,-0.0694786,-0.0165707,1.8984,0.0144404,0,0
986658706,0,-0.685559,-0.0632322,0.350499,0.582207,-0.0155751,-0.0334538,0.812203,0.177882,0.0833047,0.00555409,-0.0725488,-0.0136543,1.89823,0.0144404,0,0
986691939,0,-0.68999,-0.0584469,0.350938,0.581794,-0.0154487,-0.0334298,0.812502,0.168849,0.0780791,0.0211094,-0.0723696,-0.0137947,1.89926,0.0137947,0,0
986718223,0,-0.694126,-0.0538542,0.351762,0.581497,-0.0163499,-0.0327022,0.812726,0.163709,0.0716063,0.0290035,-0.0722383,-0.0114569,1.89991,0.0137947,0,0
986750867,0,-0.697782,-0.0492715,0.352432,0.581257,-0.0174175,-0.0310568,0.81294,0.155146,0.052321,0.0181608,-0.0708039,-0.00778528,1.90042,0.0103946,0,0
986788348,0,-0.700887,-0.0440818,0.352987,0.581053,-0.0117713,-0.0195628,0.813546,0.13909,0.0153057,0.016013,-0.0455259,-0.00358104,1.90126,0.00326805,0,0
986819905,0,-0.70305,-0.0406237,0.353677,0.580556,-0.0040798,-0.0133045,0.814102,0.129202,0.0438808,0.0319468,-0.0264036,-0.00880534,1.90275,0.0103487,0,0
986850701,0,-0.706121,-0.0370857,0.354925,0.579788,-0.000664375,-0.0116015,0.814685,0.123364,0.0596997,0.0381135,-0.0196764,-0.0123707,1.90468,0.0103487,0,0
986888380,0,-0.706121,-0.0370857,0.354925,0.579788,-0.000664375,-0.0116015,0.814685,0.123364,0.0596997,0.0381135,-0.0196764,-0.0123707,1.90468,0.0130561,0,0
986920276,0,-0.712352,-0.0299423,0.357338,0.574953,-0.00206883,-0.00572537,0.818164,0.0914966,-0.0273409,0.0226973,-0.0117479,-0.00319835,1.91649,0.00319835,0,0
986952684,0,-0.712352,-0.0299423,0.357338,0.574953,-0.00206883,-0.00572537,0.818164,0.0914966,-0.0273409,0.0226973,-0.0117479,-0.00319835,1.91649,0.00319835,0,0
986982345,0,-0.70997,-0.0265102,0.358363,0.567162,-0.0101235,-0.00142408,0.823543,0.0714177,-0.0784563,0.0386377,-0.0138309,0.0150594,1.9353,-0.0245631,0,0
987017382,0,-0.70786,-0.0236985,0.360257,0.564622,-0.0201289,0.00122449,0.825104,0.036333,-0.0837785,0.0589242,-0.0207237,0.0346065,1.94101,-0.0425117,0,0
987049763,0,-0.705184,-0.0220429,0.362452,0.566603,-0.0274378,-0.00171635,0.823532,0.000936792,-0.10561,0.0668215,-0.0339579,0.0432603,1.93558,-0.0425117,0,0
987087606,0,-0.701648,-0.021293,0.365,0.571007,-0.0361172,-0.0110043,0.820076,-0.0265446,-0.117201,0.0649519,-0.0593947,0.0466877,1.92375,-0.0469466,0,0
987118579,0,-0.696611,-0.0211271,0.367527,0.574576,-0.0410629,-0.0175517,0.817232,-0.0583311,-0.157259,0.0598012,-0.0760321,0.0469636,1.91423,-0.0471958,0,0
987149582,0,-0.688589,-0.021554,0.370534,0.577437,-0.0420337,-0.0183636,0.815146,-0.0889202,-0.19636,0.0576458,-0.0786507,0.0473373,1.90707,-0.0471958,0,0
987189001,0,-0.680243,-0.0226039,0.373363,0.578945,-0.0412264,-0.0177089,0.814131,-0.11889,-0.228991,0.0579805,-0.076729,0.0466394,1.9035,-0.0466394,0,0
987218185,0,-0.670655,-0.0241409,0.375967,0.579406,-0.0400145,-0.0150669,0.813917,-0.147118,-0.262149,0.0487536,-0.0710361,0.0476953,1.9026,-0.0480809,0,0
987253779,0,-0.659834,-0.0261408,0.378407,0.579622,-0.0394466,-0.0141125,0.813808,-0.168481,-0.291475,0.0375047,-0.0688311,0.0478624,1.90216,-0.0480809,0,0
987288591,0,-0.648461,-0.0283443,0.380053,0.579558,-0.037084,-0.0103725,0.814021,-0.176137,-0.298771,0.0182011,-0.0599776,0.0483703,1.90271,-0.0483145,0,0
987318124,0,-0.635726,-0.0311172,0.381469,0.579213,-0.0298135,-0.00173408,0.814629,-0.206944,-0.316956,0.021,-0.0374113,0.046582,1.90456,-0.0452617,0,0
987352610,0,-0.635726,-0.0311172,0.381469,0.579213,-0.0298135,-0.00173408,0.814629,-0.206944,-0.316956,0.021,-0.0374113,0.046582,1.90456,-0.0452617,0,0
987388418,0,-0.608996,-0.0387205,0.384855,0.577362,-0.016049,0.00966139,0.816274,-0.240829,-0.316694,0.0444931,-0.00276143,0.0373657,1.91031,-0.0384943,0,0
987418915,0,-0.594144,-0.0441293,0.387203,0.576885,-0.0146385,0.0107357,0.816623,-0.259135,-0.305585,0.0468969,0.000644968,0.0363027,1.91155,-0.0363027,0,0
987450358,0,-0.594144,-0.0441293,0.387203,0.576885,-0.0146385,0.0107357,0.816623,-0.259135,-0.305585,0.0468969,0.000644968,0.0363027,1.91155,-0.0363027,0,0
987488363,0,-0.569041,-0.0543712,0.390413,0.577714,-0.0114289,0.0178915,0.815963,-0.275036,-0.291662,0.0351187,0.0160054,0.0393337,1.90974,-0.0356798,0,0
987519288,0,-0.556315,-0.0605374,0.391916,0.578311,-0.0081015,0.0249965,0.815393,-0.293912,-0.276251,0.038253,0.0314266,0.0421358,1.90845,-0.0417293,0,0
987551865,0,-0.556315,-0.0605374,0.391916,0.578311,-0.0081015,0.0249965,0.815393,-0.293912,-0.276251,0.038253,0.0314266,0.0421358,1.90845,-0.0417293,0,0
987588457,0,-0.54402,-0.0676837,0.393118,0.578748,-0.00519566,0.0294241,0.814959,-0.321021,-0.24898,0.0289599,0.0419953,0.0425396,1.90747,-0.0421907,0,0
987619218,0,-0.532282,-0.0760617,0.393971,0.57876,-0.00142268,0.0265578,0.815064,-0.346992,-0.237099,0.0191759,0.0416807,0.0330664,1.90736,-0.0249289,0,0
987647796,0,-0.520864,-0.0852403,0.394357,0.579094,0.00632943,0.0227649,0.814919,-0.357606,-0.2058,0.00259403,0.0444541,0.0160508,1.90632,-0.0249289,0,0
987688321,0,-0.510216,-0.0950086,0.394022,0.579611,0.0144747,0.0158205,0.814611,-0.358689,-0.18405,0.00556145,0.042568,-0.00524312,1.90465,0.00524312,0,0
987723799,0,-0.500766,-0.104649,0.394046,0.580158,0.0114315,-0.000308932,0.814424,-0.338997,-0.167784,0.00824166,0.0127636,-0.0189798,1.90353,0.0224319,0,0
987754099,0,-0.490161,-0.114916,0.394096,0.580699,0.0064718,-0.0123915,0.813998,-0.324164,-0.189245,0.000470873,-0.0126613,-0.0249302,1.90244,0.0224319,0,0
987785845,0,-0.480258,-0.123013,0.393749,0.580641,0.00374355,-0.0157113,0.814,-0.307373,-0.19716,-0.0163366,-0.0212385,-0.0243421,1.90263,0.0243881,0,0
987820219,0,-0.469796,-0.130443,0.392697,0.580254,0.0019184,-0.0184643,0.814224,-0.295419,-0.217784,-0.0393894,-0.0278538,-0.0245544,1.90361,0.0244975,0,0
987850508,0,-0.469796,-0.130443,0.392697,0.580254,0.0019184,-0.0184643,0.814224,-0.295419,-0.217784,-0.0393894,-0.0278538,-0.0245544,1.90361,0.0244975,0,0
987886509,0,-0.453121,-0.143415,0.388132,0.568126,-0.00143265,-0.0190988,0.822719,-0.177328,0.161949,-0.059726,-0.033066,-0.019345,1.9332,0.0201447,0,0
987920523,0,-0.461908,-0.153388,0.385856,0.55572,-0.00559706,-0.0251019,0.830971,-0.183871,0.273319,-0.0525945,-0.0479654,-0.0185983,1.96314,0.0185983,0,0
987950246,0,-0.461908,-0.153388,0.385856,0.55572,-0.00559706,-0.0251019,0.830971,-0.183871,0.273319,-0.0525945,-0.0479654,-0.0185983,1.96314,0.0185983,0,0
987989844,0,-0.473144,-0.172786,0.380776,0.55053,0.000115153,-0.0161554,0.834659,-0.181514,0.20956,-0.0422684,-0.0268493,-0.0179813,1.97566,0.0164849,0,0
988020423,0,-0.477054,-0.180173,0.379401,0.556718,0.0025827,-0.0143686,0.830574,-0.176013,0.205377,-0.0363361,-0.0209985,-0.0202901,1.9608,0.0201281,0,0
988052469,0,-0.477054,-0.180173,0.379401,0.556718,0.0025827,-0.0143686,0.830574,-0.176013,0.205377,-0.0363361,-0.0209985,-0.0202901,1.9608,0.0201281,0,0
988089595,0,-0.482155,-0.18937,0.377776,0.568072,0.00358492,-0.0110917,0.822896,-0.17034,0.188356,-0.0373632,-0.0141845,-0.0185028,1.93331,0.017969,0,0
988120235,0,-0.486528,-0.197098,0.376351,0.576506,0.00389345,-0.00760515,0.817048,-0.165422,0.194667,-0.0366673,-0.00793935,-0.0151317,1.91271,0.0129295,0,0
988149283,0,-0.491203,-0.204722,0.375197,0.584212,0.00368957,-0.00514788,0.811576,-0.162555,0.209464,-0.0233077,-0.00404511,-0.0120039,1.89377,0.0129295,0,0
988189180,0,-0.496285,-0.212194,0.37446,0.590394,0.00261175,-0.00498659,0.807096,-0.157568,0.199057,-0.0119289,-0.00496566,-0.0101041,1.8785,0.0101041,0,0
988220932,0,-0.50235,-0.220171,0.374023,0.594162,-0.00530244,-0.00297091,0.804323,-0.135063,0.209188,-0.00461842,-0.0110805,0.00499937,1.86909,-0.0116435,0,0
988250899,0,-0.507885,-0.226815,0.374064,0.594236,-0.016018,0.000208886,0.804131,-0.137702,0.21199,0.00430458,-0.0187084,0.0260123,1.86853,-0.0116435,0,0
988288712,0,-0.513454,-0.233871,0.374347,0.591353,-0.0230508,-0.00108745,0.806083,-0.151542,0.222959,0.0162638,-0.0290383,0.0358833,1.87521,-0.0343185,0,0
988321065,0,-0.51896,-0.241482,0.37505,0.586911,-0.028916,-0.00694953,0.809105,-0.160834,0.218417,0.0274509,-0.0452372,0.0386443,1.8856,-0.0388892,0,0
988348932,0,-0.51896,-0.241482,0.37505,0.586911,-0.028916,-0.00694953,0.809105,-0.160834,0.218417,0.0274509,-0.0452372,0.0386443,1.8856,-0.0388892,0,0
988389058,0,-0.528412,-0.257451,0.37691,0.579744,-0.037923,-0.0193876,0.813685,-0.183337,0.173147,0.041456,-0.0756524,0.0392452,1.90199,-0.0395116,0,0
988421184,0,-0.532189,-0.266465,0.378634,0.577647,-0.0383318,-0.0212943,0.815108,-0.186097,0.156417,0.0552761,-0.0791382,0.037897,1.90704,-0.0383414,0,0
988449844,0,-0.532189,-0.266465,0.378634,0.577647,-0.0383318,-0.0212943,0.815108,-0.186097,0.156417,0.0552761,-0.0791382,0.037897,1.90704,-0.0383414,0,0
988488567,0,-0.535951,-0.282442,0.38243,0.577163,-0.01876,-0.0151315,0.816273,-0.201604,0.100835,0.0580192,-0.0463787,0.0131602,1.91038,-0.0235701,0,0
988521277,0,-0.537142,-0.290168,0.384555,0.577369,-0.0111355,-0.0103147,0.816343,-0.189288,0.117828,0.0660556,-0.0297043,0.00627007,1.91033,-0.00709965,0,0
988549623,0,-0.537142,-0.290168,0.384555,0.577369,-0.0111355,-0.0103147,0.816343,-0.189288,0.117828,0.0660556,-0.0297043,0.00627007,1.91033,-0.00709965,0,0
988586248,0,-0.538957,-0.298651,0.387184,0.577562,-0.0127976,-0.00887944,0.816199,-0.179771,0.11014,0.0656469,-0.0292835,0.0106342,1.90979,-0.0106342,0,0
988621178,0,-0.540585,-0.305705,0.389286,0.577937,-0.0201735,-0.00346291,0.815825,-0.182904,0.113786,0.0498095,-0.0289845,0.0289175,1.90848,-0.0342806,0,0
988649540,0,-0.541993,-0.313022,0.390831,0.578553,-0.0209753,0.00256097,0.815371,-0.193851,0.102314,0.0360453,-0.0201096,0.0371771,1.907,-0.0342806,0,0
988686187,0,-0.54333,-0.320545,0.391987,0.57872,-0.0217393,0.00197599,0.815234,-0.189105,0.113267,0.0224191,-0.0219575,0.0377412,1.90652,-0.0375436,0,0
988721062,0,-0.545045,-0.328154,0.392522,0.578505,-0.0242902,-0.00275184,0.815312,-0.189953,0.116738,0.0068537,-0.0326187,0.0364324,1.90678,-0.0373513,0,0
988749342,0,-0.546544,-0.336774,0.392599,0.578492,-0.0284285,-0.00560526,0.815173,-0.191198,0.111149,-0.00410922,-0.0420757,0.0398737,1.9064,-0.0373513,0,0
988793976,0,-0.547314,-0.344338,0.392465,0.578727,-0.0277122,-0.00532882,0.815033,-0.203796,0.079971,-0.00411621,-0.0408043,0.0390148,1.9059,-0.0397402,0,0
988821213,0,-0.54721,-0.351473,0.392913,0.579005,-0.0247938,-0.00463663,0.814934,-0.202648,0.0603079,0.00957,-0.0362988,0.0350485,1.90549,-0.0350485,0,0
988851864,0,-0.54721,-0.351473,0.392913,0.579005,-0.0247938,-0.00463663,0.814934,-0.202648,0.0603079,0.00957,-0.0362988,0.0350485,1.90549,-0.0350485,0,0
988888597,0,-0.546012,-0.367795,0.393784,0.579941,-0.0189361,0.0052402,0.814421,-0.211368,0.0658828,-0.00113787,-0.0134378,0.0369303,1.90376,-0.0363924,0,0
988919449,0,-0.545859,-0.374325,0.394067,0.579845,-0.0179726,0.005747,0.814509,-0.204741,0.0621361,0.00602756,-0.0114883,0.0359501,1.90406,-0.0360799,0,0
988949321,0,-0.545859,-0.374325,0.394067,0.579845,-0.0179726,0.005747,0.814509,-0.204741,0.0621361,0.00602756,-0.0114883,0.0359501,1.90406,-0.0360799,0,0
988988328,0,-0.545824,-0.382375,0.3937,0.579604,-0.0158441,0.0070245,0.814714,-0.190113,0.054339,-0.0243783,-0.0069247,0.0339662,1.90478,-0.0329277,0,0
989019717,0,-0.545857,-0.389266,0.392826,0.579943,-0.00862464,0.00736297,0.814578,-0.179637,0.0773044,-0.0301745,0.00199235,0.022593,1.90421,-0.0162883,0,0
989050212,0,-0.546605,-0.396052,0.391739,0.579982,-0.00699808,0.00182452,0.814597,-0.167839,0.0905164,-0.0279969,-0.00514553,0.013518,1.90411,-0.0162883,0,0
989085480,0,-0.547781,-0.403073,0.390655,0.579915,-0.00916521,-0.0018588,0.814623,-0.14674,0.0873731,-0.0242784,-0.0136601,0.0127768,1.90419,-0.0119829,0,0
989118885,0,-0.548662,-0.407888,0.390264,0.579824,-0.0143967,0.000133795,0.814614,-0.141822,0.0810074,-0.0161687,-0.0164825,0.0236129,1.90422,-0.0296864,0,0
989147970,0,-0.549926,-0.413682,0.390008,0.579711,-0.019758,0.00271082,0.814578,-0.151403,0.0981241,-0.0106294,-0.0185041,0.0353392,1.90424,-0.0296864,0,0
989188291,0,-0.551488,-0.420753,0.390074,0.579034,-0.0217863,0.00146551,0.815011,-0.152943,0.0916099,0.00149043,-0.022859,0.0372178,1.90574,-0.037851,0,0
989221554,0,-0.552577,-0.426698,0.390221,0.57852,-0.0195606,0.000821271,0.815433,-0.149184,0.0969415,0.00870697,-0.0213061,0.0328569,1.90715,-0.0328569,0,0
989248456,0,-0.552577,-0.426698,0.390221,0.57852,-0.0195606,0.000821271,0.815433,-0.149184,0.0969415,0.00870697,-0.0213061,0.0328569,1.90715,-0.0328569,0,0
989285564,0,-0.554177,-0.432584,0.390709,0.577993,-0.0174349,0.000638145,0.815855,-0.145154,0.0905274,0.0194916,-0.0191226,0.0291905,1.90856,-0.0241789,0,0
989318833,0,-0.557266,-0.443864,0.392578,0.577284,-0.00165762,-0.00714797,0.81651,-0.123536,0.0996922,0.0382435,-0.0135872,-0.00554591,1.9108,0.00358972,0,0
989350134,0,-0.557266,-0.443864,0.392578,0.577284,-0.00165762,-0.00714797,0.81651,-0.123536,0.0996922,0.0382435,-0.0135872,-0.00554591,1.9108,0.00358972,0,0
989385560,0,-0.559424,-0.449319,0.394053,0.577094,-0.000724922,-0.00981987,0.816618,-0.10286,0.0936944,0.0347334,-0.0168765,-0.0101502,1.91128,0.0105433,0,0
989419147,0,-0.561197,-0.453256,0.395133,0.577267,0.00272458,-0.00836102,0.816508,-0.0820126,0.0790748,0.0286728,-0.0105093,-0.0141028,1.91086,0.0163852,0,0
989449546,0,-0.563227,-0.456687,0.396182,0.577624,0.00431655,-0.00917713,0.81624,-0.0663431,0.0981438,0.0325083,-0.00999652,-0.0176495,1.90998,0.0163852,0,0
989485236,0,-0.566208,-0.45993,0.397454,0.577991,0.00135484,-0.00875365,0.815995,-0.0439267,0.105778,0.0403272,-0.012721,-0.0123305,1.90909,0.013119,0,0
989519027,0,-0.569392,-0.462469,0.398739,0.578333,-0.00344196,-0.00792967,0.815755,-0.0324601,0.104589,0.0396344,-0.0169195,-0.00355639,1.9082,-0.00205214,0,0
989549541,0,-0.572917,-0.464642,0.400111,0.578306,-0.0176636,-0.00956697,0.815573,-0.0279631,0.112024,0.0377448,-0.0360486,0.0177476,1.90769,-0.00205214,0,0
989583372,0,-0.575973,-0.466876,0.401113,0.578505,-0.0264869,-0.00875775,0.815202,-0.0374853,0.0936816,0.0299939,-0.044964,0.0330576,1.90651,-0.0298398,0,0
989618594,0,-0.57859,-0.46935,0.401885,0.578755,-0.0329382,-0.0124131,0.814742,-0.0454363,0.0877755,0.0218794,-0.0584315,0.0393142,1.90516,-0.0399137,0,0
989649620,0,-0.580657,-0.472007,0.401895,0.579364,-0.0357806,-0.0141439,0.814161,-0.0545615,0.0719424,-0.00545196,-0.0645923,0.0418857,1.90329,-0.0399137,0,0
989688667,0,-0.581972,-0.474858,0.400956,0.58002,-0.0375934,-0.0179545,0.813536,-0.0648832,0.0568368,-0.0315567,-0.0729471,0.0403502,1.90138,-0.0412213,0,0
989718999,0,-0.582818,-0.478107,0.398758,0.580566,-0.0419711,-0.0230124,0.812805,-0.0722765,0.0376732,-0.0672117,-0.0863246,0.0415201,1.89931,-0.0413117,0,0
989750126,0,-0.582818,-0.478107,0.398758,0.580566,-0.0419711,-0.0230124,0.812805,-0.0722765,0.0376732,-0.0672117,-0.0863246,0.0415201,1.89931,-0.0413117,0,0
989788340,0,-0.580957,-0.483506,0.391839,0.582666,-0.0325129,-0.0257751,0.811652,-0.0820139,-0.00626398,-0.11212,-0.0798345,0.0227437,1.89544,-0.0350722,0,0
989828839,0,-0.578574,-0.485982,0.387434,0.583322,-0.0200637,-0.0243175,0.811629,-0.0840009,-0.0555013,-0.136947,-0.0629228,0.00419866,1.89512,-0.00861913,0,0
989854592,0,-0.578574,-0.485982,0.387434,0.583322,-0.0200637,-0.0243175,0.811629,-0.0840009,-0.0555013,-0.136947,-0.0629228,0.00419866,1.89512,-0.00861913,0,0
989885324,0,-0.575148,-0.488177,0.381842,0.583813,-0.00751015,-0.0155472,0.811704,-0.0744714,-0.0406137,-0.137351,-0.0340156,-0.00596127,1.89464,0.00596127,0,0
989915351,0,-0.572652,-0.489967,0.377324,0.583943,-0.00393147,-0.0132908,0.811677,-0.0690773,-0.0392303,-0.122439,-0.0261712,-0.00914008,1.89442,0.00596127,0,0
989953458,0,-0.570667,-0.491782,0.373641,0.5834,-0.00547256,-0.01723,0.811984,-0.0676776,-0.0297468,-0.0943227,-0.0343752,-0.0112169,1.89573,0.0102372,0,0
989985703,0,-0.568892,-0.493492,0.370733,0.582242,-0.0122665,-0.0229675,0.812599,-0.0624674,-0.0353695,-0.0780827,-0.051635,-0.00680981,1.89832,0.00735177,0,0
990016512,0,-0.566869,-0.494841,0.368512,0.581299,-0.0147773,-0.023961,0.813203,-0.0584774,-0.0447724,-0.0537412,-0.0561803,-0.00382327,1.90048,0.00735177,0,0
990052065,0,-0.564354,-0.496131,0.367102,0.580417,-0.0176249,-0.0294359,0.813596,-0.0443507,-0.0470499,-0.0279704,-0.0684118,-0.00549106,1.90246,0.0041796,0,0
990085825,0,-0.561674,-0.496897,0.366466,0.580132,-0.0205913,-0.0345272,0.81353,-0.0431165,-0.0690698,-0.02138,-0.0801566,-0.00655744,1.90292,0.00616736,0,0
990114755,0,-0.558039,-0.497155,0.365886,0.580297,-0.0209166,-0.031494,0.813527,-0.0417202,-0.105259,-0.0268561,-0.0755903,-0.00251927,1.90248,0.00251927,0,0
990154977,0,-0.558039,-0.497155,0.365886,0.580297,-0.0209166,-0.031494,0.813527,-0.0417202,-0.105259,-0.0268561,-0.0755903,-0.00251927,1.90248,0.00251927,0,0
990185723,0,-0.548655,-0.496907,0.364992,0.581311,-0.00501651,-0.0135934,0.813553,-0.0431449,-0.127454,-0.000269529,-0.0279546,-0.00764163,1.90087,0.00269008,0,0
990215863,0,-0.548655,-0.496907,0.364992,0.581311,-0.00501651,-0.0135934,0.813553,-0.0431449,-0.127454,-0.000269529,-0.0279546,-0.00764163,1.90087,0.0149437,0,0
990255229,0,-0.543957,-0.49694,0.365394,0.580712,-0.000477475,-0.0146395,0.813977,-0.0356221,-0.101719,0.00829441,-0.0243926,-0.0162261,1.90243,0.0149437,0,0
990284602,0,-0.540431,-0.496924,0.365514,0.580448,0.00215708,-0.0127069,0.814195,-0.0324975,-0.111698,-0.00127257,-0.0181917,-0.018265,1.90308,0.0188346,0,0
990314589,0,-0.536135,-0.496714,0.365691,0.580183,0.00333718,-0.0138736,0.814361,-0.0303118,-0.111636,0.00118033,-0.0187293,-0.0215354,1.90374,0.0224722,0,0
990355075,0,-0.531972,-0.496207,0.365703,0.57999,0.00178305,-0.0160223,0.814464,-0.024597,-0.130365,-0.00733495,-0.0240388,-0.0214917,1.90423,0.0224722,0,0
990385132,0,-0.526891,-0.495063,0.365622,0.579838,0.00249946,-0.0136576,0.814614,-0.0149697,-0.124929,0.00174749,-0.0193577,-0.0199118,1.90459,0.0195543,0,0
990418576,0,-0.522766,-0.493972,0.365919,0.579376,0.00438984,-0.0123093,0.814956,-0.00457734,-0.136178,0.0132434,-0.0149803,-0.0214201,1.90571,0.0219145,0,0
990455094,0,-0.517762,-0.492158,0.366684,0.578547,0.00418415,-0.0110751,0.815563,0.00954353,-0.141975,0.0194043,-0.0132263,-0.0196411,1.90773,0.0219145,0,0
990485903,0,-0.513551,-0.48987,0.367462,0.577935,-0.00243624,-0.00704026,0.816049,0.0242945,-0.143418,0.0178526,-0.014307,-0.00416145,1.90919,0.00936284,0,0
990515307,0,-0.5091,-0.48716,0.368485,0.577437,-0.0112579,-0.000712955,0.816357,0.03128,-0.13997,0.0257522,-0.0141682,0.0175585,1.91021,0.00936284,0,0
990555162,0,-0.504559,-0.484582,0.36947,0.577437,-0.0164632,0.00510998,0.816253,0.0174909,-0.145373,0.0267397,-0.0106768,0.0327835,1.91004,-0.0201464,0,0
990586039,0,-0.49921,-0.482424,0.370342,0.577921,-0.0201695,0.00758739,0.815808,-0.000212046,-0.136134,0.0167319,-0.0109428,0.0416908,1.90868,-0.037944,0,0
990614153,0,-0.49505,-0.481453,0.370642,0.578101,-0.0206408,0.0102887,0.815639,-0.0179873,-0.142664,0.00170235,-0.00708861,0.0455826,1.90826,-0.0455826,0,0
990655154,0,-0.49505,-0.481453,0.370642,0.578101,-0.0206408,0.0102887,0.815639,-0.0179873,-0.142664,0.00170235,-0.00708861,0.0455826,1.90826,-0.0455826,0,0
990686237,0,-0.489519,-0.480726,0.370593,0.578738,-0.0183272,0.0118319,0.815222,-0.0376016,-0.140989,-0.00428697,-0.00192378,0.0435904,1.90685,-0.0418215,0,0
990716332,0,-0.484798,-0.480681,0.370459,0.579455,-0.0166662,0.00835775,0.814791,-0.0454989,-0.123977,-0.00545504,-0.00569885,0.0368531,1.90512,-0.0329274,0,0
990752126,0,-0.480037,-0.481043,0.370416,0.580145,-0.0144946,0.00630805,0.81436,-0.055758,-0.121659,-0.00521332,-0.00654706,0.0309317,1.9035,-0.0329274,0,0
990785869,0,-0.475043,-0.481875,0.370207,0.580682,-0.00612889,0.00410068,0.814097,-0.0747808,-0.123433,-0.000800624,-0.000441212,0.0147419,1.90242,-0.0119133,0,0
990815933,0,-0.470348,-0.483017,0.370148,0.581055,-0.000594005,-0.00374851,0.813856,-0.0707727,-0.122252,-0.00529975,-0.00679189,-0.00338932,1.90155,0.00811077,0,0
990852122,0,-0.465662,-0.483941,0.369927,0.581229,0.000238099,-0.0069615,0.81371,-0.063287,-0.127541,-0.0113435,-0.0110531,-0.00848004,1.90113,0.00811077,0,0
990888442,0,-0.460278,-0.484603,0.36973,0.581231,-0.00210321,-0.00699343,0.813706,-0.0611221,-0.129709,-0.00834671,-0.0138267,-0.00470681,1.90111,0.00492553,0,0
990918808,0,-0.455403,-0.485032,0.369454,0.581005,-0.00234383,-0.00578163,0.813877,-0.0595203,-0.136212,-0.00811616,-0.012135,-0.00290314,1.90166,0.00278221,0,0
990954562,0,-0.450336,-0.485368,0.369256,0.580488,-0.00696086,-0.00393426,0.814229,-0.0436356,-0.118883,-0.00359433,-0.014489,0.00676793,1.90284,0.00278221,0,0
990985097,0,-0.445578,-0.485496,0.369064,0.580237,-0.0133508,0.00360849,0.814331,-0.0593681,-0.128592,-0.0143439,-0.00961962,0.0259344,1.90329,-0.0163154,0,0
991015629,0,-0.445578,-0.485496,0.369064,0.580237,-0.0133508,0.00360849,0.814331,-0.0593681,-0.128592,-0.0143439,-0.00961962,0.0259344,1.90329,-0.0163154,0,0
991055084,0,-0.440574,-0.486072,0.368563,0.580494,-0.0136226,0.00817147,0.81411,-0.069935,-0.135602,-0.00711621,-0.00251195,0.0316728,1.9027,-0.0321897,0,0
991084712,0,-0.435494,-0.487343,0.368722,0.580834,-0.00739005,0.00267708,0.813984,-0.0868954,-0.133262,0.00917513,-0.00422707,0.0151412,1.90201,-0.0321897,0,0
991115071,0,-0.430254,-0.488917,0.369302,0.581215,-0.00370671,-0.00919127,0.81369,-0.0844739,-0.135452,0.00913978,-0.0192679,-0.00465199,1.90113,0.00839491,0,0
991155081,0,-0.424352,-0.489937,0.369411,0.581577,-0.00391285,-0.0131905,0.813375,-0.0785542,-0.153698,-0.0107169,-0.0260129,-0.00897753,1.90024,0.00839491,0,0
991184805,0,-0.416798,-0.490781,0.368986,0.581495,0.000282239,-0.0109513,0.813477,-0.0811296,-0.183979,-0.0105657,-0.0174914,-0.0131958,1.90049,0.0131958,0,0
991215456,0,-0.410155,-0.491203,0.368825,0.581364,0.00136487,-0.0101476,0.813579,-0.0730702,-0.181183,-0.00744723,-0.0149268,-0.0140202,1.90081,0.0134868,0,0
991254979,0,-0.403898,-0.491726,0.368658,0.581254,-0.000882286,-0.0114775,0.813641,-0.0728345,-0.14896,-0.0124774,-0.0197055,-0.0119073,1.90108,0.0134868,0,0
991286369,0,-0.40472,-0.49426,0.366916,0.57422,-0.00688115,-0.0154301,0.818527,-0.0504596,0.155159,-0.0845272,-0.0331693,-0.00645581,1.9182,0.00736478,0,0
991314532,0,-0.410838,-0.498862,0.363503,0.563883,-0.00304996,-0.0154781,0.825704,-0.0628768,0.150176,-0.0574922,-0.0290066,-0.0124193,1.94344,0.00736478,0,0
991354605,0,-0.414398,-0.502701,0.36199,0.560072,0.00400691,-0.0120339,0.828347,-0.0625701,0.12412,-0.0183864,-0.015452,-0.0201193,1.95269,0.0139738,0,0
991386995,0,-0.417716,-0.506355,0.361955,0.561563,0.00722085,-0.00474669,0.827389,-0.0636916,0.111364,0.00331722,0.000255258,-0.0172809,1.94899,0.0189184,0,0
991415869,0,-0.420758,-0.509988,0.362675,0.566378,0.0136859,0.0042224,0.824021,-0.0622422,0.134318,0.0282285,0.0224669,-0.0177729,1.93704,0.0177729,0,0
991455235,0,-0.420758,-0.509988,0.362675,0.566378,0.0136859,0.0042224,0.824021,-0.0622422,0.134318,0.0282285,0.0224669,-0.0177729,1.93704,0.0177729,0,0
991487549,0,-0.42936,-0.517612,0.366122,0.575726,0.0175579,0.00268309,0.81745,-0.0488811,0.172374,0.063837,0.0246142,-0.0256188,1.91407,0.0213587,0,0
991519724,0,-0.435202,-0.520977,0.368646,0.578634,0.0123699,-0.00725568,0.815462,-0.0215044,0.195384,0.0684215,0.00248282,-0.028575,1.90731,0.0289149,0,0
991551677,0,-0.435202,-0.520977,0.368646,0.578634,0.0123699,-0.00725568,0.815462,-0.0215044,0.195384,0.0684215,0.00248282,-0.028575,1.90731,0.0289149,0,0
991586247,0,-0.441255,-0.523708,0.371023,0.57993,0.00715034,-0.012564,0.814538,-0.0137314,0.184551,0.0667514,-0.0121789,-0.026224,1.90432,0.0251655,0,0
991615076,0,-0.447718,-0.526454,0.373279,0.580231,0.00398609,-0.0106323,0.814373,-0.00842651,0.184481,0.0548955,-0.0126942,-0.0188318,1.9036,0.0157819,0,0
991653458,0,-0.453507,-0.52888,0.374861,0.580025,0.00190252,-0.0103397,0.814531,-0.0137131,0.175237,0.040939,-0.0146391,-0.0150944,1.90411,0.0157819,0,0
991686233,0,-0.459081,-0.531185,0.37586,0.579649,0.00275167,-0.0102912,0.814797,-0.0065678,0.164762,0.0280394,-0.0135827,-0.0164154,1.90503,0.0164154,0,0
991719028,0,-0.465104,-0.533332,0.377349,0.579108,0.0037755,-0.00777397,0.815205,0.00328458,0.152573,0.0439539,-0.00830295,-0.0151601,1.90633,0.0145729,0,0
991752837,0,-0.470304,-0.534594,0.379313,0.578446,0.00217603,-0.00829496,0.815676,0.0178926,0.151985,0.0626744,-0.0110157,-0.0131466,1.90797,0.0145729,0,0
991786848,0,-0.47525,-0.535646,0.381772,0.578227,0.00105486,-0.0108572,0.815803,0.0212681,0.145484,0.0675896,-0.0164972,-0.0142774,1.90852,0.0135729,0,0
991814408,0,-0.47525,-0.535646,0.381772,0.578227,0.00105486,-0.0108572,0.815803,0.0212681,0.145484,0.0675896,-0.0164972,-0.0142774,1.90852,0.0135729,0,0
991855885,0,-0.484046,-0.536481,0.385765,0.578253,-0.00298191,-0.0161767,0.815692,0.0404199,0.110164,0.0613556,-0.0298463,-0.0138442,1.90844,0.0160291,0,0
991884841,0,-0.487643,-0.536214,0.38786,0.577969,-0.00346431,-0.0165671,0.815883,0.0452433,0.0865804,0.060669,-0.0310459,-0.0134979,1.90912,0.0132955,0,0
991921920,0,-0.490714,-0.535646,0.389643,0.578153,-0.00221666,-0.017029,0.815747,0.0494464,0.0738809,0.0436756,-0.0303545,-0.016075,1.9087,0.016075,0,0
991961636,0,-0.490714,-0.535646,0.389643,0.578153,-0.00221666,-0.017029,0.815747,0.0494464,0.0738809,0.0436756,-0.0303545,-0.016075,1.9087,0.016075,0,0
991987496,0,-0.493998,-0.534556,0.391024,0.578695,-0.00348173,-0.0185611,0.815325,0.057105,0.0556154,0.0328953,-0.0343075,-0.0158057,1.90735,0.0152098,0,0
992014875,0,-0.496272,-0.53318,0.392139,0.578975,-0.00427805,-0.0190748,0.815111,0.0611784,0.0490184,0.0304766,-0.0360618,-0.015114,1.90665,0.0152098,0,0
992054882,0,-0.497954,-0.531802,0.393324,0.578869,0.000206443,-0.0175312,0.815232,0.0533508,0.0131328,0.0341002,-0.0283548,-0.0206346,1.90698,0.0186379,0,0
992087116,0,-0.499207,-0.529757,0.394891,0.578866,0.00382138,-0.0139895,0.815293,0.063833,0.00647771,0.0455693,-0.0183926,-0.0224291,1.90697,0.0224291,0,0
992116763,0,-0.500184,-0.527585,0.396861,0.579302,0.00277044,-0.0124796,0.815013,0.0717677,0.000160416,0.0517324,-0.0171362,-0.018976,1.9059,0.0181415,0,0
992154302,0,-0.500873,-0.525441,0.398894,0.579691,0.000217777,-0.0138545,0.814718,0.0677746,0.000598841,0.0612711,-0.0223274,-0.0164183,1.90494,0.0181415,0,0
992187497,0,-0.501202,-0.523313,0.40125,0.580148,-0.00159448,-0.0138898,0.814391,0.0574642,-0.0279743,0.0699018,-0.0244782,-0.0135196,1.9038,0.0136314,0,0
992214197,0,-0.500804,-0.521227,0.403725,0.580729,-0.000909031,-0.0123398,0.814003,0.0491474,-0.0404576,0.0702141,-0.0211483,-0.0128526,1.90237,0.0136314,0,0
992254282,0,-0.500219,-0.51939,0.406255,0.580939,1.21309e-05,-0.0110897,0.813871,0.0463386,-0.0325777,0.0796893,-0.0180396,-0.012905,1.90186,0.0128281,0,0
992287368,0,-0.500219,-0.51939,0.406255,0.580939,1.21309e-05,-0.0110897,0.813871,0.0463386,-0.0325777,0.0796893,-0.0180396,-0.012905,1.90186,0.0137934,0,0
992315963,0,-0.499341,-0.517317,0.409784,0.580992,0.00168724,-0.00957704,0.813851,0.0435111,-0.0508579,0.0922484,-0.0136297,-0.0138751,1.90173,0.0137934,0,0
992354843,0,-0.498366,-0.515426,0.41337,0.58101,0.00165708,-0.00835444,0.813852,0.0431695,-0.0554981,0.104066,-0.0116742,-0.0124056,1.90168,0.0124056,0,0
992387619,0,-0.495147,-0.512026,0.422229,0.580894,0.000390438,-0.0100892,0.813917,0.0168945,-0.064292,0.128334,-0.0159718,-0.0123574,1.90197,0.0111726,0,0
992416112,0,-0.495147,-0.512026,0.422229,0.580894,0.000390438,-0.0100892,0.813917,0.0168945,-0.064292,0.128334,-0.0159718,-0.0123574,1.90197,0.0159875,0,0
992452656,0,-0.492969,-0.510793,0.427432,0.580453,0.00229607,-0.0121448,0.8142,0.0102913,-0.0760412,0.149422,-0.0171147,-0.0178389,1.90307,0.0159875,0,0
992487185,0,-0.490375,-0.509671,0.432813,0.579767,0.00494714,-0.013741,0.814651,0.0037824,-0.0905718,0.157286,-0.0166575,-0.0239959,1.90475,0.0243341,0,0
992516534,0,-0.486817,-0.508405,0.43959,0.579094,0.00664383,-0.0126536,0.815135,0.0084245,-0.0968356,0.177547,-0.0129385,-0.0254892,1.90638,0.0253948,0,0
992549950,0,-0.483647,-0.507273,0.446385,0.578824,0.00661923,-0.0122013,0.815334,0.0104688,-0.101819,0.196589,-0.0122376,-0.0249212,1.90704,0.0253948,0,0
992581558,0,-0.483647,-0.507273,0.446385,0.578824,0.00661923,-0.0122013,0.815334,0.0104688,-0.101819,0.196589,-0.0122376,-0.0249212,1.90704,0.0253948,0,0
992615880,0,-0.476965,-0.504204,0.460252,0.579094,0.00757159,-0.0133695,0.815116,0.0236712,-0.107459,0.185472,-0.0130315,-0.0278314,1.90637,0.0277955,0,0
992655658,0,-0.473385,-0.502295,0.466056,0.579637,0.0082491,-0.0116632,0.81475,0.0244005,-0.111142,0.164989,-0.00944581,-0.026966,1.90501,0.0277955,0,0
992686268,0,-0.470033,-0.500502,0.471624,0.580178,0.00797454,-0.0116163,0.814368,0.0238191,-0.101839,0.162161,-0.00967013,-0.0264706,1.90369,0.0267318,0,0
992715911,0,-0.466862,-0.498659,0.477128,0.580666,0.00688694,-0.0123275,0.81402,0.0265689,-0.101878,0.158964,-0.0120759,-0.0255313,1.90251,0.0255313,0,0
992753861,0,-0.466862,-0.498659,0.477128,0.580666,0.00688694,-0.0123275,0.81402,0.0265689,-0.101878,0.158964,-0.0120759,-0.0255313,1.90251,0.0255313,0,0
992786214,0,-0.459507,-0.494219,0.488647,0.581289,0.00352255,-0.0173888,0.813504,0.0284714,-0.127766,0.143765,-0.0242069,-0.0259499,1.90106,0.0262363,0,0
992814393,0,-0.459507,-0.494219,0.488647,0.581289,0.00352255,-0.0173888,0.813504,0.0284714,-0.127766,0.143765,-0.0242069,-0.0259499,1.90106,0.0250399,0,0
992854999,0,-0.455611,-0.491765,0.493493,0.581306,0.00168692,-0.0190279,0.813461,0.0308443,-0.136338,0.131729,-0.0290086,-0.0248691,1.90103,0.0250399,0,0
992887324,0,-0.453259,-0.489468,0.49268,0.580816,-0.000196161,-0.0183498,0.813828,0.0353861,0.0151835,-0.178049,-0.0301062,-0.020998,1.90221,0.0218232,0,0
992915457,0,-0.453179,-0.487801,0.484556,0.58218,0.00176487,-0.0203597,0.812803,0.035067,-0.0418719,-0.154807,-0.0310578,-0.0265781,1.89889,0.0218232,0,0
992955270,0,-0.451931,-0.485755,0.480606,0.582376,0.00257253,-0.020642,0.812653,0.0437415,-0.0456798,-0.0893773,-0.0305701,-0.0282277,1.89842,0.0271931,0,0
992990295,0,-0.449914,-0.483344,0.479352,0.582479,0.00292176,-0.0203601,0.812586,0.0479998,-0.0923404,-0.0104308,-0.0297012,-0.0284708,1.89816,0.0284809,0,0
993021953,0,-0.447434,-0.480501,0.481848,0.581888,0.00395113,-0.0195342,0.813025,0.0541234,-0.0809844,0.105611,-0.0271802,-0.0291623,1.89961,0.0292318,0,0
993051089,0,-0.445226,-0.478037,0.486293,0.581326,0.00528213,-0.0163589,0.813489,0.0502363,-0.109165,0.118874,-0.0204835,-0.0276171,1.90095,0.0292318,0,0
993085215,0,-0.445541,-0.477789,0.482069,0.57959,0.001024,-0.017419,0.814722,0.00157208,0.0133912,-0.175654,-0.0272061,-0.0218621,1.90522,0.0220516,0,0
993117724,0,-0.446389,-0.478079,0.475764,0.580121,0.00346916,-0.0141644,0.8144,0.000827824,0.00478561,-0.0978813,-0.0190518,-0.0220865,1.9039,0.0220865,0,0
993152280,0,-0.446389,-0.478079,0.475764,0.580121,0.00346916,-0.0141644,0.8144,0.000827824,0.00478561,-0.0978813,-0.0190518,-0.0220865,1.9039,0.0220865,0,0
993184834,0,-0.445557,-0.477864,0.474419,0.58038,0.00487801,-0.0127459,0.814232,-0.00189987,-0.0292999,0.0369388,-0.0150984,-0.0227405,1.90324,0.0217806,0,0
993216153,0,-0.445557,-0.477864,0.474419,0.58038,0.00487801,-0.0127459,0.814232,-0.00189987,-0.0292999,0.0369388,-0.0150984,-0.0227405,1.90324,0.0235747,0,0
993253558,0,-0.444823,-0.477527,0.477058,0.580001,0.00571411,-0.012427,0.814501,0.00949464,-0.0210227,0.100812,-0.0136195,-0.0237259,1.90416,0.0235747,0,0
993287974,0,-0.444495,-0.476142,0.476765,0.579065,0.00272773,-0.014218,0.815153,0.050972,0.0174179,-0.161551,-0.0200264,-0.0209149,1.90649,0.0221749,0,0
993315149,0,-0.445737,-0.474279,0.470656,0.577948,0.00384468,-0.0179686,0.815867,0.045658,-0.00347742,-0.0809688,-0.0248876,-0.0270466,1.90927,0.0221749,0,0
993349307,0,-0.445957,-0.472447,0.470326,0.573501,0.00525295,-0.0195057,0.818956,0.0526545,-0.0262897,0.0197121,-0.0259388,-0.0309819,1.92016,0.029614,0,0
993383265,0,-0.445589,-0.470308,0.472381,0.567178,0.00643601,-0.0153865,0.823426,0.0389881,-0.0262449,0.00455575,-0.0180467,-0.0280567,1.9355,0.0280567,0,0
993415568,0,-0.446512,-0.470377,0.469633,0.561088,0.00286211,-0.0163744,0.827589,0.0105979,0.041632,-0.0830102,-0.0238994,-0.0231143,1.95028,0.0280567,0,0
993450939,0,-0.447587,-0.470514,0.467974,0.554838,0.00506395,-0.0167632,0.831774,0.0107326,0.0159035,-0.0062653,-0.0222771,-0.0270291,1.96535,0.0251201,0,0
993483274,0,-0.448404,-0.469811,0.467752,0.55107,0.00540736,-0.0118629,0.834357,0.036848,0.0377968,-0.0545107,-0.01384,-0.0220997,1.97434,0.02196,0,0
993518315,0,-0.450644,-0.468734,0.465115,0.549886,0.00643938,-0.0135085,0.835106,0.0547539,0.035911,-0.0284129,-0.0154859,-0.0256142,1.97719,0.0254588,0,0
993552519,0,-0.452291,-0.467415,0.464745,0.550094,0.00638877,-0.0122386,0.834988,0.0416625,0.0366884,-0.0487008,-0.0134136,-0.0241362,1.97667,0.0254588,0,0
993584244,0,-0.454887,-0.466156,0.462732,0.552838,0.00673774,-0.012204,0.833172,0.0612333,0.0592065,-0.0235662,-0.0128905,-0.0247235,1.97009,0.0248032,0,0
993616343,0,-0.456948,-0.464979,0.46164,0.557771,0.00668507,-0.0117845,0.829884,0.0483605,0.0350103,-0.0537323,-0.0121059,-0.0242442,1.95822,0.0242442,0,0
993654504,0,-0.456948,-0.464979,0.46164,0.557771,0.00668507,-0.0117845,0.829884,0.0483605,0.0350103,-0.0537323,-0.0121059,-0.0242442,1.95822,0.0242442,0,0
993688239,0,-0.461833,-0.462298,0.458867,0.570884,0.00622499,-0.0121477,0.820918,0.0668332,0.0454028,-0.0457805,-0.012841,-0.0240925,1.92645,0.0243633,0,0
993714967,0,-0.461833,-0.462298,0.458867,0.570884,0.00622499,-0.0121477,0.820918,0.0668332,0.0454028,-0.0457805,-0.012841,-0.0240925,1.92645,0.0244091,0,0
993751567,0,-0.464776,-0.460843,0.457551,0.579894,0.00544859,-0.0133665,0.814564,0.0637356,0.0667536,-0.0422609,-0.0154617,-0.0243812,1.90444,0.0244091,0,0
993784645,0,-0.468262,-0.459393,0.456216,0.590401,0.00469294,-0.0142019,0.806971,0.0712656,0.0969508,-0.0326202,-0.0173856,-0.0243462,1.87853,0.0242643,0,0
993815508,0,-0.472257,-0.457906,0.454922,0.60273,0.00452406,-0.0138686,0.797812,0.0744539,0.111577,-0.0325812,-0.016681,-0.023939,1.8478,0.0236003,0,0
993855078,0,-0.476721,-0.456317,0.453631,0.615393,0.00497988,-0.0127547,0.788102,0.0805928,0.118111,-0.0290066,-0.0139792,-0.0235498,1.81584,0.0236003,0,0
993887987,0,-0.482036,-0.454323,0.452435,0.626658,0.00708156,-0.0108451,0.779187,0.0692137,0.130544,-0.033212,-0.00802787,-0.0246306,1.78704,0.0246306,0,0
993913852,0,-0.485938,-0.452917,0.450894,0.634602,0.00749619,-0.0106887,0.772729,0.0667975,0.0889763,-0.0357146,-0.007007,-0.0251538,1.76655,0.0246306,0,0
993952677,0,-0.489011,-0.45115,0.449795,0.640914,0.00698514,-0.0111772,0.7675,0.0608503,0.068184,-0.0376904,-0.00820592,-0.0250521,1.75017,0.0253141,0,0
993984367,0,-0.491478,-0.449571,0.448648,0.645194,0.00646547,-0.0110582,0.763912,0.0539933,0.0637164,-0.0291671,-0.00855455,-0.0241497,1.739,0.0241482,0,0
994014831,0,-0.493211,-0.448005,0.447381,0.64685,0.00618151,-0.0109012,0.762514,0.0524999,0.0306913,-0.044212,-0.00863008,-0.023532,1.73467,0.0235928,0,0
994049532,0,-0.494478,-0.446334,0.446328,0.646294,0.00642547,-0.0109831,0.762982,0.0525109,0.0377762,-0.0265697,-0.00845688,-0.024004,1.73612,0.0235928,0,0
994086557,0,-0.495097,-0.444723,0.444925,0.644569,0.00576266,-0.0117042,0.764435,0.0465714,0.00340471,-0.0391521,-0.0104685,-0.0239009,1.74066,0.0239388,0,0
994115550,0,-0.495879,-0.443141,0.443816,0.64257,0.00626778,-0.0117301,0.766112,0.0467302,0.026368,-0.0310117,-0.00992138,-0.024681,1.74587,0.024696,0,0
994149933,0,-0.495879,-0.443141,0.443816,0.64257,0.00626778,-0.0117301,0.766112,0.0467302,0.026368,-0.0310117,-0.00992138,-0.024681,1.74587,0.024696,0,0
994184143,0,-0.496453,-0.441753,0.442445,0.640355,0.00661867,-0.0126408,0.767946,0.0382597,0.00293959,-0.042976,-0.0109423,-0.0263578,1.75165,0.0270086,0,0
994214779,0,-0.497737,-0.438965,0.440013,0.636915,0.00627997,-0.0142821,0.770776,0.0361342,0.00438941,-0.0378884,-0.0140229,-0.0278775,1.76061,0.0278775,0,0
994254316,0,-0.497737,-0.438965,0.440013,0.636915,0.00627997,-0.0142821,0.770776,0.0361342,0.00438941,-0.0378884,-0.0140229,-0.0278775,1.76061,0.0278775,0,0
994285461,0,-0.499109,-0.436568,0.43761,0.635405,0.00449507,-0.0164475,0.771991,0.0402991,0.0134646,-0.0351004,-0.0196911,-0.0278455,1.76456,0.0278739,0,0
994316529,0,-0.500084,-0.435275,0.436588,0.635568,0.00454329,-0.0165932,0.771853,0.0422559,0.0312381,-0.0254825,-0.019849,-0.0281094,1.76414,0.027881,0,0
994351659,0,-0.500084,-0.435275,0.436588,0.635568,0.00454329,-0.0165932,0.771853,0.0422559,0.0312381,-0.0254825,-0.019849,-0.0281094,1.76414,0.027881,0,0
994382795,0,-0.501095,-0.43417,0.435317,0.635867,0.00357627,-0.0177258,0.771587,0.0363941,0.0173743,-0.0354973,-0.0228168,-0.0280649,1.76338,0.027949,0,0
994416240,0,-0.50208,-0.432882,0.434367,0.636089,0.00317343,-0.017856,0.771403,0.0339368,0.0139258,-0.0288279,-0.0235222,-0.0276154,1.76281,0.0270238,0,0
994454704,0,-0.503062,-0.431791,0.432985,0.635951,0.00174768,-0.0187204,0.7715,0.0289011,0.00452908,-0.0411136,-0.0266753,-0.0265103,1.76317,0.0270238,0,0
994487605,0,-0.503737,-0.430951,0.432084,0.635566,0.00172728,-0.019025,0.77181,0.0337385,0.00773298,-0.0347874,-0.0271849,-0.0268528,1.76417,0.0269388,0,0
994515267,0,-0.504725,-0.429811,0.430715,0.635086,0.00126324,-0.0198939,0.772184,0.0272655,0.0102613,-0.0399455,-0.0291339,-0.0272229,1.76542,0.0269388,0,0
994555009,0,-0.505517,-0.428978,0.429751,0.634679,0.00137364,-0.0196456,0.772525,0.0298852,0.0122683,-0.0339843,-0.0286242,-0.0270629,1.76648,0.0273547,0,0
994587215,0,-0.506536,-0.42814,0.428832,0.634346,0.00196688,-0.0186678,0.772821,0.0264754,0.0362084,-0.0225706,-0.0263708,-0.0267269,1.76733,0.0269167,0,0
994616716,0,-0.507751,-0.427697,0.427875,0.634058,0.00140117,-0.0173018,0.77309,0.022003,0.0368056,-0.0205999,-0.0249848,-0.0241096,1.76807,0.0233486,0,0
994653460,0,-0.509048,-0.427412,0.427205,0.633896,0.00330837,-0.0135447,0.773292,0.0168586,0.0367901,-0.0264045,-0.0167586,-0.0222904,1.76846,0.0233486,0,0
994687710,0,-0.509048,-0.427412,0.427205,0.633896,0.00330837,-0.0135447,0.773292,0.0168586,0.0367901,-0.0264045,-0.0167586,-0.0222904,1.76846,0.0233486,0,0
994714928,0,-0.511019,-0.426825,0.425798,0.63378,0.00486742,-0.0127176,0.773394,0.0355576,0.0627265,-0.023717,-0.0135058,-0.0236513,1.76874,0.0230151,0,0
994754643,0,-0.514272,-0.425371,0.42357,0.634361,0.0059872,-0.0113318,0.77293,0.0227395,0.0362136,-0.0282271,-0.00992417,-0.0236345,1.76721,0.0239999,0,0
994787982,0,-0.515338,-0.42454,0.422642,0.634788,0.00601245,-0.0116434,0.772575,0.0290876,0.0166481,-0.0283824,-0.0103607,-0.0240746,1.76611,0.0238578,0,0
994816339,0,-0.515338,-0.42454,0.422642,0.634788,0.00601245,-0.0116434,0.772575,0.0290876,0.0166481,-0.0283824,-0.0103607,-0.0240746,1.76611,0.0238578,0,0
994854496,0,-0.516086,-0.423831,0.421828,0.634982,0.00575085,-0.0119645,0.772413,0.0272782,0.0177419,-0.0268281,-0.0111832,-0.0240809,1.76561,0.0240809,0,0
994884900,0,-0.517039,-0.422963,0.420689,0.635183,0.00478247,-0.0128475,0.77224,0.0231856,0.0234339,-0.0262208,-0.0137716,-0.0237097,1.76511,0.0238203,0,0
994915733,0,-0.518581,-0.421604,0.418947,0.63498,0.00501819,-0.0127338,0.772408,0.0263371,0.00884738,-0.0189408,-0.0133026,-0.0239258,1.76563,0.0236552,0,0
994952770,0,-0.518581,-0.421604,0.418947,0.63498,0.00501819,-0.0127338,0.772408,0.0263371,0.00884738,-0.0189408,-0.0133026,-0.0239258,1.76563,0.0236552,0,0
994984995,0,-0.519498,-0.420772,0.418013,0.634865,0.00419404,-0.0136805,0.772491,0.0216614,0.022189,-0.0332125,-0.015816,-0.0238525,1.76595,0.0240704,0,0
995013911,0,-0.52051,-0.420026,0.417031,0.634785,0.00433763,-0.0135511,0.772558,0.0275853,0.0147631,-0.0245627,-0.0154361,-0.0239085,1.76615,0.0243298,0,0
995050447,0,-0.521499,-0.419276,0.416239,0.634659,0.00481354,-0.0133493,0.772662,0.0260569,0.0376621,-0.0182539,-0.014524,-0.0243854,1.76647,0.0243298,0,0
995090025,0,-0.522459,-0.418731,0.415372,0.634637,0.00413294,-0.0134461,0.772682,0.0178134,0.0216556,-0.0263335,-0.0155382,-0.0234559,1.76653,0.0234559,0,0
995120253,0,-0.523558,-0.418013,0.414599,0.634481,0.00489055,-0.0129107,0.772815,0.0283466,0.0200271,-0.0265507,-0.0137537,-0.0239445,1.76693,0.0234559,0,0
995151744,0,-0.524757,-0.417208,0.413762,0.633593,0.0057665,-0.0123951,0.773546,0.0320309,0.0316579,-0.00849802,-0.011873,-0.0246307,1.76921,0.0241229,0,0
995182648,0,-0.525718,-0.416557,0.413093,0.632257,0.0056086,-0.0124587,0.774638,0.0150298,0.0225394,-0.0353752,-0.0122138,-0.024446,1.77266,0.0248785,0,0
995220848,0,-0.526746,-0.416094,0.412329,0.631152,0.00575754,-0.0119252,0.775546,0.0163042,0.0134707,-0.0231912,-0.0112327,-0.023986,1.77551,0.0238993,0,0
995253449,0,-0.527774,-0.415439,0.411574,0.630206,0.00609283,-0.0118747,0.776313,0.0291411,0.0293847,-0.0199802,-0.010761,-0.0244294,1.77794,0.0238993,0,0
995284248,0,-0.527774,-0.415439,0.411574,0.630206,0.00609283,-0.0118747,0.776313,0.0291411,0.0293847,-0.0199802,-0.010761,-0.0244294,1.77794,0.0246397,0,0
995321224,0,-0.529629,-0.414071,0.409936,0.627834,0.00516359,-0.0129365,0.778223,0.0182213,0.022996,-0.026954,-0.0136556,-0.0242832,1.78407,0.0243607,0,0
995350613,0,-0.529629,-0.414071,0.409936,0.627834,0.00516359,-0.0129365,0.778223,0.0182213,0.022996,-0.026954,-0.0136556,-0.0242832,1.78407,0.0243607,0,0
995383814,0,-0.530427,-0.413566,0.40928,0.62691,0.00526104,-0.0124919,0.778974,0.0206112,0.0138504,-0.0168445,-0.0128694,-0.0238613,1.78644,0.0238169,0,0
995418740,0,-0.532339,-0.412213,0.40757,0.629347,0.00255808,-0.0158207,0.776959,0.0272738,0.019345,-0.0226076,-0.021372,-0.0238907,1.78022,0.0240315,0,0
995452838,0,-0.532339,-0.412213,0.40757,0.629347,0.00255808,-0.0158207,0.776959,0.0272738,0.019345,-0.0226076,-0.021372,-0.0238907,1.78022,0.0240315,0,0
995482465,0,-0.533465,-0.411404,0.407003,0.63266,0.00188561,-0.0163767,0.774254,0.0332022,0.0217882,-0.0247701,-0.022982,-0.0236439,1.77167,0.0235907,0,0
995519895,0,-0.535133,-0.410215,0.406462,0.638682,0.002325,-0.0151695,0.769318,0.0460292,0.0419665,-0.0176795,-0.0203772,-0.0229563,1.75606,0.0233592,0,0
995552088,0,-0.537263,-0.408677,0.405859,0.648257,0.00269336,-0.01485,0.761272,0.0488733,0.0538892,-0.0219278,-0.0191242,-0.0233561,1.73104,0.0233592,0,0
995582253,0,-0.539638,-0.407258,0.405045,0.659397,0.00106555,-0.0159761,0.751625,0.0509458,0.0549393,-0.0217282,-0.0226186,-0.022673,1.70159,0.0226047,0,0
995621227,0,-0.542102,-0.405409,0.404683,0.672472,0.00195425,-0.0143678,0.739981,0.0602035,0.0763563,-0.00909702,-0.0186411,-0.0222179,1.66652,0.0228267,0,0
995649202,0,-0.545019,-0.403579,0.404124,0.685523,0.00226201,-0.0143421,0.727906,0.0557559,0.0853276,-0.0226845,-0.0177837,-0.0229588,1.63095,0.0228267,0,0
995687483,0,-0.548513,-0.40193,0.40327,0.698133,0.00089533,-0.0154979,0.7158,0.0477771,0.0889224,-0.0197136,-0.0209437,-0.0229229,1.59603,0.0229229,0,0
995718128,0,-0.552079,-0.40031,0.402828,0.709059,0.00149093,-0.0151734,0.704985,0.039691,0.114022,-0.00859648,-0.0192863,-0.023622,1.56526,0.02373,0,0
995747829,0,-0.555495,-0.399235,0.402296,0.718307,0.00229747,-0.0136375,0.695589,0.0300915,0.0938159,-0.00914686,-0.0156763,-0.02279,1.53884,0.02373,0,0
995781931,0,-0.558532,-0.398367,0.402081,0.725345,0.00405628,-0.0112673,0.688281,0.0138237,0.0879435,-0.0115975,-0.00962826,-0.0219309,1.51847,0.0216404,0,0
995820596,0,-0.561451,-0.397591,0.401433,0.728897,0.00600008,-0.00936221,0.684533,0.0161749,0.0711001,-0.0174957,-0.0040716,-0.0218644,1.50809,0.0221996,0,0
995852438,0,-0.5633,-0.396879,0.400808,0.730243,0.00573513,-0.0100585,0.683089,0.0184556,0.0547196,-0.0102058,-0.00536706,-0.0225275,1.50415,0.0221996,0,0
995880487,0,-0.564016,-0.396391,0.400422,0.729583,0.00462212,-0.0106812,0.683794,0.00598006,0.0129646,-0.0121522,-0.00786499,-0.0219085,1.50611,0.0221236,0,0
995922388,0,-0.564201,-0.396244,0.400073,0.727595,0.00468697,-0.0105644,0.68591,0.00197403,0.00143131,-0.012511,-0.00767387,-0.0218046,1.51192,0.0216905,0,0
995952205,0,-0.564201,-0.396244,0.400073,0.727595,0.00468697,-0.0105644,0.68591,0.00197403,0.00143131,-0.012511,-0.00767387,-0.0218046,1.51192,0.0216905,0,0
995980064,0,-0.563999,-0.396323,0.399455,0.723222,0.00458776,-0.0106725,0.690518,-0.00347707,-0.00482535,-0.00981103,-0.00810523,-0.0217748,1.52463,0.0218944,0,0
996020181,0,-0.563194,-0.396941,0.398607,0.716351,0.00326585,-0.0117492,0.697633,-0.00871928,-0.00779918,-0.00981188,-0.0117173,-0.0213915,1.54445,0.0211665,0,0
996051435,0,-0.563194,-0.396941,0.398607,0.716351,0.00326585,-0.0117492,0.697633,-0.00871928,-0.00779918,-0.00981188,-0.0117173,-0.0213915,1.54445,0.0211665,0,0
996079591,0,-0.563146,-0.397084,0.397944,0.715856,0.000693686,-0.0140994,0.698105,0.000580015,0.00200552,-0.0153957,-0.0186979,-0.0211564,1.54589,0.0208577,0,0
996120920,0,-0.563314,-0.396923,0.397297,0.716165,-0.000694583,-0.01582,0.697751,0.00343819,0.0129755,-0.0158206,-0.0230792,-0.0216918,1.545,0.0235773,0,0
996154183,0,-0.56395,-0.396406,0.396536,0.717602,-9.67192e-05,-0.0172194,0.69624,0.0166305,0.0308468,-0.0142579,-0.0241261,-0.0245812,1.54088,0.0235773,0,0
996187035,0,-0.564775,-0.395764,0.395831,0.720044,-0.000634633,-0.0196098,0.693651,0.0139447,0.0223363,-0.0216734,-0.0281329,-0.0273629,1.53385,0.0275828,0,0
996212785,0,-0.564775,-0.395764,0.395831,0.720044,-0.000634633,-0.0196098,0.693651,0.0139447,0.0223363,-0.0216734,-0.0281329,-0.0273629,1.53385,0.0275828,0,0
996249485,0,-0.566835,-0.394539,0.394708,0.725191,-0.000878964,-0.02239,0.688183,0.0102177,0.0208741,-0.0185618,-0.0321129,-0.0312693,1.51894,0.0305214,0,0
996282616,0,-0.566835,-0.394539,0.394708,0.725191,-0.000878964,-0.02239,0.688183,0.0102177,0.0208741,-0.0185618,-0.0321129,-0.0312693,1.51894,0.0305214,0,0
996315405,0,-0.568532,-0.394352,0.393874,0.726805,-0.000362341,-0.0228446,0.686463,-0.0048975,0.0143396,-0.015992,-0.0319132,-0.0327155,1.51424,0.0324985,0,0
996349760,0,-0.569234,-0.394498,0.393517,0.727252,-0.000201439,-0.0219873,0.686019,-0.00347896,0.0244803,-0.000581758,-0.0304804,-0.0317095,1.51295,0.0324985,0,0
996380731,0,-0.569737,-0.394771,0.393316,0.727485,-0.00119499,-0.0220585,0.685767,-0.0155958,0.0113947,-0.0111197,-0.032013,-0.0304603,1.51226,0.0305964,0,0
996420041,0,-0.570386,-0.39511,0.393093,0.727325,-0.000675218,-0.0203857,0.68599,-0.010459,0.0121078,-0.00226039,-0.028967,-0.0287317,1.51273,0.0286117,0,0
996451687,0,-0.570988,-0.3955,0.39289,0.726999,-0.000603895,-0.0194717,0.686362,-0.0122174,0.0253772,-0.00623229,-0.0276213,-0.0274863,1.51369,0.0286117,0,0
996480920,0,-0.570988,-0.3955,0.39289,0.726999,-0.000603895,-0.0194717,0.686362,-0.0122174,0.0253772,-0.00623229,-0.0276213,-0.0274863,1.51369,0.0286117,0,0
996520248,0,-0.572814,-0.39602,0.392324,0.726873,0.000613895,-0.0170642,0.68656,-0.00847832,0.0371295,-0.00507171,-0.0225481,-0.0256528,1.51406,0.0256528,0,0
996550716,0,-0.572814,-0.39602,0.392324,0.726873,0.000613895,-0.0170642,0.68656,-0.00847832,0.0371295,-0.00507171,-0.0225481,-0.0256528,1.51406,0.0256528,0,0
996581968,0,-0.573937,-0.396183,0.392081,0.727255,0.00180436,-0.0151378,0.686198,-0.00641157,0.0375622,0.00411403,-0.0181571,-0.0244968,1.51294,0.0239585,0,0
996620201,0,-0.574914,-0.396614,0.391937,0.727842,0.00186683,-0.0132404,0.685614,-0.0163549,0.0302203,-0.000752062,-0.0154424,-0.0218355,1.51123,0.0202164,0,0
996652460,0,-0.576162,-0.397282,0.391676,0.728104,0.00422524,-0.0101918,0.685378,-0.0138277,0.0423745,-0.0149604,-0.00781944,-0.0206347,1.51044,0.0202164,0,0
996687241,0,-0.577595,-0.397378,0.391006,0.728062,0.00483171,-0.0100846,0.68542,0.000435935,0.0407067,-0.00527631,-0.00679045,-0.0213096,1.51055,0.0216582,0,0
996720104,0,-0.578127,-0.397446,0.390559,0.728446,0.0043218,-0.0106771,0.685006,-0.00796708,0.0146775,-0.0158282,-0.00833337,-0.021478,1.50944,0.0218626,0,0
996753097,0,-0.578275,-0.39777,0.39024,0.72851,0.00400232,-0.0108816,0.684937,-0.0146613,0.00108036,-0.0111902,-0.00907715,-0.021339,1.50926,0.0218626,0,0
996779133,0,-0.578294,-0.39825,0.389808,0.728208,0.00435338,-0.0105379,0.685261,-0.00821046,0.0101797,0.00345599,-0.00810402,-0.0213156,1.51013,0.0213156,0,0
996820284,0,-0.578626,-0.398578,0.389468,0.727485,0.00345752,-0.0115967,0.686017,-0.012679,0.0120219,-0.00983824,-0.0108833,-0.0216184,1.51226,0.0210607,0,0
996852720,0,-0.579045,-0.398903,0.389078,0.72701,0.00398466,-0.0112338,0.686524,-0.0056054,0.00777423,-0.0033705,-0.00963322,-0.021807,1.51363,0.0210607,0,0
996879437,0,-0.579045,-0.398903,0.389078,0.72701,0.00398466,-0.0112338,0.686524,-0.0056054,0.00777423,-0.0033705,-0.00963322,-0.021807,1.51363,0.0214835,0,0
996920360,0,-0.579661,-0.399646,0.388462,0.72407,0.00388639,-0.0111528,0.689625,-0.013251,0.00660084,-0.00238255,-0.00975685,-0.0215128,1.52218,0.0215944,0,0
996952717,0,-0.579871,-0.400272,0.38821,0.721023,0.00420785,-0.0111114,0.692809,-0.0154155,0.00387602,-0.0061832,-0.0093306,-0.0218554,1.53099,0.0215944,0,0
996980667,0,-0.579871,-0.400272,0.38821,0.721023,0.00420785,-0.0111114,0.692809,-0.0154155,0.00387602,-0.0061832,-0.0093306,-0.0218554,1.53099,0.0217766,0,0
997019470,0,-0.580307,-0.401433,0.387493,0.715475,0.00440017,-0.0106905,0.698542,-0.0169518,0.00303344,-0.0117948,-0.00864125,-0.0214467,1.54694,0.0214467,0,0
997052563,0,-0.580307,-0.401433,0.387493,0.715475,0.00440017,-0.0106905,0.698542,-0.0169518,0.00303344,-0.0117948,-0.00864125,-0.0214467,1.54694,0.0214467,0,0
997082785,0,-0.580362,-0.401977,0.387242,0.712847,0.00389198,-0.0113315,0.701218,-0.0172748,0.00732807,-0.010388,-0.0103455,-0.0216152,1.55446,0.0222432,0,0
997117984,0,-0.580343,-0.402544,0.38689,0.710346,0.00364918,-0.0119989,0.703741,-0.0159251,0.00901005,0.00302345,-0.011707,-0.0221847,1.56159,0.0223139,0,0
997153342,0,-0.58035,-0.403177,0.386576,0.708916,0.00387803,-0.0118435,0.705183,-0.0104207,0.00639724,-0.00238608,-0.0112083,-0.0222634,1.56564,0.0223139,0,0
997181471,0,-0.580604,-0.40357,0.386258,0.709061,0.00400015,-0.0115279,0.705041,-0.010126,0.00256091,-0.005593,-0.0105854,-0.0219904,1.56523,0.0218796,0,0
997227380,0,-0.581335,-0.403794,0.385953,0.711204,0.00270755,-0.0130109,0.70286,-0.00574536,0.0228785,-0.0179309,-0.0144426,-0.0223148,1.55916,0.0218796,0,0
997252692,0,-0.582344,-0.403733,0.385735,0.715058,0.00161803,-0.0138795,0.698925,-0.00728462,0.0221162,-0.0180521,-0.0170925,-0.0221128,1.54817,0.0220881,0,0
997282828,0,-0.584247,-0.403618,0.385292,0.722005,0.00103931,-0.0133595,0.691758,0.0044561,0.0592546,-0.00853336,-0.0169868,-0.0207307,1.52819,0.0220881,0,0
997319831,0,-0.586229,-0.403158,0.38523,0.729318,0.00193466,-0.0130777,0.684047,0.00786026,0.0517667,-0.014132,-0.0150737,-0.0217241,1.50692,0.0213848,0,0
997352473,0,-0.589018,-0.402701,0.384866,0.737285,0.00107195,-0.0135517,0.675446,0.000620474,0.0885721,-0.00421864,-0.0167308,-0.0214327,1.48349,0.0213848,0,0
997383146,0,-0.591946,-0.402368,0.384727,0.745027,0.00193215,-0.0122372,0.66692,-1.22669e-05,0.0752216,-0.00984306,-0.0134467,-0.0208127,1.46041,0.0212228,0,0
997421416,0,-0.594671,-0.40208,0.384561,0.75094,0.00394517,-0.0103307,0.660278,0.00384243,0.0973525,0.00827286,-0.00771877,-0.0207267,1.44256,0.021067,0,0
997452880,0,-0.597301,-0.401748,0.384164,0.754576,0.00453462,-0.0100538,0.65612,-0.000677661,0.0514663,-0.024723,-0.00635108,-0.0211249,1.4315,0.021067,0,0
997482108,0,-0.598947,-0.401491,0.384031,0.756639,0.00531286,-0.0103509,0.653729,-0.00459417,0.0585952,0.000613746,-0.005495,-0.0226121,1.42518,0.0223234,0,0
997519476,0,-0.600248,-0.401995,0.383499,0.75624,0.00533665,-0.0102531,0.654193,-0.0140495,0.0302258,-0.00206978,-0.00534474,-0.0224918,1.4264,0.0226204,0,0
997552945,0,-0.600248,-0.401995,0.383499,0.75624,0.00533665,-0.0102531,0.654193,-0.0140495,0.0302258,-0.00206978,-0.00534474,-0.0224918,1.4264,0.0226204,0,0
997579809,0,-0.600549,-0.402486,0.383422,0.752753,0.00466467,-0.0101815,0.658208,-0.0154784,-0.0065451,-0.00616704,-0.00638195,-0.0214706,1.43705,0.0211384,0,0
997620312,0,-0.599336,-0.404498,0.382848,0.740979,0.00490529,-0.0105956,0.671426,-0.0362297,-0.036489,-0.00662909,-0.00696074,-0.0222912,1.47246,0.0219856,0,0
997653111,0,-0.599336,-0.404498,0.382848,0.740979,0.00490529,-0.0105956,0.671426,-0.0362297,-0.036489,-0.00662909,-0.00696074,-0.0222912,1.47246,0.0219856,0,0
997683887,0,-0.598186,-0.406115,0.382595,0.732468,0.00478777,-0.0106999,0.6807,-0.0473466,-0.048452,-0.00645513,-0.00755501,-0.0221946,1.49765,0.0219856,0,0
997719725,0,-0.595684,-0.409022,0.381872,0.718726,0.000399261,-0.0143056,0.695147,-0.0326091,-0.0295909,-0.00812878,-0.0193206,-0.0211203,1.53765,0.0209927,0,0
997752690,0,-0.595684,-0.409022,0.381872,0.718726,0.000399261,-0.0143056,0.695147,-0.0326091,-0.0295909,-0.00812878,-0.0193206,-0.0211203,1.53765,0.0209927,0,0
997782103,0,-0.594437,-0.410238,0.381333,0.714717,0.000499056,-0.0152625,0.699248,-0.0274255,-0.0357057,0.00407545,-0.0206379,-0.0225165,1.54915,0.0222028,0,0
997821135,0,-0.593817,-0.411306,0.380966,0.712577,0.000217168,-0.016114,0.701409,-0.0284759,-0.0102562,-0.0104433,-0.0223034,-0.0232717,1.55526,0.0235858,0,0
997853240,0,-0.593882,-0.412159,0.380631,0.711458,-0.00115831,-0.0179489,0.702498,-0.019487,0.0064659,-0.0106216,-0.0268773,-0.0239147,1.55844,0.0235858,0,0
997881574,0,-0.593882,-0.412159,0.380631,0.711458,-0.00115831,-0.0179489,0.702498,-0.019487,0.0064659,-0.0106216,-0.0268773,-0.0239147,1.55844,0.0235858,0,0
997917772,0,-0.594927,-0.412954,0.379717,0.710851,-0.000730243,-0.0210882,0.703026,-0.0135901,0.0222461,-0.0216869,-0.0307069,-0.0289584,1.56017,0.0295437,0,0
997953306,0,-0.595542,-0.413274,0.379219,0.711678,-0.000936517,-0.0226528,0.70214,-0.00986276,0.00957624,-0.00822647,-0.0331658,-0.0309328,1.55782,0.0295437,0,0
997982733,0,-0.596216,-0.413565,0.378971,0.712371,-0.00128984,-0.0231546,0.701419,-0.00972187,0.0252004,-0.00228516,-0.0343433,-0.031185,1.55584,0.0312263,0,0
998019805,0,-0.59705,-0.414042,0.378711,0.713149,-0.00135146,-0.0232071,0.700627,-0.0155459,0.0259139,-0.00900635,-0.0344702,-0.0312115,1.55362,0.0312115,0,0
998052947,0,-0.59705,-0.414042,0.378711,0.713149,-0.00135146,-0.0232071,0.700627,-0.0155459,0.0259139,-0.00900635,-0.0344702,-0.0312115,1.55362,0.0312115,0,0
998084543,0,-0.597839,-0.414731,0.378535,0.713864,-0.00165694,-0.0233381,0.699894,-0.018715,0.0250461,0.00456474,-0.0350581,-0.031006,1.55158,0.0312115,0,0
998121720,0,-0.599515,-0.416281,0.378533,0.714745,-0.00108667,-0.0205619,0.699082,-0.02483,0.0146492,-0.00388305,-0.0303186,-0.0278772,1.54906,0.0284384,0,0
998151126,0,-0.599515,-0.416281,0.378533,0.714745,-0.00108667,-0.0205619,0.699082,-0.02483,0.0146492,-0.00388305,-0.0303186,-0.0278772,1.54906,0.0284384,0,0
998180790,0,-0.600176,-0.416996,0.378563,0.714888,-0.000529761,-0.0193015,0.698973,-0.0190938,0.0234253,0.00658449,-0.0277534,-0.0268594,1.54866,0.0264069,0,0
998219837,0,-0.601932,-0.418564,0.378754,0.714991,0.000423745,-0.0155192,0.698961,-0.0206143,0.0402585,0.013942,-0.0210957,-0.0227865,1.54836,0.0234634,0,0
998258621,0,-0.601932,-0.418564,0.378754,0.714991,0.000423745,-0.0155192,0.698961,-0.0206143,0.0402585,0.013942,-0.0210957,-0.0227865,1.54836,0.0234634,0,0
998286672,0,-0.603439,-0.419453,0.378938,0.715245,0.00180998,-0.012783,0.698755,-0.0204528,0.0465018,0.00633565,-0.0152791,-0.0208169,1.54763,0.0234634,0,0
998320055,0,-0.604978,-0.419999,0.378649,0.715555,0.00267926,-0.0123965,0.698441,-0.0137995,0.0307271,-0.0119649,-0.0134857,-0.021485,1.54674,0.0220909,0,0
998353029,0,-0.606437,-0.420232,0.378569,0.716014,0.00504004,-0.0110543,0.697981,-0.00869866,0.0526552,0.00750601,-0.0082161,-0.0228677,1.54539,0.0220909,0,0
998382626,0,-0.607776,-0.420735,0.378426,0.716781,0.00492158,-0.0107162,0.697199,-0.0197749,0.0344794,-0.00550573,-0.0078893,-0.0222268,1.54319,0.0225953,0,0
998417866,0,-0.608707,-0.421519,0.378402,0.717202,0.0050135,-0.00982052,0.696778,-0.0214327,0.0250078,-0.00212307,-0.00649556,-0.0210747,1.54198,0.0214213,0,0
998452147,0,-0.609198,-0.422267,0.37821,0.717047,0.00465951,-0.0104575,0.696931,-0.0202721,0.017811,0.00126986,-0.00789603,-0.0214934,1.54243,0.0214213,0,0
998479428,0,-0.609198,-0.422267,0.37821,0.717047,0.00465951,-0.0104575,0.696931,-0.0202721,0.017811,0.00126986,-0.00789603,-0.0214934,1.54243,0.0212493,0,0
998520359,0,-0.610314,-0.423713,0.377858,0.716378,0.00395634,-0.0113767,0.697608,-0.0186965,0.0211303,-0.00235417,-0.0102071,-0.0218218,1.54436,0.0214576,0,0
998553483,0,-0.610866,-0.424454,0.377706,0.715818,0.0031278,-0.0118703,0.698179,-0.0236794,0.0169586,-0.00739368,-0.0121004,-0.0213631,1.54598,0.0214576,0,0
998582700,0,-0.610866,-0.424454,0.377706,0.715818,0.0031278,-0.0118703,0.698179,-0.0236794,0.0169586,-0.00739368,-0.0121004,-0.0213631,1.54598,0.0218326,0,0
998616207,0,-0.612185,-0.425635,0.377443,0.715421,0.00394253,-0.011797,0.698583,-0.0130471,0.0213576,0.00218577,-0.0108441,-0.0223899,1.5471,0.0223899,0,0
998650187,0,-0.612185,-0.425635,0.377443,0.715421,0.00394253,-0.011797,0.698583,-0.0130471,0.0213576,0.00218577,-0.0108441,-0.0223899,1.5471,0.0223899,0,0
998689108,0,-0.613948,-0.427224,0.377339,0.715233,0.00363263,-0.0114067,0.698783,-0.0215967,0.0173995,0.00100955,-0.0107479,-0.0213953,1.54765,0.0214131,0,0
998715619,0,-0.613948,-0.427224,0.377339,0.715233,0.00363263,-0.0114067,0.698783,-0.0215967,0.0173995,0.00100955,-0.0107479,-0.0213953,1.54765,0.0214131,0,0
998747120,0,-0.614968,-0.427908,0.377117,0.715295,0.00354602,-0.0116834,0.698716,-0.0192329,0.0259005,-0.00141398,-0.0112567,-0.0216711,1.54747,0.0216613,0,0
998780396,0,-0.615809,-0.42846,0.376999,0.715482,0.00452622,-0.0110646,0.698529,-0.017796,0.0142903,-0.00643377,-0.00898343,-0.0221583,1.54692,0.0222082,0,0
998814423,0,-0.616668,-0.429045,0.376895,0.715452,0.00468056,-0.0108763,0.698562,-0.0209926,0.013268,-0.00465594,-0.00850024,-0.022104,1.547,0.0218304,0,0
998850748,0,-0.617399,-0.43003,0.376805,0.715391,0.00410118,-0.0111169,0.698624,-0.0294754,0.0117488,-0.0100538,-0.00966763,-0.021638,1.54719,0.0218304,0,0
998881055,0,-0.618242,-0.4308,0.376664,0.714817,0.00442863,-0.0107989,0.699214,-0.0167225,0.0191226,-0.00330207,-0.0087723,-0.0216333,1.54882,0.0216333,0,0
998920078,0,-0.618922,-0.431389,0.376511,0.713835,0.00421838,-0.0112884,0.70021,-0.0152354,0.0249549,-0.00188184,-0.0097886,-0.0220254,1.55163,0.0226739,0,0
998950693,0,-0.619257,-0.432045,0.376518,0.71131,0.00453296,-0.0116771,0.702767,-0.0247557,0.00669904,-0.00853163,-0.0099667,-0.0229853,1.55883,0.0226739,0,0
998980776,0,-0.619444,-0.433147,0.376556,0.706167,0.0058915,-0.0100751,0.707949,-0.0258008,-0.00185732,0.00572126,-0.00594604,-0.022573,1.57338,0.0225569,0,0
999019256,0,-0.619265,-0.433936,0.376505,0.701117,0.00499611,-0.0111508,0.712942,-0.0269634,-0.00985565,-0.000877823,-0.0088964,-0.0227618,1.58762,0.0231223,0,0
999052379,0,-0.618542,-0.434878,0.376481,0.692589,0.00517921,-0.0110865,0.721229,-0.0288862,-0.0231287,0.000450058,-0.00882013,-0.0228296,1.61141,0.0231223,0,0
999081240,0,-0.618542,-0.434878,0.376481,0.692589,0.00517921,-0.0110865,0.721229,-0.0288862,-0.0231287,0.000450058,-0.00882013,-0.0228296,1.61141,0.0228919,0,0
999121809,0,-0.616293,-0.436992,0.376321,0.677234,0.00437645,-0.0121106,0.735655,-0.0276375,-0.0213823,0.00712658,-0.0118941,-0.0228446,1.65358,0.0228446,0,0
999152903,0,-0.616293,-0.436992,0.376321,0.677234,0.00437645,-0.0121106,0.735655,-0.0276375,-0.0213823,0.00712658,-0.0118941,-0.0228446,1.65358,0.0228446,0,0
999181620,0,-0.614858,-0.438234,0.376261,0.671411,0.00336951,-0.0129167,0.740965,-0.0300216,-0.027233,0.0118147,-0.0146212,-0.0223401,1.66937,0.0219239,0,0
999217089,0,-0.614005,-0.43912,0.376138,0.668908,0.00135814,-0.0149886,0.743193,-0.0241978,-0.0183056,-0.00990039,-0.0204682,-0.0220724,1.67614,0.0229771,0,0
999250975,0,-0.61526,-0.440092,0.376139,0.669424,0.00195104,-0.0147034,0.742733,-0.0145395,0.0727471,0.0159304,-0.0192353,-0.0225857,1.67475,0.0229771,0,0
999278972,0,-0.617714,-0.440803,0.376508,0.672349,0.00491911,-0.0114297,0.74013,-0.0167747,0.0650636,0.0138972,-0.0103071,-0.022653,1.66681,0.0222427,0,0
999324995,0,-0.619459,-0.441509,0.376695,0.676353,0.00583132,-0.010265,0.736483,-0.0172299,0.0505414,-0.00839442,-0.00723384,-0.0224768,1.65595,0.0222427,0,0
999353875,0,-0.621234,-0.442042,0.376579,0.683008,0.00494444,-0.0107669,0.730315,-0.00512022,0.0495724,0.00804778,-0.00897457,-0.0219315,1.63781,0.0222809,0,0
999381068,0,-0.622776,-0.442206,0.376594,0.689779,0.00343974,-0.0126486,0.723901,-0.00481823,0.0421773,-0.00525059,-0.0135712,-0.0224314,1.61921,0.021946,0,0
999419149,0,-0.625074,-0.442298,0.376414,0.698777,0.00144529,-0.0140836,0.715199,-0.00563684,0.0520966,-0.00258675,-0.0181306,-0.0217517,1.59422,0.0218619,0,0
999453050,0,-0.627316,-0.442309,0.376483,0.707878,0.00141604,-0.0139426,0.706196,0.00712701,0.0759578,0.00851488,-0.0176928,-0.0217411,1.56861,0.0218619,0,0
999481292,0,-0.627316,-0.442309,0.376483,0.707878,0.00141604,-0.0139426,0.706196,0.00712701,0.0759578,0.00851488,-0.0176928,-0.0217411,1.56861,0.0218034,0,0
999516729,0,-0.632637,-0.441823,0.376616,0.722524,0.00280739,-0.0122042,0.691232,-0.0052734,0.0616626,0.00678054,-0.0128184,-0.0215185,1.52667,0.0213126,0,0
999549972,0,-0.632637,-0.441823,0.376616,0.722524,0.00280739,-0.0122042,0.691232,-0.0052734,0.0616626,0.00678054,-0.0128184,-0.0215185,1.52667,0.0213126,0,0
999580666,0,-0.63462,-0.442027,0.376831,0.725525,0.00535146,-0.0103522,0.688097,-0.0110976,0.0642098,0.000903042,-0.00648304,-0.0223881,1.51793,0.0219133,0,0
999613072,0,-0.636521,-0.442703,0.376723,0.726941,0.005286,-0.0101834,0.686604,-0.0200436,0.0262998,0.000456558,-0.00630029,-0.022066,1.51381,0.0213846,0,0
999648500,0,-0.636859,-0.443293,0.376816,0.726038,0.00502469,-0.0100529,0.687563,-0.0188308,-0.00342997,0.00241233,-0.00652929,-0.0215087,1.51645,0.0213846,0,0
999681217,0,-0.636437,-0.444,0.376708,0.722276,0.00432694,-0.0115126,0.691495,-0.0213208,-0.0160273,-0.00144028,-0.00967401,-0.0226167,1.52737,0.0226167,0,0
999719462,0,-0.635699,-0.444866,0.376635,0.71724,0.00432262,-0.0120824,0.696708,-0.0317847,-0.0268504,-0.00245038,-0.0106382,-0.0233573,1.54188,0.0227969,0,0
999750560,0,-0.634793,-0.446164,0.376751,0.712608,0.00364013,-0.011802,0.701454,-0.0397809,-0.0288663,0.00511132,-0.0113721,-0.0219289,1.55515,0.0227969,0,0
999780774,0,-0.634319,-0.447456,0.376594,0.710358,0.000982995,-0.0136564,0.703707,-0.0250016,-0.00225742,-0.00478476,-0.0178285,-0.0207869,1.56157,0.0206506,0,0
999821024,0,-0.634238,-0.44817,0.376359,0.709734,-0.000245064,-0.015989,0.704288,-0.0146142,-0.00340192,0.00189623,-0.0228774,-0.0223526,1.56335,0.0223526,0,0
999850748,0,-0.634595,-0.448588,0.37625,0.710881,0.000213973,-0.0164991,0.703118,-0.00760225,0.0183699,-0.000200207,-0.0229059,-0.0237609,1.56009,0.0223526,0,0
999879717,0,-0.634595,-0.448588,0.37625,0.710881,0.000213973,-0.0164991,0.703118,-0.00760225,0.0183699,-0.000200207,-0.0229059,-0.0237609,1.56009,0.0243639,0,0
999919077,0,-0.636488,-0.449178,0.376297,0.715612,0.000566066,-0.0164647,0.698304,-0.0104368,0.0296379,0.00151678,-0.022193,-0.0243576,1.54659,0.0245805,0,0
999953339,0,-0.636488,-0.449178,0.376297,0.715612,0.000566066,-0.0164647,0.698304,-0.0104368,0.0296379,0.00151678,-0.022193,-0.0243576,1.54659,0.0245805,0,0
999983059,0,-0.637909,-0.449577,0.376466,0.717537,0.000671221,-0.0161897,0.696331,-0.0145281,0.0447762,0.00446132,-0.0215916,-0.0241706,1.54106,0.0238423,0,0
1000021349,0,-0.63935,-0.45034,0.376593,0.718483,0.00196292,-0.0141829,0.695397,-0.0199632,0.0443764,0.0102362,-0.0169102,-0.0231124,1.53834,0.0224935,0,0
1000053468,0,-0.64034,-0.451189,0.376776,0.718246,0.00234688,-0.0130553,0.695663,-0.0293139,0.0163428,-0.00219676,-0.0147971,-0.0220209,1.53902,0.0224935,0,0
1000078722,0,-0.641193,-0.452054,0.376836,0.717651,0.00306394,-0.0117355,0.696298,-0.018802,0.0296348,0.00641936,-0.011948,-0.0211123,1.54072,0.0211123,0,0
1000118985,0,-0.641684,-0.452684,0.376897,0.717583,0.00327257,-0.0124463,0.696354,-0.0140358,0.00410136,0.00409748,-0.012641,-0.0224222,1.54091,0.0225305,0,0
1000153790,0,-0.64191,-0.453381,0.376674,0.717373,0.00155795,-0.0142855,0.696541,-0.020549,0.00924109,-0.0037076,-0.017671,-0.0226683,1.54153,0.0225305,0,0
1000181168,0,-0.64191,-0.453381,0.376674,0.717373,0.00155795,-0.0142855,0.696541,-0.020549,0.00924109,-0.0037076,-0.017671,-0.0226683,1.54153,0.0225305,0,0
1000219817,0,-0.641515,-0.4546,0.376453,0.71657,-0.000478485,-0.0168447,0.697311,-0.0148747,0.00421613,0.00110765,-0.0241868,-0.0234757,1.54384,0.023646,0,0
1000253410,0,-0.641247,-0.455173,0.376277,0.71622,-0.000133523,-0.0169778,0.697668,-0.0131013,-0.00534043,0.0115975,-0.0238902,-0.0241357,1.54484,0.023646,0,0
1000282841,0,-0.641247,-0.455173,0.376277,0.71622,-0.000133523,-0.0169778,0.697668,-0.0131013,-0.00534043,0.0115975,-0.0238902,-0.0241357,1.54484,0.0210047,0,0
1000312495,0,-0.641247,-0.455173,0.376277,0.71622,-0.000133523,-0.0169778,0.697668,-0.0131013,-0.00534043,0.0115975,-0.0238902,-0.0241357,1.54484,0.0210047,0,0
